United States,,,,,,,,,,,,,,,,,,,,,,,,,,,,,,,,,,,,,,,,,,,,,,,,,,,,,,,,,,
Offense Type,,,,,,,,,,,,,,,,,,,,,,,,,,,,,,,,,,,,,,,,,,,,,,,,,,,,,,,,,,
"by Agency, 2012",,,,,,,,,,,,,,,,,,,,,,,,,,,,,,,,,,,,,,,,,,,,,,,,,,,,,,,,,,
State,Agency Type,Agency Name,Population1,Crimes Against Persons,,,,,,,,,,,,,,,,,Crimes Against Property,,,,,,,,,,,,,,,,,,,,,,,,,Crimes Against Society,,,,,,,,,,,,
,,,,"Assault
Offenses","Aggravated
Assault","Simple
Assault",Intimidation,"Homicide
Offenses",Murder and Nonnegligent Manslaughter,"Negligent
Manslaughter","Justifiable
Homicide","Kidnapping/
Abduction","Sex
Offenses",Rape,Sodomy,"Sexual
Assault
With An
Object",Fondling,"Sex
Offenses,
Nonforcible",Incest,"Statutory
Rape",Arson,Bribery,"Burglary/
Breaking &
Entering","Counter-
feiting/
Forgery","Destruction/
Damage/
Vandalism","Embezzle-
ment","Extortion/
Blackmail","Fraud
Offenses","False
Pretenses/
Swindle/
Confidence
Game","Credit Card/
Automated
Teller
Machine Fraud","Imperson-
ation","Welfare
Fraud","Wire
Fraud","Larceny-
Theft
Offenses","Pocket-
picking","Purse-
snatching","Shop-
lifting","Theft
From
Building","Theft
From
Coin-
operated
Machine","Theft
From
Motor
Vehicle","Theft of
Motor
Vehicle
Parts or
Accessories","All
Other
Larceny","Motor
Vehicle
Theft",Robbery,"Stolen
Property
Offenses ","Drug/
Narcotic
Offenses","Drug/
Narcotic
Violations","Drug
Equipment
Violations","Gambling
Offenses","Betting/
Wagering","Operating/
Promoting/
Assisting
Gambling","Gambling
Equipment
Violations","Sports
Tampering","Porno-
graphy/
Obscene
Material","Prost-
itution
Offenses","Prost-
itution","Assisting
or Pro-
moting
Prost-
itution","Weapon
Law
Violations"
ALABAMA,Cities,Hoover,"82,332",870,25,594,251,2,2,,,2,25,13,3,,9,,,,1,,391,55,280,70,,202,38,109,55,,,"1,718",10,2,550,410,4,418,127,197,88,46,29,495,339,156,,,,,,4,,,,26
ARIZONA,Cities,Apache Junction,"36,986",559,96,381,82,1,1,,,14,35,13,,,22,2,,2,1,,237,58,447,,1,162,52,62,48,,,725,,,193,12,1,52,52,415,68,21,28,308,152,156,,,,,,1,,,,25
,,Gilbert,"214,264","1,242",123,892,227,5,5,,,54,79,19,2,,58,16,,16,25,2,728,163,"2,303",20,4,486,130,150,206,,,"2,549",1,9,632,96,3,720,35,"1,053",171,59,100,"2,069",979,"1,090",,,,,,16,,,,75
,Metropolitan Counties,Yuma2,,555,94,376,85,26,26,,,17,39,8,,2,29,24,,24,10,3,363,26,542,,1,192,83,48,61,,,644,2,,34,,,8,4,596,75,10,24,437,208,229,,,,,,5,2,1,1,40
ARKANSAS,Cities,Alma,"5,439",197,11,108,78,,,,,1,4,3,,,1,,,,1,,99,15,97,,,13,1,10,2,,,265,,2,59,39,,39,,126,7,1,9,66,44,22,,,,,,1,,,,4
,,Arkadelphia,"10,698",274,35,178,61,5,5,,,4,7,5,2,,,,,,1,,106,19,97,,,34,16,15,3,,,340,,1,68,50,,34,3,184,7,3,2,44,37,7,,,,,,,,,,8
,,Ashdown,"4,680",72,14,57,1,,,,,1,5,4,,,1,1,,1,,,32,3,52,,,2,1,,1,,,126,,,28,7,,5,2,84,4,1,,32,26,6,,,,,,,,,,2
,,Atkins,"3,057",22,1,13,8,,,,,,,,,,,,,,,,30,6,14,,,3,,1,2,,,59,,1,4,10,1,4,,39,4,,2,3,3,,,,,,,,,,,
,,Austin,"2,076",14,2,10,2,,,,,,1,1,,,,,,,,,20,,10,,,1,,1,,,,29,,,1,2,,16,,10,,,,44,25,19,,,,,,,,,,2
,,Bald Knob,"2,950",71,12,29,30,,,,,,1,,,,1,,,,,,36,15,36,,,3,,3,,,,105,,1,5,17,3,14,1,64,10,1,15,25,20,5,,,,,,,,,,
,,Barling,"4,718",56,14,28,14,,,,,2,3,1,,,2,,,,,,12,3,9,,,12,,9,3,,,58,,,,15,,10,1,32,1,,8,259,140,119,,,,,,1,8,4,4,13
,,Bay,"1,845",15,2,8,5,,,,,,,,,,,,,,1,,12,,12,,,1,,1,,,,25,,,,2,,1,,22,,,3,20,14,6,,,,,,,,,,2
,,Bearden,961,12,2,6,4,,,,,,1,1,,,,,,,,,13,1,9,,,1,,1,,,,20,,,1,,,,1,18,1,1,,2,2,,,,,,,,,,,
,,Beebe,"7,449",242,32,109,101,,,,,,4,3,,1,,1,1,,1,,64,13,82,,,29,4,19,,,6,199,1,1,19,22,,16,1,139,13,,19,70,44,26,,,,,,,,,,10
,,Bella Vista,"27,310",93,23,36,34,1,1,,,3,7,1,2,,4,,,,,,90,18,81,,,18,5,11,2,,,171,,,1,59,1,34,2,74,3,,9,176,109,67,,,,,,,,,,9
,,Benton,"31,486",597,80,322,195,,,,,3,17,13,1,,3,3,,3,6,,228,136,328,,,108,8,94,5,,1,"1,070",3,3,126,59,1,234,107,537,90,23,24,258,166,92,,,,,,2,,,,20
,,Bentonville,"36,433",309,61,89,159,2,2,,,10,40,15,6,,19,1,1,,5,,154,37,203,2,,78,11,41,26,,,630,2,1,36,,,158,10,423,26,5,35,594,328,266,,,,,,4,7,7,,24
,,Berryville,"5,389",86,13,55,18,,,,,,15,8,6,,1,,,,,,68,16,18,,,11,1,7,3,,,191,,,27,1,1,1,,161,19,,,24,18,6,,,,,,,,,,2
,,Blytheville,"15,506",741,140,394,207,8,8,,,3,19,9,1,2,7,,,,2,,475,61,426,,,76,36,34,6,,,643,2,3,117,6,3,90,17,405,51,39,1,73,69,4,,,,,,,,,,33
,,Booneville,"3,993",71,10,46,15,,,,,3,3,2,,,1,,,,,,30,11,31,,,7,1,5,1,,,90,,,13,12,,5,1,59,3,1,6,36,22,14,,,,,,,,,,4
,,Bradford,774,29,2,14,13,,,,,,,,,,,,,,,,3,2,8,,,6,,3,3,,,16,,,1,,1,,1,13,1,,,6,2,4,,,,,,,,,,1
,,Brinkley,"3,171",32,18,14,,,,,,,2,2,,,,,,,2,,44,,23,,,,,,,,,76,,,2,,,,4,70,3,5,1,,,,,,,,,,,,,
,,Bryant,"17,129",170,,106,64,,,,,3,6,5,,,1,,,,,,179,61,134,,,107,42,65,,,,755,,,278,,,13,,464,34,11,23,115,81,34,,,,,,,,,,8
,,Bull Shoals,"1,947",16,4,11,1,,,,,,1,,,,1,,,,,,5,5,6,,,,,,,,,31,,1,10,5,,1,,14,,,1,17,9,8,,,,,,,,,,1
,,Cabot,"24,212",420,50,220,150,,,,,1,18,5,,,13,,,,1,,483,63,269,,,84,4,56,24,,,825,7,4,125,144,,256,13,276,48,6,44,136,83,53,,,,,,3,,,,13
,,Caddo Valley,632,19,5,11,3,,,,,,,,,,,,,,,,15,1,7,,,1,,1,,,,40,,,2,5,,1,,32,,1,2,26,24,2,,,,,,,,,,4
,,Camden,"12,118",334,60,171,103,1,1,,,,5,,1,2,2,1,,1,1,,178,68,160,,,14,7,7,,,,405,9,,84,17,,59,14,222,7,9,1,29,27,2,,,,,,,,,,6
,,Cammack Village,779,21,,11,10,,,,,,1,,,,1,,,,,,24,2,4,,,1,,,1,,,26,,,,5,,15,1,5,,,1,3,2,1,,,,,,,,,,1
,,Carlisle,"2,254",22,3,16,3,,,,,,1,1,,,,,,,,,24,7,5,,,2,1,1,,,,46,,,1,7,1,8,,29,1,2,9,6,4,2,,,,,,,,,,2
,,Cave City,"1,923",16,4,8,4,,,,,,,,,,,,,,,,9,5,4,,,5,,4,1,,,29,,,,12,,5,,12,,,1,2,2,,,,,,,,,,,
,,Cave Springs,"1,785",4,1,3,,,,,,,2,,,,2,,,,,,13,1,4,,,,,,,,,15,,,1,4,,,,10,,,,,,,,,,,,,,,,
,,Charleston,"2,492",24,2,14,8,,,,,,1,1,,,,,,,,,9,1,6,,,5,,5,,,,22,,,,2,,,,20,,1,,2,2,,,,,,,,,,,1
,,Cherokee Village,"4,735",30,3,27,,,,,,,1,1,,,,1,,1,1,,46,,51,,,15,11,3,1,,,99,,,1,,,1,,97,4,,3,26,16,10,,,,,,1,,,,1
,,Clarendon,"1,655",22,1,20,1,1,1,,,,,,,,,,,,,,7,,15,,,,,,,,,25,,,3,1,,3,,18,3,1,1,4,3,1,,,,,,,,,,
,,Clarksville,"9,286",215,13,151,51,,,,,,5,3,1,,1,,,,,,122,46,104,,,70,1,54,15,,,464,2,4,60,126,4,70,6,192,3,,13,49,38,11,,,,,,2,,,,6
,,Clinton,"2,580",9,,3,6,,,,,,,,,,,,,,,,16,6,2,,,9,,9,,,,41,,,3,16,,8,1,13,3,,,2,2,,,,,,,,,,,
,,Conway,"60,700","1,704",148,764,792,1,1,,,12,36,32,,1,3,2,,2,9,,417,160,793,,,310,124,181,5,,,"2,097",,,498,10,4,412,77,"1,096",105,79,52,733,569,164,,,,,,5,1,1,,50
,,Corning,"3,348",26,2,16,8,,,,,,,,,,,,,,,,22,3,16,,,3,,1,2,,,29,,,7,7,,1,,14,2,1,1,41,33,8,,,,,,,,,,2
,,Crossett,"5,487",79,13,61,5,1,1,,,,2,1,1,,,,,,4,,117,9,112,,,29,14,14,1,,,256,,,48,,,1,,207,5,6,2,28,27,1,,,,,,,,,,9
,,Danville,"2,405",19,1,14,4,1,,1,,,,,,,,,,,,,6,3,3,,,1,1,,,,,14,,,2,1,,4,,7,1,,1,12,12,,,,,,,,,,,1
,,Dardanelle,"4,738",112,19,64,29,,,,,,7,3,,,4,,,,,,98,18,38,,,19,9,8,2,,,102,,1,1,6,,9,,85,3,6,5,9,9,,,,,,,1,,,,3
,,Decatur,"1,752",19,4,6,9,,,,,1,5,,1,,4,,,,1,,19,,9,,,4,,,4,,,22,,1,,7,,3,1,10,3,,2,2,1,1,,,,,,,,,,
,,De Queen,"6,708",62,16,41,5,,,,,4,6,3,,,3,,,,1,,56,16,19,,,12,,12,,,,171,1,4,27,20,2,9,,108,2,1,7,59,34,25,,,,,,,,,,2
,,De Witt,"3,282",74,14,49,11,,,,,2,3,3,,,,,,,1,,32,9,37,,,6,2,4,,,,89,,,6,19,1,20,1,42,1,2,5,54,38,16,,,,,,,,,,10
,,Diaz,"1,313",22,3,16,3,,,,,,,,,,,,,,,,11,,5,,,,,,,,,13,1,,,5,,1,1,5,3,,1,2,2,,,,,,,,,,,
,,Dumas,"4,635",53,16,32,5,,,,,,3,3,,,,,,,1,,61,9,1,,,1,,1,,,,56,,,10,22,,12,1,11,9,5,1,12,11,1,,,,,,,,,,9
,,Earle,"2,405",57,10,18,29,,,,,,,,,,,,,,5,,41,1,37,,,3,1,,2,,,78,,,3,1,,1,,73,2,1,1,2,1,1,1,1,,,,,,,,1
,,El Dorado,"18,860",559,165,241,153,2,1,1,,3,10,2,,7,1,1,,1,7,,429,90,327,1,,69,36,32,1,,,691,,,78,1,,19,,593,35,29,,83,73,10,,,,,,,,,,13
,,Elkins,"2,718",14,2,8,4,,,,,1,1,,,,1,,,,,,4,2,3,,,,,,,,,13,,,3,5,,,,5,1,,,12,10,2,,,,,,,,,,
,,Eudora,"2,261",36,,7,29,,,,,,1,1,,,,,,,1,,1,,10,,,,,,,,,20,,,,2,,2,,16,,1,,,,,,,,,,,,,,
,,Eureka Springs,"2,082",49,1,35,13,,,,,,2,2,,,,,,,,,20,1,27,,,7,,7,,,,77,1,,5,8,,5,1,57,2,,,23,14,9,,,,,,,,,,
,,Fairfield Bay,"2,319",23,5,10,8,,,,,,,,,,,,,,1,,17,2,2,,,3,,1,2,,,34,,,,15,,4,4,11,,,3,3,3,,,,,,,,,,,
,,Farmington,"6,133",104,28,46,30,,,,,2,9,2,2,,5,,,,,,29,8,29,,,1,,1,,,,80,,,,29,,28,2,21,1,,1,26,20,6,,,,,,1,,,,3
,,Fayetteville,"75,387","1,631",289,"1,007",335,2,1,,1,32,71,59,,1,11,1,,1,7,,515,156,998,,2,303,102,161,40,,,"2,455",1,1,428,816,2,622,95,490,128,40,76,783,476,307,,,,,,22,6,4,2,40
,,Flippin,"1,354",33,3,17,13,,,,,,4,2,,,2,,,,,,20,1,18,,,1,,1,,,,61,,,14,14,,9,2,22,,1,1,113,97,16,,,,,,6,,,,1
,,Fordyce,"4,295",121,26,68,27,2,2,,,1,7,4,1,,2,,,,1,,69,11,21,,,6,1,5,,,,139,,,17,15,,14,1,92,7,7,2,13,12,1,,,,,,,,,,3
,,Forrest City,"15,295",677,74,387,216,4,4,,,3,17,6,,,11,2,,2,6,,355,61,458,2,,15,5,6,4,,,839,2,1,145,279,1,221,11,179,32,38,7,96,91,5,2,,1,,1,,,,,11
,,Fort Smith,"87,483","2,577",522,999,"1,056",5,5,,,31,144,70,10,,64,4,2,2,10,,"1,077",215,"1,309",,,495,272,174,47,2,,"3,640",4,,627,504,13,635,51,"1,806",196,95,29,"1,299",924,375,4,,1,3,,10,34,33,1,102
,,Gassville,"2,087",9,1,7,1,,,,,,2,2,,,,,,,,,5,2,2,,,,,,,,,27,,,3,8,,2,,14,1,,1,13,11,2,,,,,,,,,,1
,,Gentry,"3,260",32,4,13,15,,,,,,2,1,1,,,,,,,,8,1,2,,,5,,1,4,,,25,,,,3,,,2,20,3,,1,5,4,1,,,,,,,,,,
,,Glenwood,"2,228",24,1,15,8,,,,,,2,,,1,1,,,,,,21,6,9,,,7,,2,5,,,48,,,4,12,1,13,5,13,,,11,30,18,12,,,,,,,,,,1
,,Gravette,"2,400",35,6,19,10,,,,,,3,,1,,2,,,,,,6,11,15,,,1,,1,,,,42,,,3,5,1,4,,29,7,,2,32,20,12,,,,,,,,,,1
,,Green Forest,"2,779",57,15,26,16,,,,,,9,7,,,2,,,,,,34,10,36,,,3,,3,,,,78,,1,11,17,,12,4,33,2,2,,33,27,6,,,,,,,,,,4
,,Greenland,"1,292",21,5,13,3,,,,,,2,,2,,,,,,,,9,,8,,,5,5,,,,,18,,,,3,,2,,13,2,,,16,9,7,,,,,,,,,,1
,,Greenwood,"9,086",89,19,40,30,,,,,,1,,,,1,1,1,,,,38,10,9,,,5,2,,3,,,59,,,1,6,,9,3,40,1,,3,42,29,13,,,,,,,,,,5
,,Greers Ferry,892,11,1,5,5,,,,,,,,,,,,,,,,8,,14,,,1,,1,,,,25,,,,11,,5,2,7,,,1,7,4,3,,,,,,,,,,1
,,Gurdon,"2,205",54,13,27,14,,,,,,1,1,,,,,,,,,17,10,18,,,1,,1,,,,25,,,4,6,,7,,8,3,,1,3,3,,,,,,,,,,,2
,,Guy,732,6,3,2,1,,,,,,,,,,,,,,,,8,2,1,,,,,,,,,13,,,,1,,,,12,2,,1,5,5,,,,,,,,,,,1
,,Hamburg,"2,883",48,14,31,3,1,1,,,,,,,,,,,,1,,16,,12,,,6,,4,2,,,37,,,4,,,,,33,,1,,7,7,,,,,,,,,,,4
,,Hampton,"1,273",20,6,12,2,1,1,,,1,2,1,,,1,,,,,,5,2,11,,,1,,1,,,,20,,,,1,,2,1,16,2,,1,8,7,1,,,,,,,,,,2
,,Hardy,780,12,2,10,,,,,,,3,2,1,,,,,,,,15,,7,,,2,,,2,,,40,,2,,2,,2,,34,3,1,2,7,6,1,,,,,,,,,,
,,Harrisburg,"2,292",49,7,33,9,,,,,2,1,1,,,,,,,1,,45,11,37,,,1,1,,,,,82,,,12,6,,14,,50,3,1,5,15,12,3,,,,,,,,,,
,,Harrison,"13,043",300,47,182,71,2,1,1,,5,17,11,1,,5,,,,6,,159,49,175,,,89,58,30,1,,,608,,5,139,51,,41,5,367,29,1,29,278,152,126,1,1,,,,6,1,1,,32
,,Heber Springs,"7,173",196,12,110,74,,,,,,7,7,,,,,,,,,104,31,93,,,16,3,11,2,,,176,,,20,28,1,29,6,92,11,,41,67,44,23,,,,,,1,,,,3
,,Helena-West Helena,"12,152",627,130,354,143,1,1,,,7,11,8,1,1,1,1,1,,11,,475,23,433,,,39,2,19,18,,,542,4,10,123,80,1,30,7,287,31,26,70,163,149,14,,,,,,1,,,,61
,,Highland,"1,056",13,4,8,1,,,,,,,,,,,,,,1,,10,2,2,,,,,,,,,12,,,5,3,,,1,3,,,2,15,15,,,,,,,,,,,1
,,Hope,"10,103",384,72,261,51,1,1,,,,25,11,1,,13,1,,1,4,,229,58,172,,,28,9,14,,5,,426,3,7,79,28,1,59,17,232,26,13,3,38,36,2,,,,,,,,,,6
,,Horseshoe Bend,"2,146",15,2,3,10,,,,,,1,1,,,,,,,,,16,2,7,,,,,,,,,30,,1,2,7,,3,,17,1,,,10,9,1,,,,,,,,,,1
,,Hot Springs,"35,722",601,90,447,64,11,9,2,,1,20,10,,1,9,4,,4,2,,618,112,551,6,,142,53,63,17,1,8,"2,336",,5,533,17,1,432,33,"1,315",115,55,,190,131,59,,,,,,,18,18,,37
,,Jacksonville,"28,733","1,201",193,612,396,2,2,,,2,34,23,3,,8,1,,1,4,,346,89,735,11,1,140,68,60,12,,,"1,276",,1,392,368,8,194,67,246,72,34,55,564,358,206,,,,,,1,,,,57
,,Jonesboro,"68,807","1,334",192,455,687,4,4,,,15,47,21,2,3,21,1,1,,12,,"1,174",222,923,,,305,74,223,7,,1,"2,899",9,9,501,568,4,406,21,"1,381",114,79,123,876,656,220,,,,,,7,,,,54
,,Kensett,"1,678",34,4,21,9,,,,,,2,1,,,1,,,,,,9,,19,,,3,,3,,,,26,,,1,6,,1,1,17,4,,,7,5,2,,,,,,,,,,1
,,Lakeview,745,4,2,1,1,,,,,1,,,,,,,,,,,,,4,,,3,1,1,1,,,5,,,1,2,,,,2,,,,5,3,2,,,,,,,,,,1
,,Lake Village,"2,567",110,52,25,33,,,,,1,1,1,,,,,,,1,,38,2,42,,,12,3,9,,,,93,1,,9,13,,12,,58,2,7,9,23,21,2,,,,,,,,,,11
,,Lepanto,"1,895",27,6,21,,,,,,1,3,2,,,1,,,,1,,24,,12,,,5,1,2,2,,,54,,,7,3,1,7,2,34,1,,6,15,10,5,,,,,,,,,,
,,Lewisville,"1,272",6,2,1,3,,,,,,1,,1,,,,,,,,10,1,5,,,1,,1,,,,23,,,1,,1,1,,20,,,,6,4,2,,,,,,,,,,1
,,Lincoln,"2,308",20,,17,3,,,,,1,,,,,,,,,,,18,2,7,,,1,,1,,,,30,,,1,8,,3,3,15,,,,7,5,2,,,,,,,,,,
,,Little Flock,"2,667",29,4,5,20,,,,,,3,1,1,,1,,,,,,4,1,8,,,4,2,2,,,,21,,,,8,,2,,11,3,,2,7,4,3,,,,,,,6,6,,2
,,Little Rock,"196,055","10,888","1,632","6,175","3,081",45,45,,,53,149,140,9,,,,,,87,,"4,226",411,"1,213",1,,877,28,644,197,,8,"10,556",,4,"1,980",54,2,"2,935",164,"5,417","1,133",814,169,"1,051",629,422,3,,1,2,,3,219,171,48,240
,,Lonoke,"4,319",133,16,76,41,,,,,1,1,,,,1,,,,2,,40,19,55,,,10,1,9,,,,176,,,1,15,,9,1,150,3,2,4,54,35,19,,,,,,1,,,,7
,,Lowell,"7,565",62,10,28,24,,,,,3,2,,,,2,,,,1,,55,5,59,,,8,2,6,,,,176,,1,5,33,,24,6,107,13,1,1,45,26,19,,,,,,1,,,,6
,,Luxora,"1,169",7,2,2,3,,,,,,,,,,,,,,,,2,,7,,,,,,,,,4,,,,,,,,4,,,,,,,,,,,,,,,,
,,Magnolia,"11,554",118,20,94,4,,,,,1,3,3,,,,1,,1,1,,157,34,49,1,,31,17,6,8,,,245,2,,36,45,3,34,5,120,24,4,2,47,40,7,,,,,,1,,,,5
,,Marianna,"4,084",63,1,60,2,,,,,,,,,,,,,,2,,69,2,4,,,1,,1,,,,112,,1,13,7,,4,1,86,9,6,,4,4,,,,,,,,,,,3
,,Marion,"12,300",406,48,192,166,,,,,7,9,5,1,,3,1,1,,5,,178,9,154,,,39,24,12,3,,,388,,1,23,36,1,59,4,264,23,10,8,66,48,18,,,,,,3,,,,17
,,Marmaduke,"1,132",30,13,10,7,,,,,,2,1,,,1,,,,,,21,4,10,,,,,,,,,49,,,4,14,,6,2,23,1,,,17,14,3,,,,,,,1,1,,
,,Maumelle,"17,391",178,21,98,59,1,1,,,1,3,1,1,1,,,,,3,,52,15,81,,,29,8,17,4,,,318,1,1,25,6,,129,23,133,8,5,14,229,138,91,1,,1,,,,,,,8
,,Mayflower,"2,307",29,2,13,14,,,,,,2,1,,,1,,,,,,24,2,6,,,10,,7,3,,,56,1,,7,19,,5,,24,6,1,3,48,29,19,,,,,,,,,,4
,,McGehee,"4,157",130,22,66,42,,,,,5,4,3,,,1,,,,2,,47,7,75,,,19,2,16,1,,,135,,3,14,80,,6,5,27,5,3,2,14,10,4,,,,,,,,,,6
,,McRae,696,20,1,8,11,,,,,,2,,,,2,,,,,,13,,8,,,1,,,1,,,27,,,1,7,,10,2,7,,,,,,,,,,,,,,,,
,,Mena,"5,745",147,9,77,61,1,1,,,4,8,5,1,,2,,,,2,,109,29,51,,,8,1,4,3,,,313,,,40,77,2,40,4,150,10,2,13,33,20,13,,,,,,1,,,,4
,,Mineral Springs,"1,221",13,2,9,2,,,,,,,,,,,,,,,,10,,7,,,1,,1,,,,8,,,,1,,,1,6,1,,,5,5,,,,,,,,,,,2
,,Monticello,"9,482",162,31,101,30,,,,,4,4,3,1,,,,,,,,111,24,122,,,34,4,11,19,,,335,3,2,82,22,,45,5,176,7,4,1,69,62,7,,,,,,,,,,21
,,Morrilton,"6,792",239,17,113,109,,,,,3,8,2,,,6,,,,,,36,11,97,,,28,1,13,14,,,298,2,1,55,79,1,36,8,116,6,,8,193,148,45,,,,,,1,,,,14
,,Mountain Home,"12,501",133,1,94,38,,,,,,15,6,,8,1,,,,,,32,27,133,,,48,35,13,,,,615,6,,109,3,,90,1,406,12,,2,188,138,50,,,,,,,,,,3
,,Mountain View,"2,804",55,8,26,21,,,,,,4,4,,,,,,,1,,22,6,24,,,8,3,4,1,,,82,1,2,8,11,2,5,1,52,3,,1,32,27,5,,,,,,1,,,,4
,,Mulberry,"1,660",68,6,50,12,,,,,1,4,2,,,2,,,,,,34,2,12,,,4,,4,,,,60,,,3,,,,,57,,1,,8,5,3,,,,,,,,,,1
,,Murfreesboro,"1,644",9,2,7,,,,,,,1,,,1,,,,,,,,1,2,,,1,1,,,,,10,,,5,,,,,5,,,,53,33,20,,,,,,,,,,4
,,Nashville,"4,678",35,16,6,13,,,,,,5,2,,,3,,,,,,66,24,30,,,16,2,13,1,,,245,,1,50,6,,15,,173,1,1,7,58,44,14,,,,,,,,,,9
,,Newport,"7,862",281,3,196,82,,,,,,11,5,6,,,2,,2,3,,154,35,193,,,11,,11,,,,469,,,17,,,,,452,19,13,,74,57,17,,,,,,,,,,19
,,North Little Rock,"63,125","1,781",274,997,510,9,8,1,,11,14,9,1,,4,6,,6,10,,"1,188",181,"1,419",12,,287,48,211,25,2,1,"3,925",13,17,863,429,9,"1,120",180,"1,294",369,179,176,694,529,165,,,,,,,2,2,,162
,,Osceola,"7,702",224,88,51,85,,,,,2,10,9,,,1,2,1,1,4,,195,19,202,,,30,7,12,11,,,288,1,1,45,19,4,35,8,175,10,5,1,71,56,15,,,,,,,,,,9
,,Ozark,"3,683",135,13,61,61,,,,,,12,5,1,1,5,,,,,,46,17,53,,,29,2,22,5,,,152,,,2,43,,9,4,94,4,1,5,39,28,11,,,,,,,,,,2
,,Pangburn,611,14,,4,10,,,,,,,,,,,,,,,,8,4,2,,,1,,1,,,,21,,,1,6,,1,,13,1,,,6,6,,,,,,,,,,,
,,Paragould,"26,602",974,61,656,257,4,2,2,,2,30,10,8,,12,7,,7,6,,580,82,623,,,89,34,53,,,2,"1,456",,,194,,,,,"1,262",88,16,10,122,92,30,,,,,,1,1,,1,23
,,Paris,"3,535",65,6,27,32,,,,,,1,,,,1,,,,,,75,13,27,,,7,3,3,1,,,130,,2,6,25,,20,2,75,7,,10,37,22,15,,,,,,,,,,4
,,Parkin,"1,103",21,8,5,8,,,,,,,,,,,,,,2,,23,,9,,,3,1,,2,,,18,,,,,,,,18,,,,34,22,12,,,,,,,,,,4
,,Pea Ridge,"4,948",93,22,18,53,,,,,1,5,1,,3,1,,,,1,,36,7,43,,,8,1,6,1,,,67,,,1,7,,5,,54,2,1,6,46,27,19,,,,,,,1,1,,4
,,Perryville,"1,461",21,1,13,7,,,,,,,,,,,,,,,,3,1,7,,,1,1,,,,,27,,,2,5,,5,1,14,1,,,1,1,,,,,,,,,,,1
,,Piggott,"3,813",26,4,13,9,,,,,,,,,,,,,,1,,40,6,41,,,4,2,2,,,,67,,,1,14,1,24,1,26,,,2,14,8,6,,,,,,,,,,1
,,Pine Bluff,"48,522","2,772",445,"1,557",770,16,14,1,1,7,52,33,7,1,11,12,1,11,39,,"1,121",107,"2,431",,,361,119,204,38,,,"3,003",,,359,,5,191,,"2,448",184,136,72,306,235,71,,,,,,1,1,1,,93
,,Plummerville,830,23,9,14,,,,,,2,3,2,1,,,,,,,,3,4,5,,,5,,2,3,,,8,,,3,2,,,,3,,,1,12,6,6,,,,,,1,,,,2
,,Pocahontas,"6,650",19,4,11,4,,,,,,,,,,,,,,,,2,,,,,1,,,1,,,6,,,3,,,,,3,,,,25,22,3,,,,,,,,,,2
,,Pottsville,"2,877",21,5,14,2,,,,,1,1,1,,,,,,,,,29,1,6,,,2,,1,1,,,14,,1,,8,,1,,4,1,,1,5,2,3,,,,,,1,,,,
,,Prairie Grove,"4,497",65,9,40,16,5,1,4,,2,2,,,,2,,,,,,13,6,14,,,7,2,,5,,,71,,1,10,3,,3,1,53,2,,1,54,32,22,,,,,,,,,,2
,,Prescott,"3,317",67,12,51,4,,,,,,6,1,,,5,,,,4,,42,6,26,,,6,3,2,,,1,111,,1,33,24,,13,3,37,1,4,2,12,12,,,,,,,,,,,2
,,Quitman,764,20,,7,13,,,,,,,,,,,,,,1,,1,4,6,,,,,,,,,21,,1,,5,,2,1,12,1,,,14,11,3,,,,,,,,,,2
,,Redfield,"1,280",10,1,6,3,,,,,,,,,,,,,,,,14,1,13,,,4,,4,,,,28,,,2,2,,4,,20,4,,1,14,11,3,,,,,,,,,,
,,Rison,"1,349",10,1,8,1,,,,,,,,,,,,,,,,23,1,10,,,,,,,,,23,,,,8,,5,2,8,1,1,,,,,,,,,,,,,,
,,Rogers,"57,757",539,148,241,150,,,,,7,98,45,7,2,44,,,,5,,321,99,404,27,,245,65,104,76,,,"1,734",2,2,461,,2,288,2,977,53,11,19,381,240,141,,,,,,6,,,,19
,,Russellville,"28,267",384,70,274,40,,,,,3,24,19,2,,3,,,,3,,264,41,387,3,,114,1,90,23,,,"1,013",,,174,,1,35,,803,61,6,14,280,172,108,,,,,,1,,,,21
,,Sheridan,"4,655",106,16,40,50,2,1,,1,,5,1,3,1,,,,,,,55,8,19,,,13,3,10,,,,111,,,16,16,,19,1,59,3,1,5,11,7,4,,,,,,,,,,1
,,Sherwood,"29,914",538,110,287,141,,,,,2,13,3,1,,9,,,,3,,156,77,163,,,185,73,106,6,,,827,,4,108,11,5,115,21,563,48,12,33,316,311,5,,,,,,,,,,68
,,Siloam Springs,"15,497",269,35,154,80,,,,,2,19,10,3,,6,,,,3,,109,44,66,,,29,10,19,,,,358,2,2,107,78,1,38,10,120,19,4,11,102,63,39,,,,,,1,,,,11
,,Springdale,"71,668","1,615",244,780,591,2,1,1,,20,156,59,19,8,70,10,,10,16,,461,186,"1,013",,,268,134,96,38,,,"2,092",2,,412,,8,352,171,"1,147",146,30,50,596,347,249,,,,,,9,2,1,1,50
,,Stamps,"1,671",28,1,21,6,,,,,,1,1,,,,,,,1,,20,2,13,,,2,,,2,,,18,,,1,2,,2,1,12,,,1,6,6,,,,,,,,,,,1
,,Star City,"2,258",25,3,20,2,,,,,,1,1,,,,,,,,,13,3,2,,,1,1,,,,,15,,,1,5,1,,1,7,,1,,9,4,5,,,,,,,,,,1
,,Swifton,794,2,,2,,,,,,,,,,,,,,,,,,,,,,,,,,,,1,,,,,,,,1,,,,17,13,4,,,,,,,,,,1
,,Texarkana,"30,231","1,673",343,732,598,1,1,,,7,10,3,3,2,2,6,2,4,2,,439,60,456,1,,96,36,57,1,2,,"1,527",,,419,13,1,261,2,831,98,46,32,231,171,60,5,,5,,,,1,1,,33
,,Trumann,"7,250",168,38,82,48,2,2,,,1,12,10,,,2,,,,2,,135,35,150,,,23,9,13,1,,,396,,4,11,44,,21,2,314,9,6,22,188,127,61,,,,,,,,,,6
,,Van Buren,"22,877",440,50,292,98,1,1,,,1,20,13,,1,6,,,,,,190,53,175,5,,42,23,18,,,1,555,,,105,21,1,41,23,364,33,6,15,210,146,64,,,,,,8,2,2,,8
,,Vilonia,"3,939",41,3,31,7,,,,,,4,2,2,,,1,1,,,,35,7,22,,,20,1,18,1,,,62,,,2,18,1,3,,38,1,,7,110,61,49,,,,,,,,,,10
,,Waldron,"3,644",127,5,88,34,,,,,,6,4,1,,1,,,,1,,84,14,77,,,10,2,4,4,,,178,,1,25,5,,2,,145,8,1,11,64,46,18,,,,,,,,,,4
,,Walnut Ridge,"4,842",32,7,21,4,,,,,1,4,2,,,2,,,,,,20,4,17,,,2,1,1,,,,66,1,2,15,11,,9,2,26,1,1,2,8,5,3,,,,,,,,,,
,,Ward,"4,143",109,17,60,32,,,,,3,5,3,,,2,,,,1,,65,4,50,,,11,2,8,1,,,125,,1,4,12,,18,3,87,6,3,5,74,44,30,,,,,,,,,,5
,,Warren,"6,013",51,17,26,8,1,1,,,,2,1,,,1,,,,1,,114,4,31,,,13,9,4,,,,56,,,17,6,,1,1,31,4,9,5,7,7,,,,,,,,,,,6
,,West Fork,"2,385",32,4,10,18,,,,,,5,4,,,1,,,,1,,29,2,10,,,4,,4,,,,43,2,1,1,10,,16,,13,1,,4,17,8,9,,,,,,,,,,4
,,West Memphis,"26,153","1,413",487,613,313,6,6,,,20,57,30,6,2,19,,,,16,,"1,102",195,710,,,107,10,93,4,,,"1,768",,3,5,144,3,281,57,"1,275",147,137,75,469,370,99,,,,,,2,2,2,,107
,,White Hall,"5,456",26,5,16,5,,,,,,2,,,,2,,,,,,33,13,24,,,9,,9,,,,90,1,,3,11,,15,2,58,7,,1,17,16,1,,,,,,,,,,2
,Universities and Colleges,"Arkansas State University, Jonesboro","13,900",30,4,11,15,,,,,1,,,,,,,,,,,19,1,35,,,9,,9,,,,126,,,,38,,9,3,76,1,1,3,12,11,1,,,,,,,,,,1
,,Arkansas Tech University,"10,464",10,1,2,7,,,,,,1,1,,,,,,,,,37,,7,,,,,,,,,103,,,,48,,18,1,36,,1,1,8,4,4,,,,,,,,,,
,,Henderson State University,"3,774",18,2,9,7,,,,,,2,2,,,,,,,,,13,1,16,,,,,,,,,56,,,,16,,4,2,34,1,,,3,3,,,,,,,,,,,
,,University of Arkansas:,,,,,,,,,,,,,,,,,,,,,,,,,,,,,,,,,,,,,,,,,,,,,,,,,,,,,,,,
,,Fayetteville,"23,199",54,6,22,26,,,,,3,4,4,,,,,,,1,,43,2,70,,,4,,4,,,,166,1,,13,52,1,29,8,62,12,3,3,155,84,71,,,,,,,,,,5
,,Little Rock,"13,068",48,7,22,19,,,,,,,,,,,,,,,,39,5,24,,,4,,4,,,,135,,1,11,66,,16,4,37,3,4,12,121,95,26,,,,,,,,,,15
,,Medical Sciences,"2,819",22,6,7,9,,,,,,,,,,,,,,,,3,1,22,,,,,,,,,171,4,2,5,80,,21,7,52,4,1,,8,4,4,,,,,,,,,,
,,Monticello,"3,920",15,,10,5,,,,,,,,,,,,,,,,6,,6,,,1,,1,,,,40,,,,14,,2,1,23,1,,,9,8,1,,,,,,,,,,
,,University of Central Arkansas,"11,163",31,2,9,20,,,,,,5,4,1,,,,,,,,67,,58,,,8,,8,,,,146,2,,,79,,28,,37,2,1,6,45,28,17,,,,,,1,,,,5
,Metropolitan Counties,Benton,,334,136,172,26,,,,,2,45,31,7,1,6,4,,4,5,,267,28,159,,,13,4,5,3,1,,505,,,1,9,,7,6,482,31,3,6,410,277,133,,,,,,3,,,,24
,,Cleveland,,21,5,13,3,,,,,,1,,,,1,,,,,,48,1,12,,,,,,,,,81,,,,7,,1,1,72,8,,,7,4,3,,,,,,,,,,3
,,Craighead,,101,6,47,48,,,,,1,8,3,,1,4,,,,3,,136,4,55,,,13,6,6,1,,,208,,,1,57,,26,8,116,6,,16,61,44,17,,,,,,,,,,6
,,Crawford,,266,95,165,6,,,,,1,17,5,,,12,,,,,,122,4,89,,,36,1,32,,,3,248,1,2,,49,,18,8,170,23,,,27,24,3,,,,,,,,,,3
,,Crittenden,,527,121,247,159,3,2,1,,2,9,2,6,,1,,,,2,,184,10,173,,,15,3,4,4,4,,330,,,3,78,,29,22,198,27,17,25,78,64,14,1,1,,,,2,,,,14
,,Grant,,112,34,51,27,,,,,,2,2,,,,,,,4,,82,3,61,,,4,,3,1,,,153,,1,,28,,8,6,110,18,2,7,27,16,11,,,,,,,,,,8
,,Jefferson,,322,57,159,106,,,,,,22,10,6,,6,,,,4,,222,26,163,,,21,11,6,4,,,250,,,3,42,,23,8,174,59,4,260,68,49,19,,,,,,3,,,,32
,,Lincoln,,29,7,19,3,,,,,,3,2,,1,,,,,,,64,6,28,,,5,1,4,,,,85,,,,22,1,8,4,50,8,2,8,15,11,4,,,,,,,,,,4
,,Madison,,104,38,53,13,,,,,,10,9,,,1,,,,3,,47,6,47,,,3,,1,2,,,107,,,3,27,,9,7,61,8,,13,98,49,49,,,,,,3,,,,17
,,Miller,,97,15,68,14,,,,,2,9,7,,,2,,,,4,,51,12,23,,,8,5,2,1,,,146,1,1,2,44,,18,7,73,27,,,35,30,5,,,,,,,,,,2
,,Poinsett,,141,4,72,65,,,,,1,13,10,,,3,,,,1,,9,1,56,,,1,,1,,,,3,,,,,,,,3,3,,,27,27,,,,,,,,,,,2
,,Pulaski,,"1,408",283,567,558,5,5,,,12,11,8,,,3,12,1,11,23,,802,49,559,5,,103,21,82,,,,"1,139",1,,42,3,,7,30,"1,056",195,21,111,508,302,206,,,,,,6,6,3,3,76
,,Sebastian,,166,47,90,29,1,1,,,3,13,7,2,,4,,,,2,,149,10,136,,,51,21,23,7,,,258,3,,,47,,31,10,167,15,2,25,217,129,88,,,,,,,1,,1,14
,,Washington,,724,170,236,318,4,4,,,5,42,14,6,,22,6,,6,6,,221,31,223,3,,69,43,19,5,,2,430,,,4,7,,56,12,351,42,,7,352,172,180,,,,,,2,,,,18
,Nonmetropolitan Counties,Arkansas,,34,9,22,3,,,,,,1,,1,,,,,,,,19,2,28,,,,,,,,,75,,,,13,,4,1,57,8,,5,4,3,1,,,,,,,,,,2
,,Ashley,,59,12,45,2,1,1,,,2,2,2,,,,,,,4,,67,3,31,,,5,3,2,,,,123,,,,2,,1,,120,11,1,,26,24,2,,,,,,,,,,4
,,Baxter,,226,24,150,52,3,3,,,,11,5,,6,,1,,1,1,,162,7,152,,,38,29,9,,,,480,,,8,,,10,2,460,31,3,1,35,26,9,,,,,,2,,,,4
,,Boone,,331,61,211,59,,,,,2,35,10,15,2,8,3,,3,3,,135,10,128,,,36,9,22,5,,,323,,,6,44,,13,15,245,24,2,2,102,60,42,,,,,,4,,,,14
,,Carroll,,91,16,52,23,1,1,,,,4,1,,,3,2,,2,1,,49,6,27,,,14,4,7,1,,2,169,,,1,63,,14,2,89,32,,,43,27,16,,,,,,,,,,
,,Chicot,,22,2,11,9,,,,,,,,,,,,,,,,24,1,21,,,3,1,1,1,,,72,,,,,,,,72,,,,1,1,,,,,,,,,,,
,,Clark,,77,14,51,12,,,,,1,3,2,,,1,,,,,,42,8,33,,,6,4,2,,,,114,,,1,14,,6,2,91,6,,3,10,10,,,,,,,,,,,1
,,Clay,,20,5,7,8,,,,,1,3,2,,,1,,,,2,,30,2,12,,,3,,2,1,,,59,,,,26,,,1,32,1,,4,55,34,21,,,,,,1,,,,8
,,Cleburne,,240,33,109,98,1,,1,,2,7,7,,,,,,,8,,195,7,241,,,15,,12,2,1,,462,,,,123,,43,14,282,42,3,10,26,13,13,,,,,,1,,,,3
,,Columbia,,39,17,16,6,,,,,,,,,,,,,,,,34,1,25,,,4,,1,1,,2,58,,,,3,,6,1,48,9,,,5,3,2,,,,,,,,,,1
,,Conway,,230,23,111,96,1,,1,,5,13,3,3,1,6,,,,10,,72,16,65,,,21,1,11,9,,,223,4,,1,87,,17,6,108,29,,12,83,59,24,,,,,,,,,,14
,,Cross,,58,34,22,2,,,,,1,4,3,1,,,,,,3,,20,4,50,,,1,1,,,,,29,,,1,1,,4,,23,2,,,48,42,6,,,,,,,,,,2
,,Dallas,,2,1,1,,,,,,,1,1,,,,,,,,,8,,4,,,4,2,,,2,,23,,,,,,,,23,,,,3,3,,,,,,,,,,,3
,,Drew,,73,23,43,7,1,1,,,2,8,5,,,3,,,,2,,34,2,31,,,4,1,3,,,,101,1,2,,29,,10,3,56,15,1,6,22,16,6,,,,,,,,,,5
,,Franklin,,161,31,78,52,2,2,,,54,3,2,,,1,,,,3,,44,7,59,,,32,4,21,7,,,169,,,1,5,,15,5,143,17,,10,27,16,11,,,,,,1,,,,8
,,Fulton,,85,12,55,18,,,,,2,2,2,,,,,,,1,,7,2,38,,,2,,,2,,,118,,,,44,1,13,5,55,10,1,4,32,24,8,,,,,,1,,,,3
,,Greene,,101,13,59,29,,,,,,5,5,,,,,,,1,,85,9,59,,,14,4,6,4,,,198,,1,4,37,2,11,7,136,6,1,16,48,46,2,,,,,,1,,,,11
,,Hempstead,,299,43,194,62,1,1,,,1,7,5,,,2,,,,2,,101,1,108,,,20,8,9,3,,,193,64,,,,,1,,128,22,,,14,13,1,,,,,,,,,,3
,,Howard,,47,12,28,7,,,,,2,4,3,,1,,,,,,,28,4,26,,,5,1,2,2,,,70,,,,,,,,70,,,1,68,54,14,,,,,,,,,,10
,,Independence,,712,171,229,312,1,,1,,8,35,21,2,3,9,,,,25,,598,108,360,,,129,5,108,16,,,"1,347",,1,106,120,1,39,6,"1,074",123,16,21,177,114,63,1,,1,,,4,1,1,,31
,,Izard,,82,16,48,18,,,,,,14,7,1,,6,,,,5,,132,12,68,,,5,1,2,2,,,271,,,4,55,1,14,6,191,12,1,12,26,19,7,,,,,,,,,,2
,,Jackson,,150,27,67,56,1,,1,,2,5,5,,,,,,,4,,55,9,74,,,5,3,1,1,,,151,,,1,23,1,9,7,110,26,1,11,30,20,10,,,,,,,,,,6
,,Johnson,,124,25,87,12,4,2,2,,,7,5,1,,1,,,,3,,138,38,94,,,61,1,59,1,,,47,,,,5,,6,2,34,8,1,3,39,29,10,,,,,,1,,,,12
,,Logan,,106,20,46,40,,,,,2,11,10,1,,,4,1,3,1,,91,10,55,,,25,16,9,,,,166,,,,151,,2,1,12,22,,,26,16,10,,,,,,1,,,,5
,,Marion,,119,40,66,13,,,,,1,6,4,1,,1,,,,1,,91,5,54,,,9,4,5,,,,174,,,5,80,1,11,,77,6,,8,74,62,12,,,,,,4,,,,8
,,Mississippi,,220,15,146,59,,,,,,7,1,1,4,1,1,,1,,,96,7,88,,,21,9,10,2,,,310,,,2,27,,15,6,260,45,2,3,53,42,11,,,,,,,,,,13
,,Monroe,,1,,1,,,,,,,1,1,,,,,,,,,5,,9,,,,,,,,,49,,,,,,,,49,,,,,,,,,,,,,,,,
,,Nevada,,13,2,9,2,,,,,1,,,,,,,,,1,,19,,2,,,2,2,,,,,34,,,,7,,8,,19,3,,,4,4,,,,,,,,,,,
,,Ouachita,,32,13,16,3,1,1,,,,1,,,,1,2,,2,2,,49,1,6,,,3,1,2,,,,44,,,,,,,,44,,1,,,,,,,,,,,,,,2
,,Pike,,36,7,25,4,1,,1,,,2,1,,,1,,,,,,13,1,7,,,4,1,3,,,,17,,,,9,,1,,7,5,1,4,29,19,10,,,,,,,,,,7
,,Polk,,162,37,78,47,1,,1,,6,4,4,,,,,,,5,,87,16,76,,,10,4,5,1,,,157,,,1,47,,17,9,83,5,1,9,39,26,13,,,,,,4,,,,17
,,Pope,,222,43,97,82,1,1,,,,13,7,1,2,3,2,,2,,,151,2,106,,,41,8,15,18,,,304,1,,,95,,25,6,177,36,,,8,6,2,,,,,,,,,,4
,,Prairie,,,,,,,,,,,,,,,,,,,,,9,,11,,,,,,,,,117,,,,,,,,117,,,,,,,,,,,,,,,,
,,Randolph,,29,1,28,,,,,,,,,,,,,,,2,,37,1,7,,,1,,1,,,,13,,,,2,,,,11,,,,8,4,4,,,,,,,,,,
,,Searcy,,51,11,31,9,,,,,,1,1,,,,,,,1,,18,,10,,,,,,,,,27,,,,9,,2,,16,3,,1,23,14,9,,,,,,,,,,4
,,Sevier,,66,10,55,1,,,,,,3,1,1,,1,,,,,,67,4,46,,,14,7,5,,2,,137,1,,4,23,,19,4,86,14,,1,24,15,9,,,,,,,,,,4
,,St. Francis,,161,10,104,47,1,,1,,,1,1,,,,,,,3,,96,2,49,,,9,7,2,,,,270,,,2,13,2,7,1,245,2,7,4,16,13,3,,,,,,,,,,2
,,Stone,,78,15,37,26,,,,,3,8,1,2,,5,,,,2,,34,4,27,,,6,,3,3,,,66,,,,8,,6,1,51,8,,3,21,15,6,,,,,,,,,,4
,,Union,,164,40,74,50,,,,,1,7,2,,3,2,,,,,,91,16,65,,,20,3,9,1,,7,286,,,1,22,,17,15,231,26,7,,4,3,1,,,,,,,,,,3
,,Van Buren,,125,34,29,62,1,1,,,2,7,3,,,4,,,,4,,30,10,40,,,26,14,11,1,,,180,,,2,7,,11,3,157,20,,,11,8,3,,,,,,,,,,5
,,White,,608,35,498,75,1,1,,,1,10,7,,,3,,,,2,,452,12,390,,,29,12,16,1,,,663,1,,,84,,43,18,517,141,3,33,55,33,22,,,,,,,,,,12
,,Yell,,104,25,56,23,1,1,,,1,4,1,,,3,,,,3,,74,11,54,,,21,19,1,1,,,159,,,1,26,1,13,5,113,21,,12,25,20,5,,,,,,3,,,,7
,Other Agencies,Camp Robinson,,4,,3,1,,,,,,2,,,,2,,,,,,1,,2,,,,,,,,,14,,,,7,,1,1,5,,,,1,,1,,,,,,,,,,
COLORADO,Cities,Arvada,"109,029",498,107,363,28,,,,,19,97,22,1,3,71,7,6,1,20,1,381,92,893,,4,423,53,9,361,,,"2,031",,5,94,199,25,527,93,"1,088",198,30,49,737,430,307,,,,,,,7,4,3,38
,,Aspen,"6,734",62,8,41,13,,,,,,4,4,,,,,,,2,,24,8,88,2,,171,15,142,7,,7,281,1,,13,46,,15,2,204,5,,,52,37,15,,,,,,1,,,,3
,,Ault,"1,577",11,3,8,,,,,,,1,,,,1,,,,,,,,,,,,,,,,,1,,,,,,,,1,1,,,9,6,3,,,,,,,,,,
,,Aurora,"336,952","4,413",807,"3,491",115,30,29,,1,133,533,180,64,42,247,34,5,29,72,,"1,782",322,"3,172",124,5,"1,495",521,482,437,,55,"7,435",32,35,"2,463","1,544",18,"1,441","1,009",893,915,486,97,"2,448","1,526",922,1,,,1,,39,135,120,15,542
,,Avon,"6,453",38,14,22,2,1,1,,,1,10,7,,1,2,,,,1,,9,5,51,,,28,,8,20,,,88,,,10,15,,8,2,53,1,,1,134,89,45,,,,,,,,,,4
,,Basalt,"3,889",24,10,13,1,,,,,,2,,,1,1,1,1,,,,4,1,23,1,,4,1,2,1,,,33,,,1,16,,3,,13,6,4,,4,2,2,,,,,,,,,,
,,Berthoud,"5,278",22,2,19,1,,,,,,1,,,1,,3,3,,,,10,1,63,,,7,3,,4,,,54,,,,1,1,3,2,47,2,,1,33,18,15,,,,,,,,,,8
,,Black Hawk,120,17,4,13,,,,,,,1,,,1,,,,,,,6,32,29,,,3,,,3,,,159,,,1,138,,15,3,2,5,,,130,74,56,,,,,,,1,,1,
,,Blue River,860,4,,4,,,,,,1,,,,,,,,,,,,,1,,,1,,1,,,,5,,,,,,3,,2,,,,,,,,,,,,,,,,
,,Boulder,"100,257",824,170,568,86,,,,,4,69,32,,,37,4,1,3,26,2,478,46,792,7,3,274,48,10,206,,10,"2,371",1,1,38,5,,387,63,"1,876",116,48,43,472,291,181,,,,,,10,,,,46
,,Bow Mar,894,,,,,,,,,2,,,,,,,,,,,,,2,,,10,,,10,,,7,,,,1,,3,,3,,1,,,,,,,,,,,,,,
,,Broomfield,"58,145",180,16,126,38,3,1,1,1,6,18,7,,,11,,,,6,,90,45,376,,,63,30,9,24,,,"1,080",2,,414,94,16,150,70,334,48,6,8,521,280,241,1,,1,,,4,1,,1,22
,,Brush,"5,365",8,,6,2,,,,,,2,,2,,,,,,,1,11,1,3,,,11,10,,1,,,36,,,1,14,,6,,15,2,1,,12,10,2,,,,,,,,,,1
,,Buena Vista,"2,674",1,,1,,,,,,,,,,,,,,,,,,,2,,,,,,,,,1,,,,,,,,1,,,,3,1,2,,,,,,,,,,1
,,Burlington,"4,130",49,18,29,2,,,,,,4,3,,,1,,,,,1,10,1,52,1,,12,,2,2,,8,59,,,5,6,,15,,33,4,,,21,14,7,,,,,,1,1,1,,1
,,Campo,111,,,,,,,,,,,,,,,,,,,,,,,,,,,,,,,,,,,,,,,,,,,22,13,9,,,,,,,,,,
,,Canon City,"16,727",322,66,241,15,,,,,6,66,23,11,1,31,2,,2,4,,74,19,244,,,70,18,26,24,,2,478,2,,63,15,,79,5,314,18,4,3,163,99,64,,,,,,10,,,,16
,,Carbondale,"6,501",44,5,37,2,,,,,,4,1,,,3,1,,1,,,21,1,49,,,6,2,1,1,,2,122,,,,5,,4,1,112,9,1,,4,2,2,,,,,,,,,,1
,,Castle Rock,"50,038",247,26,207,14,1,1,,,17,32,12,,3,17,4,1,3,7,,102,27,286,2,1,165,14,22,122,,7,620,4,3,75,153,1,145,21,218,31,7,1,229,106,123,,,,,,5,,,,19
,,Cedaredge,"2,247",4,1,3,,,,,,,,,,,,,,,,,15,,22,,,1,,1,,,,40,,,6,1,,3,,30,2,,,,,,,,,,,,,,,
,,Centennial,"104,022",299,83,208,8,1,1,,,27,64,40,4,,20,,,,16,,283,39,746,1,4,368,25,76,267,,,"1,119",5,7,118,140,11,426,28,384,82,33,11,287,150,137,,,,,,1,3,2,1,28
,,Center,"2,311",42,7,32,3,,,,,5,,,,,,,,,1,,16,2,32,2,,7,1,,6,,,31,,,1,4,,9,1,16,2,,2,9,6,3,,,,,,1,,,,
,,Cherry Hills Village,"6,206",6,2,4,,,,,,1,1,1,,,,,,,,,25,2,34,,,19,4,5,10,,,66,,,,12,,32,3,19,4,,,8,4,4,,,,,,,,,,
,,Colorado Springs,"432,287","3,065","1,075","1,744",246,22,18,1,3,202,667,362,31,10,264,28,24,4,76,1,"3,553",664,"6,944",23,10,"2,561",862,312,"1,368",,19,"12,790",7,28,"2,195","1,580",70,"5,275","1,069","2,566","1,813",526,245,"1,595","1,015",580,,,,,,68,44,38,6,507
,,Columbine Valley,"1,302",,,,,,,,,,,,,,,,,,,,2,,,,,3,,,3,,,3,,,,,,2,,1,,,1,2,1,1,,,,,,,,,,1
,,Commerce City,"47,590",384,119,246,19,7,7,,,20,54,27,5,2,20,8,3,5,6,,281,49,728,17,,183,16,56,109,,2,"1,016",,3,310,75,10,198,105,315,121,18,49,464,284,180,,,,,,,6,4,2,49
,,Cortez,"8,568",111,23,86,2,,,,,,5,,,5,,,,,,,18,,143,,,,,,,,,265,,,87,86,,44,,48,14,3,,15,12,3,,,,,,,,,,4
,,Craig,"9,357",100,9,65,26,1,1,,,12,18,4,1,,13,,,,4,2,37,9,146,,,19,3,5,10,,1,218,,,42,86,3,40,6,41,9,,3,174,93,81,,,,,,,1,1,,12
,,Crested Butte,"1,517",20,2,6,12,,,,,,,,,,,,,,,,9,2,9,,,3,2,,1,,,13,,,1,6,,5,1,,6,1,,6,4,2,,,,,,,,,,
,,Cripple Creek,"1,206",40,17,16,7,,,,,1,3,,,,3,,,,,,7,7,25,,,2,,1,1,,,64,,,2,15,1,14,3,29,2,,,36,19,17,,,,,,,,,,7
,,Dacono,"4,308",32,4,25,3,,,,,,2,1,,1,,,,,,,2,,,,,1,1,,,,,2,,,,1,,,,1,,,,6,6,,,,,,,,,,,
,,De Beque,512,,,,,,,,,,,,,,,,,,,,1,,,,,,,,,,,5,,,1,,,1,1,2,,,,,,,,,,,,,,,,
,,Del Norte,"1,706",17,1,15,1,,,,,,,,,,,,,,,,8,1,5,,,3,,2,1,,,12,,,,3,1,2,2,4,,,,12,11,1,,,,,,,,,,1
,,Delta,"8,890",128,12,67,49,,,,,2,9,2,,4,3,1,,1,10,,52,17,161,,,24,18,4,2,,,265,,2,34,10,1,31,6,181,9,5,,32,21,11,,,,,,,,,,8
,,Denver,"628,545","5,699","2,317","2,862",520,41,39,,2,173,938,381,117,13,427,31,9,22,97,1,"5,078",156,"6,039",20,14,"1,087",213,66,732,,76,"14,670",38,72,870,"1,255",45,"5,863","1,429","5,098","3,660","1,176",97,"1,652","1,585",67,,,,,,6,22,8,14,386
,,Dillon,927,6,,5,1,,,,,,,,,,,,,,1,,8,2,17,,,7,,6,1,,,29,,,2,2,,5,,20,,,,25,12,13,,,,,,,,,,1
,,Durango,"17,305",178,43,67,68,1,1,,,3,7,3,,4,,,,,3,2,47,10,183,,,56,9,17,30,,,366,,,32,,,16,2,316,13,6,2,91,57,34,,,,,,1,,,,12
,,Eagle,"6,555",16,5,9,2,,,,,2,3,2,,1,,,,,,,9,2,51,,1,9,1,5,3,,,69,,,,1,1,10,1,56,1,,1,26,15,11,,,,,,,,,,5
,,Eaton,"4,529",6,4,2,,,,,,,1,,,1,,,,,,,,,,,,1,,1,,,,2,,,,,,,,2,,,,7,4,3,,,,,,,,,,2
,,Elizabeth,"1,381",10,3,6,1,,,,,1,1,,,1,,,,,,,3,1,11,,,1,,,1,,,25,,,7,8,,9,,1,,1,,18,9,9,,,,,,,,,,
,,Empire,284,3,,3,,,,,,,1,,,,1,,,,,,,,,,,5,1,1,3,,,1,,,,,,,,1,1,,,6,5,1,,,,,,,,,,
,,Englewood,"31,358",328,22,263,43,,,,,9,25,12,,,13,2,2,,8,,223,112,511,,,152,45,41,57,1,8,"1,428",5,4,434,100,4,359,38,484,180,27,8,656,314,342,,,,,,,1,1,,45
,,Erie,"18,761",48,8,29,11,,,,,,1,,,,1,1,1,,,,24,5,65,,,23,4,13,5,,1,85,,,2,28,,30,7,18,2,1,1,48,27,21,,,,,,,,,,1
,,Estes Park,"6,059",37,7,27,3,1,,1,,3,6,1,,1,4,1,,1,,,17,4,38,3,,17,4,4,9,,,79,1,,15,26,,11,1,25,,3,1,35,19,16,,,,,,,,,,3
,,Evans,"19,236",176,74,100,2,,,,,17,26,2,1,,23,1,1,,2,4,57,17,304,,,69,6,34,27,,2,333,,,10,2,,105,24,192,29,10,3,157,93,64,,,,,,,,,,15
,,Federal Heights,"11,886",159,50,101,8,1,1,,,16,34,19,4,,11,,,,2,,86,19,245,,,71,18,9,44,,,519,,,170,11,6,96,36,200,75,11,9,183,89,94,,,,,,,,,,11
,,Firestone,"10,529",27,3,24,,,,,,,4,1,,3,,,,,2,,12,5,47,,,17,4,9,4,,,74,,2,5,10,,26,7,24,11,,,13,12,1,,,,,,,,,,4
,,Florence,"3,960",41,4,30,7,,,,,2,3,,,,3,1,,1,,,9,1,26,,,7,,3,4,,,64,,1,10,9,,19,,25,2,,1,18,10,8,,,,,,,,,,2
,,Fort Collins,"148,792","1,410",305,"1,064",41,2,2,,,35,99,44,3,4,48,1,,1,15,,602,164,"1,572",39,1,691,173,133,249,,136,"3,395",6,2,633,456,4,734,251,"1,309",145,40,19,733,555,178,,,,,,6,2,1,1,84
,,Fort Lupton,"7,655",36,7,29,,,,,,,,,,,,,,,1,,5,1,26,1,,3,,2,1,,,44,,,6,19,,12,3,4,8,1,,74,39,35,,,,,,,,,,
,,Fort Morgan,"11,586",103,12,75,16,,,,,4,27,,,19,8,,,,1,2,56,19,164,4,,40,12,10,15,,3,264,,,62,90,,50,9,53,8,2,2,121,77,44,,,,,,1,,,,8
,,Fountain,"26,841",171,45,110,16,,,,,10,37,11,3,2,21,1,,1,3,,122,15,259,,1,78,13,24,36,,5,576,,1,157,130,5,160,13,110,38,12,3,250,137,113,,,,,,,1,1,,33
,,Fowler,"1,201",11,,9,2,,,,,,,,,,,,,,,,1,,4,,,,,,,,,7,1,1,2,2,,1,,,,1,,4,4,,,,,,,,,,,1
,,Frederick,"9,007",35,2,33,,,,,,,5,,1,4,,,,,,,18,4,20,1,,19,2,3,14,,,93,,,,19,,32,3,39,2,1,,35,16,19,,,,,,,,,,1
,,Frisco,"2,717",17,3,13,1,,,,,3,3,1,,,2,,,,1,2,6,1,13,,,6,,3,3,,,32,,,6,3,,2,,21,1,,,33,17,16,,,,,,,,,,1
,,Fruita,"12,852",89,14,66,9,,,,,5,8,1,,,7,,,,1,,38,2,106,,,50,7,18,24,,1,228,1,,29,48,,51,2,97,13,2,5,61,39,22,,,,,,,,,,4
,,Georgetown,"1,039",7,4,3,,,,,,,,,,,,,,,,,3,,5,,,,,,,,,1,,,,1,,,,,1,,,,,,,,,,,,,,,
,,Glenwood Springs,"9,727",160,27,117,16,,,,,11,25,3,1,12,9,,,,2,,71,20,207,,,64,18,24,19,,3,489,1,1,49,153,4,63,8,210,29,3,20,229,126,103,,,,,,,,,,10
,,Golden,"19,298",76,24,48,4,,,,,2,5,3,,,2,,,,2,,57,11,133,1,1,83,46,20,14,,3,418,,1,86,68,9,80,18,156,19,4,1,137,73,64,,,,,,1,,,,7
,,Granby,"1,852",19,3,14,2,,,,,2,3,1,,,2,,,,,,6,6,16,,,7,5,,1,,1,39,,,1,10,,4,3,21,,1,,29,15,14,,,,,,,,,,3
,,Grand Junction,"59,516",682,173,443,66,4,2,2,,20,109,54,6,2,47,6,,6,18,2,311,90,"1,115",7,3,299,59,57,182,,1,"2,326",8,5,632,337,,539,172,633,133,29,21,"1,044",578,466,,,,,,,1,1,,76
,,Greeley,"96,276","1,298",323,932,43,2,1,,1,19,157,41,20,5,91,6,4,2,33,,552,111,"1,219",36,,576,259,135,178,,4,"2,577",,1,952,435,8,421,319,441,143,64,16,898,515,383,,,,,,7,3,2,1,64
,,Green Mountain Falls,664,1,,1,,,,,,,1,1,,,,,,,1,,,,1,,,,,,,,,,,,,,,,,,,,,,,,,,,,,,,,,
,,Greenwood Village,"14,434",93,22,61,10,1,1,,,4,10,1,5,,4,1,,1,3,,92,42,47,,2,110,29,27,54,,,428,,,72,143,,84,26,103,24,4,4,336,181,155,,,,,,,3,2,1,10
,,Gunnison,"5,967",91,22,62,7,,,,,,11,5,2,,4,1,,1,,,16,4,111,6,,12,4,6,1,,1,215,,1,9,53,,43,5,104,4,1,,64,41,23,,,,,,1,,,,4
,,Holyoke,"2,322",11,,10,1,,,,,,,,,,,,,,,,3,1,19,,,,,,,,,7,,,,5,,1,,1,1,,,4,2,2,,,,,,,,,,
,,Idaho Springs,"1,726",71,6,51,14,,,,,,3,,,2,1,,,,1,,10,2,37,,1,23,13,2,7,,1,57,,1,3,15,,12,4,22,4,1,,21,15,6,,,,,,,,,,4
,,Ignacio,721,,,,,,,,,,,,,,,,,,,,,,,,,,,,,,,,,,,,,,,,,,,,,,,,,,,,,,,
,,Johnstown,"10,259",42,7,35,,,,,,1,3,,,1,2,,,,,,9,5,50,2,,35,8,20,7,,,72,,,10,14,,18,11,19,6,,,16,13,3,,,,,,1,,,,3
,,Kersey,"1,509",17,4,12,1,,,,,,2,1,1,,,,,,1,,3,,9,,,4,1,2,,,1,14,,,2,4,,1,1,6,4,,,1,1,,,,,,,,,,,
,,Kiowa,736,4,1,3,,,,,,,1,1,,,,,,,,,3,1,3,,,,,,,,,7,,,,2,,2,,3,,,,,,,,,,,,,,,,
,,Lafayette,"25,209",269,36,194,39,,,,,6,39,7,6,7,19,4,,4,5,,71,25,244,1,,137,53,39,45,,,321,,,61,99,1,73,10,77,15,11,8,299,151,148,,,,,,3,2,1,1,15
,,La Junta,"7,187",49,14,35,,,,,,1,9,4,2,,3,3,,3,2,,49,16,66,,,18,3,7,7,1,,136,,3,24,16,,20,3,70,7,2,1,21,19,2,,,,,,,,,,4
,,Lakeside,8,3,1,2,,,,,,1,,,,,,,,,,,4,5,6,,,2,,,2,,,14,1,,,4,,3,1,5,,,,17,15,2,,,,,,,,,,1
,,Lakewood,"146,404","2,111",435,"1,528",148,2,2,,,69,231,94,15,14,108,14,2,12,15,1,918,288,"1,732",,6,729,415,113,190,1,10,"5,245",9,23,"1,609",93,18,"1,262",215,"2,016",603,148,146,"1,102",545,557,,,,,,15,86,52,34,140
,,Lamar,"8,035",56,7,42,7,,,,,1,3,,,,3,2,,2,,,54,4,195,,,14,2,4,8,,,228,,,41,51,,55,4,77,10,2,,135,72,63,,,,,,,,,,2
,,La Salle,"2,030",13,2,11,,,,,,,,,,,,,,,,,5,2,7,,,1,,,1,,,31,,,,4,2,10,5,10,1,,,12,9,3,,,,,,,,,,1
,,Leadville,"2,680",32,5,24,3,,,,,1,2,2,,,,,,,,,4,2,30,,,4,1,2,1,,,32,,1,6,8,,13,,4,1,1,1,29,14,15,,,,,,,,,,3
,,Limon,"1,900",13,7,4,2,,,,,,1,,1,,,,,,,,,1,7,,,1,,,1,,,14,,,6,1,,,,7,2,,,,,,,,,,,,,,,
,,Littleton,"43,229",286,17,228,41,5,4,1,,7,44,20,2,1,21,5,4,1,3,,261,53,411,,,180,49,65,57,,9,918,8,13,146,227,,268,55,201,83,17,9,303,165,138,,,,,,1,,,,28
,,Lone Tree,"11,488",39,6,32,1,,,,,,,,,,,2,1,1,,,33,11,86,1,,69,9,24,36,,,559,1,4,321,22,1,54,7,149,10,,1,252,126,126,,,,,,,,,,9
,,Longmont,"88,925",765,148,551,66,,,,,57,91,11,2,28,50,6,2,4,57,1,362,107,987,,2,229,59,74,94,,2,"1,762",1,,272,1,19,357,23,"1,089",106,30,2,636,342,294,,,,,,1,3,1,2,52
,,Loveland,"69,147",652,103,342,207,,,,,18,81,22,3,3,53,6,,6,20,,224,105,649,18,2,332,118,94,120,,,"1,545",,2,486,124,3,268,108,554,48,22,25,850,381,469,,,,,,13,,,,52
,,Manitou Springs,"5,184",42,11,22,9,,,,,4,3,1,,2,,1,,1,,1,22,3,80,,,15,3,6,4,,2,130,1,1,10,67,,39,3,9,12,2,2,118,56,62,,,,,,,,,,8
,,Mead,"3,532",21,1,17,3,,,,,1,1,,1,,,1,,1,2,1,5,2,15,1,,8,2,5,1,,,26,,,,11,,4,4,7,3,1,1,10,7,3,,,,,,1,,,,3
,,Meeker,"2,554",13,2,7,4,,,,,,,,,,,,,,,,9,,22,,,4,3,1,,,,17,,,1,5,,6,,5,1,,,3,1,2,,,,,,1,,,,
,,Minturn,"1,037",7,1,6,,,,,,,,,,,,,,,,,1,1,14,,,1,,,1,,,16,,,,,,3,,13,1,,,2,1,1,,,,,,,,,,
,,Monte Vista,"4,495",58,5,48,5,2,2,,,2,6,1,5,,,,,,1,,60,5,113,,,17,8,2,7,,,143,,,12,45,,35,2,49,3,5,,40,20,20,,,,,,1,,,,3
,,Montrose,"19,274",159,38,111,10,1,1,,,14,9,,,4,5,,,,3,,113,29,391,14,,109,28,41,39,,1,569,,,125,154,,110,27,153,27,3,6,285,149,136,,,,,,2,,,,26
,,Monument,"5,744",23,1,22,,,,,,2,1,1,,,,,,,,,72,8,61,,,23,7,6,10,,,115,,,31,,,32,3,49,9,,,53,25,28,,,,,,,,,,6
,,Morrison,437,1,,1,,,,,,,,,,,,,,,,,1,,2,,,,,,,,,2,,,,,,2,,,1,3,,5,3,2,,,,,,,,,,
,,Mount Crested Butte,817,12,6,6,,,,,,,,,,,,,,,,,1,,,,,,,,,,,5,,,,,,,,5,,,,4,2,2,,,,,,,,,,
,,New Castle,"4,570",49,7,37,5,,,,,3,2,,,2,,,,,,,7,5,27,,,13,6,1,6,,,49,,,,9,,5,,35,5,,1,10,10,,,,,,,,,,,3
,,Northglenn,"37,094",295,62,220,13,1,1,,,8,41,32,2,3,4,,,,11,,174,55,610,,1,175,9,64,102,,,728,1,3,122,44,12,180,45,321,135,7,13,483,252,231,,,,,,,1,1,,46
,,Ouray,996,9,1,5,3,,,,,,,,,,,,,,,,2,,15,,,2,,,2,,,23,,,,14,,2,,7,,,,1,1,,,,,,,,,,,
,,Pagosa Springs,"1,741",41,8,32,1,,,,,1,3,1,,,2,,,,,,22,2,5,2,,17,8,5,3,,1,72,2,,14,15,,20,2,19,1,1,,23,11,12,,,,,,,,,,3
,,Palisade,"2,735",20,4,16,,,,,,,1,,,,1,,,,1,,2,,2,,,2,1,,1,,,1,,,,1,,,,,,,,,,,,,,,,,,,,
,,Palmer Lake,"2,512",4,2,2,,,,,,,1,1,,,,,,,,,4,1,6,,,3,,2,1,,,6,,,,3,,1,,2,1,,,2,1,1,,,,,,,,,,1
,,Parachute,"1,098",18,5,11,2,,,,,,1,,,,1,,,,,,7,,15,,,5,3,2,,,,20,,,2,1,,4,3,10,2,,,12,10,2,,,,,,,,,,1
,,Parker,"47,004",156,50,102,4,,,,,13,56,11,,5,40,2,,2,4,,100,50,214,,,178,45,12,121,,,334,,,50,98,,86,29,71,22,3,2,197,102,95,,,,,,12,,,,10
,,Pueblo,"109,065","1,481",581,855,45,8,8,,,50,211,22,42,91,56,23,2,21,43,,"1,861",208,"1,833",,8,453,78,73,302,,,"4,695",1,21,"2,471",33,10,"1,141",225,793,494,199,24,385,240,145,,,,,,2,1,,1,93
,,Rangely,"2,438",31,3,23,5,,,,,,1,1,,,,2,,2,,,3,1,4,,,4,3,1,,,,8,,,,4,,2,,2,3,1,,3,3,,,,,,,,,,,3
,,Rocky Ford,"4,019",4,1,,3,,,,,,,,,,,,,,,,15,,27,,,,,,,,,26,2,1,1,13,,5,2,2,2,,,,,,,,,,,,,,,
,,Salida,"5,347",45,7,35,3,,,,,,2,,,1,1,1,,1,,,24,2,70,,,14,4,10,,,,169,,,11,7,1,31,,119,2,,,62,46,16,,,,,,,1,1,,2
,,Severance,"3,284",15,,12,3,,,,,,12,2,,,10,,,,,,,4,6,,,5,5,,,,,3,,,,,,,,3,2,,,7,3,4,,,,,,,,,,
,,Sheridan,"5,871",80,26,54,,,,,,2,8,,2,1,5,,,,1,,54,17,196,,,31,12,13,6,,,288,,1,70,66,,51,24,76,49,10,10,97,48,49,,,,,,2,,,,10
,,Silt,"2,965",22,1,20,1,,,,,1,7,2,,2,3,,,,,,15,3,19,,,4,2,1,1,,,61,,,3,22,,11,,25,6,,,3,2,1,,,,,,,,,,2
,,Silverthorne,"3,930",25,1,17,7,,,,,,2,1,,,1,,,,2,,2,4,25,,,11,,10,1,,,86,,,12,4,,16,1,53,2,,1,15,10,5,,,,,,,,,,1
,,Snowmass Village,"2,857",14,,13,1,,,,,,,,,,,,,,,,2,,10,,,5,,4,1,,,46,,,,21,,2,,23,,,,2,2,,,,,,,,,,,
,,South Fork,382,,,,,,,,,,1,,,,1,,,,,,1,,,,,,,,,,,,,,,,,,,,,,,,,,,,,,,,,,,1
,,Springfield,"1,474",2,1,1,,,,,,,,,,,,,,,,,,,,,,,,,,,,5,,,,5,,,,,,,,,,,,,,,,,,,,
,,Steamboat Springs,"12,116",134,23,100,11,,,,,5,11,8,,,3,,,,2,,47,9,168,5,,58,33,19,5,,1,262,2,1,29,64,,63,6,97,18,4,1,159,99,60,,,,,,,,,,10
,,Sterling,"14,929",102,26,70,6,1,1,,,6,19,3,,7,9,,,,1,2,102,13,206,,,40,3,20,15,,2,311,,,31,100,5,71,12,92,11,3,8,59,27,32,,,,,,1,1,,1,11
,,Stratton,676,1,,1,,,,,,,,,,,,,,,,,2,,3,,,,,,,,,7,,,,1,,3,,3,,,,,,,,,,,,,,,,
,,Telluride,"2,401",19,6,13,,,,,,,,,,,,,,,,,8,2,14,1,,5,4,,1,,,106,1,,5,6,,4,,90,2,,1,21,12,9,,,,,,,,,,1
,,Thornton,"123,115","1,246",233,781,232,1,1,,,36,130,58,21,7,44,29,,29,24,1,480,126,"1,356",,,482,82,172,227,,1,"2,489",11,10,675,281,31,435,25,"1,021",355,41,34,898,488,410,,,,,,1,15,1,14,109
,,Timnath,647,4,2,1,1,,,,,,,,,,,,,,1,,2,5,9,,,2,2,,,,,26,,,,8,1,4,2,11,1,,,,,,,,,,,,,,,1
,,Trinidad,"8,939",89,12,40,37,,,,,,5,1,1,,3,1,,1,,,42,3,135,,,8,4,2,1,,1,147,,,7,102,,23,2,13,5,7,,46,46,,,,,,,,,,,5
,,Vail,"5,343",58,20,33,5,,,,,6,3,2,,1,,,,,,,24,8,107,,2,40,1,9,28,,2,272,,,,1,,16,1,254,7,,4,171,113,58,,,,,,,5,4,1,5
,,Walsenburg,"3,021",113,16,71,26,,,,,,6,3,,,3,2,2,,,,37,7,74,1,,26,3,15,7,,1,97,,,21,35,1,13,6,21,2,6,2,20,13,7,,,,,,,,,,2
,,Walsh,556,4,1,3,,,,,,,1,,,,1,,,,,,,,1,,,,,,,,,3,1,,1,,,,,1,,,,,,,,,,,,,,,,
,,Westminster,"109,461",707,202,466,39,2,2,,,35,103,29,3,9,62,6,2,4,11,,394,103,790,34,2,288,79,43,164,,2,"2,169",2,1,792,356,2,464,236,316,292,51,63,980,501,479,,,,,,1,1,1,,90
,,Wheat Ridge,"30,886",289,72,211,6,2,2,,,19,56,19,,3,34,1,,1,12,,184,43,73,2,4,239,42,44,152,,1,933,1,,218,283,15,234,49,133,92,24,16,200,116,84,,,,,,,6,3,3,20
,,Windsor,"19,330",37,2,35,,,,,,,1,,,,1,1,1,,2,,37,4,16,2,,62,18,20,24,,,211,2,,15,26,,52,5,111,3,,,81,42,39,,,,,,1,,,,7
,,Woodland Park,"7,301",35,8,25,2,,,,,3,4,2,,1,1,,,,1,1,15,8,43,,,15,2,8,3,,2,82,,,5,53,,12,2,10,7,,3,55,26,29,,,,,,,1,,1,6
,,Wray,"2,387",5,1,4,,,,,,,,,,,,,,,,,2,,1,,,,,,,,,2,,,,,,,,2,,,,,,,,,,,,,,,,
,,Yuma,"3,593",8,1,7,,,,,,1,5,3,,,2,,,,,1,4,1,11,,,2,,,2,,,18,,,5,7,,2,,4,1,,1,11,4,7,,,,,,,,,,2
,Universities and Colleges,Aims Community College,"5,290",,,,,,,,,,,,,,,,,,,,,,1,,,,,,,,,4,,,,4,,,,,,,,4,2,2,,,,,,,,,,1
,,Arapahoe Community College,"11,148",,,,,,,,,,,,,,,,,,,,,2,3,,,,,,,,,11,,,,9,1,,,1,,,,1,1,,,,,,,,,,,
,,Auraria Higher Education Center3,,18,3,8,7,1,,,1,,1,,,,1,,,,,,7,,14,,,1,1,,,,,310,,,1,169,,20,4,116,18,2,,22,10,12,,,,,,,,,,2
,,"Colorado State University, Fort Collins","30,467",19,3,13,3,,,,,1,9,5,,1,3,,,,9,,29,12,142,,,14,7,3,3,,1,410,,,,32,1,13,12,352,2,1,4,388,193,195,,,,,,,,,,8
,,Fort Lewis College,"3,841",12,,12,,,,,,,3,,2,,1,,,,,,10,1,33,,1,2,1,,,,1,52,,,,22,,16,1,13,,1,,57,31,26,,,,,,,,,,1
,,Pikes Peak Community College,"14,725",5,,2,3,,,,,,,,,,,,,,,,,,3,1,,1,1,,,,,22,,,,18,2,,2,,,,2,7,5,2,,,,,,1,,,,4
,,Red Rocks Community College,"9,544",1,,,1,,,,,,,,,,,,,,,,,1,,,,1,1,,,,,16,,,1,10,1,4,,,,,,11,11,,,,,,,,,,,
,,University of Colorado:,,,,,,,,,,,,,,,,,,,,,,,,,,,,,,,,,,,,,,,,,,,,,,,,,,,,,,,,
,,Boulder,"32,558",55,14,39,2,,,,,2,3,3,,,,1,,1,8,1,32,45,239,,1,19,4,4,8,,3,484,3,3,54,177,10,19,3,215,7,1,4,779,376,403,,,,,,2,1,1,,5
,,Colorado Springs,"10,183",16,,10,6,,,,,,2,1,,,1,,,,,,2,1,37,,,4,1,2,,,1,70,,,1,32,,16,3,18,2,,,63,32,31,,,,,,1,,,,
,,Denver,"22,495",8,,7,1,,,,,,1,,,,1,,,,,,25,2,14,,,,,,,,,54,,,,25,1,12,1,15,7,1,,7,6,1,,,,,,,,,,
,,Health Sciences Center3,,,,,,,,,,,,,,,,,,,,,14,,29,,,,,,,,,,,,,,,,,,,,,,,,,,,,,,,,,
,,University of Northern Colorado,"13,038",1,,1,,,,,,,,,,,,,,,,,10,,70,,,1,1,,,,,162,,,,43,,24,4,91,,2,1,,,,,,,,,,,,,
,Metropolitan Counties,Adams,,"1,001",293,676,32,7,7,,,58,124,71,10,5,38,4,,4,24,1,502,50,"1,121",,,369,8,100,248,,13,"1,438",8,4,78,280,7,442,230,389,415,55,61,"1,782",877,905,,,,,,,5,3,2,126
,,Arapahoe,,610,151,454,5,1,1,,,38,59,39,2,,18,,,,16,1,367,44,843,,3,246,3,55,188,,,841,5,,23,157,9,307,33,307,130,31,18,291,164,127,,,,,,2,1,1,,19
,,Clear Creek,,24,13,10,1,,,,,4,6,1,,,5,,,,7,,17,8,39,,1,14,,1,13,,,52,,,,9,,10,3,30,6,,1,63,36,27,,,,,,,,,,6
,,Douglas,,505,106,374,25,,,,,18,97,28,17,7,45,9,3,6,17,3,301,65,806,,4,507,387,45,42,,33,"1,028",89,9,58,162,,294,22,394,44,5,6,489,249,240,,,,,,56,1,,1,28
,,Elbert,,39,4,16,19,,,,,,,,,,,,,,1,,29,2,26,,,24,3,18,3,,,35,6,,3,2,,12,2,10,3,,,12,10,2,,,,,,1,,,,1
,,El Paso,,"1,010",324,655,31,2,2,,,54,115,71,20,,24,22,17,5,38,10,6984,64,786,1,5,389,59,141,179,,10,"1,424",2,2,60,239,1,571,94,455,217,30,25,278,184,94,,,,,,3,2,,2,46
,,Gilpin,,24,11,11,2,,,,,,3,3,,,,,,,,,19,3,27,,,9,3,4,2,,,14,,,,2,1,1,,10,3,,,52,30,22,,,,,,16,,,,2
,,Jefferson,,936,114,752,70,1,1,,,14,70,22,4,18,26,4,1,3,17,2,441,89,"1,047",11,4,426,98,171,153,,4,"2,089",,1,398,243,6,649,140,652,113,11,7,654,467,187,,,,,,6,3,3,,38
,,Larimer,,497,126,348,23,1,1,,,28,56,14,6,,36,1,,1,6,22,203,83,544,1,3,293,160,80,44,,9,768,,,19,19,1,145,75,509,56,9,13,613,326,287,,,,,,,4,4,,52
,,Mesa,,614,125,421,68,3,3,,,22,106,55,3,,48,2,1,1,15,2,227,36,680,1,1,163,18,16,126,,3,993,1,4,89,140,1,348,63,347,116,13,1,373,186,187,,,,,,3,2,,2,34
,,Park,,89,17,61,11,,,,,,5,3,1,,1,1,,1,4,,27,2,40,1,1,23,7,12,4,,,30,,,,9,,5,4,12,2,,1,20,16,4,,,,,,1,,,,1
,,Teller,,69,18,35,16,,,,,3,5,3,,,2,1,,1,2,1,28,,29,,,24,5,10,9,,,48,,,,12,,9,2,25,3,,1,41,28,13,,,,,,,,,,6
,,Weld,,406,133,260,13,5,4,1,,8,38,9,2,,27,1,,1,11,,221,20,217,6,,124,52,29,40,,3,499,,,1,83,,63,65,287,63,5,8,182,98,84,,,,,,8,,,,23
,Nonmetropolitan Counties,Alamosa,,19,7,9,3,,,,,1,1,,,,1,,,,1,,14,,11,,,7,,1,6,,,25,,,1,3,,2,,19,2,,,4,3,1,,,,,,,,,,2
,,Archuleta,,44,12,29,3,,,,,,3,2,,,1,,,,3,,42,,8,,,2,,2,,,,54,,,1,,,4,,49,7,,,6,5,1,,,,,,,,,,5
,,Baca,,8,3,5,,,,,,,,,,,,,,,,,2,,2,,,2,,1,1,,,2,,,,,,,,2,,,,8,7,1,,,,,,,,,,
,,Bent,,46,13,33,,,,,,,2,,,1,1,2,,2,,,37,1,35,,1,5,,1,1,,3,53,,,6,9,,11,1,26,2,1,2,3,3,,,,,,,,,,,
,,Chaffee,,43,1,41,1,,,,,,3,2,,,1,,,,1,,18,,20,,,4,1,3,,,,52,,,,7,,13,,32,3,,,46,28,18,,,,,,,,,,2
,,Cheyenne,,6,2,4,,,,,,,,,,,,,,,1,,3,,10,1,,5,4,1,,,,15,,,,3,,7,,5,2,,1,5,4,1,,,,,,,,,,1
,,Conejos,,50,3,26,21,,,,,1,,,,,,,,,3,,23,4,8,,,2,,,2,,,23,,,,1,,4,1,17,7,,,7,6,1,,,,,,,,,,
,,Costilla,,25,6,8,11,,,,,,,,,,,,,,,,8,,11,,,,,,,,,2,,,,1,,,,1,3,,,,,,,,,,,,,,,4
,,Crowley,,29,11,13,5,,,,,,2,,,,2,,,,,,1,1,2,,,1,,,1,,,1,,,,,,,,1,,,1,,,,,,,,,,,,,
,,Custer,,22,4,16,2,,,,,,1,1,,,,1,,1,1,,11,3,21,,,3,1,,,,2,36,,1,,15,,14,,6,3,,,6,4,2,,,,,,,,,,2
,,Delta,,65,9,26,30,,,,,,18,,,18,,,,,,,21,2,73,,,14,8,3,2,,1,120,,,,17,,15,4,84,13,,,8,4,4,,,,,,,,,,6
,,Dolores,,9,1,8,,,,,,,,,,,,,,,,,13,1,9,,,1,,,1,,,11,,,,,1,9,,1,,,,,,,,,,,,,,,,
,,Eagle,,96,18,69,9,1,1,,,14,11,7,,3,1,3,,3,10,2,74,14,215,,,54,5,9,40,,,267,1,,6,1,5,48,1,205,4,1,1,156,99,57,,,,,,4,,,,9
,,Fremont,,100,27,68,5,,,,,6,17,6,1,3,7,1,,1,,,95,3,107,,,7,2,1,4,,,130,,,1,33,,48,2,46,11,1,2,24,15,9,,,,,,3,,,,6
,,Garfield,,82,11,60,11,1,1,,,4,20,4,,14,2,2,,2,1,,39,11,96,,,31,6,12,11,,2,148,,1,1,24,,19,1,102,11,,6,41,18,23,,,,,,1,,,,10
,,Gunnison,,27,11,4,12,,,,,,,,,,,,,,,,9,,6,1,,6,1,1,4,,,28,1,,,4,,10,2,11,3,,,2,2,,,,,,,1,,,,
,,Huerfano,,9,1,3,5,,,,,,1,,,,1,,,,,,3,,4,,,2,1,1,,,,5,,,,3,,,,2,3,,,3,3,,,,,,,,,,,1
,,Kit Carson,,13,1,7,5,,,,,,3,1,1,,1,,,,,,4,,7,,,4,,2,1,,1,19,,,,1,,4,,14,4,,2,24,12,12,,,,,,,,,,1
,,Lake,,75,5,35,35,,,,,2,1,,,1,,,,,,,8,,34,,,6,1,1,4,,,20,,,,,,1,,19,1,,,10,8,2,,,,,,,,,,2
,,Lincoln,,8,1,6,1,,,,,,1,,,,1,,,,,,9,,8,,,1,,1,,,,18,,,,,,,2,16,1,,1,4,3,1,,,,,,,,,,3
,,Logan,,34,12,19,3,1,1,,,,4,1,1,,2,,,,,,40,2,38,,,27,4,6,15,,2,55,,,1,1,,9,4,40,5,1,5,133,80,53,,,,,,1,,,,9
,,Mineral,,2,,2,,,,,,,,,,,,,,,,,,,,,,,,,,,,,,,,,,,,,1,,,,,,,,,,,,,,,
,,Moffat,,17,3,14,,,,,,1,,,,,,,,,,,10,2,14,,,4,,3,1,,,18,,,,6,,3,1,8,1,,,40,21,19,,,,,,,,,,4
,,Montezuma,,89,28,59,2,1,1,,,5,6,1,,1,4,3,,3,2,1,40,3,49,,,23,4,5,14,,,61,,,1,23,1,8,1,27,11,2,2,155,72,83,,,,,,,,,,7
,,Montrose,,151,25,114,12,1,1,,,1,22,4,,,18,1,1,,2,,89,7,98,,,14,7,3,3,,1,127,,,,26,,24,4,73,18,,,77,37,40,,,,,,,,,,11
,,Morgan,,61,8,41,12,,,,,,5,,1,,4,1,1,,1,,16,3,50,,,13,,5,6,,2,78,,,,29,,12,2,35,4,,1,76,39,37,,,,,,,,,,9
,,Otero,,36,9,24,3,,,,,,4,3,,,1,1,,1,,,33,2,22,,,7,4,3,,,,43,,,2,6,,10,,25,1,,,3,2,1,,,,,,1,1,1,,4
,,Ouray,,,,,,,,,,,,,,,,,,,,,2,,,,,,,,,,,1,,,,,,,,1,,,,,,,,,,,,,,,,
,,Pitkin,,23,10,11,2,,,,,,1,1,,,,,,,,,,1,11,1,,18,1,15,2,,,34,1,,,17,,5,2,9,,,,4,3,1,,,,,,,,,,2
,,Prowers,,18,10,8,,,,,,1,1,,,,1,,,,,,6,3,17,2,,7,3,2,2,,,19,,,,,,2,1,16,2,,,47,29,18,,,,,,,,,,3
,,Rio Blanco,,12,2,10,,,,,,,,,,,,,,,,,3,,8,,,,,,,,,42,,,1,5,,,2,34,,,1,34,16,18,,,,,,,,,,6
,,Rio Grande,,18,3,13,2,,,,,,,,,,,,,,,,2,,,,,8,2,,6,,,1,,,,1,,,,,,,,,,,,,,,,,,,,1
,,Routt,,31,6,15,10,,,,,,,,,,,,,,,,5,,27,,,7,4,3,,,,23,,,1,8,,3,,11,8,,,22,14,8,,,,,,,,,,
,,Saguache,,10,9,1,,,,,,1,1,,,1,,,,,,,18,,16,,,,,,,,,34,,,,10,2,1,,21,4,,1,9,6,3,,,,,,,,,,2
,,San Juan,,6,1,5,,,,,,1,,,,,,,,,,,4,,4,,,1,,1,,,,11,,,,2,,4,,5,1,,,1,1,,,,,,,,,,,
,,San Miguel,,1,,1,,,,,,,,,,,,,,,,,,,,,,,,,,,,,,,,,,,,,,,,,,,,,,,,,,,,
,,Sedgwick,,6,5,1,,,,,,,,,,,,,,,,,6,2,8,,,,,,,,,15,,,1,6,,2,3,3,1,,,2,1,1,,,,,,,,,,
,,Summit,,110,6,96,8,1,1,,,6,14,10,2,,2,,,,2,1,28,4,98,,,7,,2,4,,1,233,,,,26,1,43,,163,6,,1,97,54,43,,,,,,,,,,7
,,Washington,,56,13,37,6,,,,,2,9,3,2,1,3,,,,1,,15,,38,,,6,2,1,3,,,59,,,2,10,,6,7,34,4,,1,29,21,8,,,,,,,,,,3
,,Yuma,,5,,5,,2,2,,,,,,,,,,,,,,1,,8,,,,,,,,,22,,,,5,,,,17,2,,,3,2,1,,,,,,,,,,1
,State Police Agencies,Colorado State Patrol,,29,12,16,1,,,,,1,,,,,,,,,,,1,16,8,,1,65,5,,60,,,8,,,1,5,,,1,1,5,,51,"2,453","1,416","1,037",,,,,,,,,,79
,Other Agencies,22nd Judicial District Drug Task Force,,,,,,,,,,,,,,,,,,,,,,,,,,,,,,,,,,,,,,,,,,,,10,9,1,,,,,,,,,,
,,Colorado Bureau of Investigation,,,,,,,,,,,,,,,,,,,,,,,,,,,,,,,,,,,,,,,,,,,,,,,,,,,,,,,,
,,Colorado Mental Health Institute,,201,6,193,2,,,,,,6,,,,6,,,,,,,,49,,,,,,,,,8,,,,8,,,,,,,,,,,,,,,,,,,,
,,Delta Montrose Drug Task Force,,,,,,,,,,,,,,,,,,,,,,,,,,,,,,,,,,,,,,,,,,,,8,5,3,,,,,,,,,,1
CONNECTICUT,Cities,Ansonia,"19,271",278,10,175,93,,,,,,10,4,1,,5,,,,1,,80,11,215,,,12,1,10,1,,,320,,,96,69,2,71,19,63,54,15,,160,141,19,,,,,,,,,,22
,,Avon,"18,162",30,1,27,2,,,,,,5,2,2,,1,1,,1,,,25,4,45,1,,7,3,2,1,,1,144,2,,41,42,,32,,27,1,2,,38,23,15,,,,,,1,,,,1
,,Berlin,"19,935",178,16,57,105,,,,,4,6,,4,,2,,,,2,,52,16,213,,,38,20,13,4,,1,259,,,17,55,1,75,7,104,11,5,2,32,25,7,,,,,,1,,,,8
,,Bethel,"18,822",60,1,50,9,,,,,1,14,3,,,11,2,2,,2,,48,11,118,1,,54,14,17,23,,,296,,,52,36,1,84,4,119,10,2,,59,40,19,,,,,,1,,,,4
,,Bloomfield,"20,557",317,18,165,134,,,,,,11,6,,,5,3,3,,,,69,3,128,1,1,74,24,22,28,,,412,,1,96,39,,41,24,211,26,8,,148,104,44,,,,,,1,,,,11
,,Branford,"28,055",271,11,111,149,,,,,,14,,,,14,,,,1,,56,20,225,,1,81,,81,,,,597,,1,124,101,,156,,215,23,10,10,72,56,16,,,,,,,1,,1,4
,,Bristol,"60,688",881,30,390,461,3,3,,,,28,9,3,,16,4,,4,7,,352,15,538,2,1,77,12,46,12,1,6,"1,150",,1,232,66,,308,40,503,90,51,4,305,259,46,,,,,,1,,,,26
,,Brookfield,"16,662",60,2,48,10,,,,,,3,1,,,2,,,,,,36,8,50,2,,25,7,8,10,,,150,1,,48,15,,11,6,69,7,,3,44,25,19,,,,,,,2,1,1,7
,,Canton,"10,328",17,,11,6,,,,,,5,1,,,4,1,,1,,,7,,24,,,12,1,9,,,2,81,,,18,4,,14,4,41,3,,,37,22,15,,,,,,,,,,
,,Cheshire,"29,295",148,,28,120,,,,,2,1,,,,1,,,,,,48,13,80,1,,16,6,7,3,,,230,,,27,48,,49,28,78,9,4,1,45,27,18,,,,,,,,,,2
,,Clinton,"13,326",142,8,92,42,,,,,,53,16,,4,33,1,,1,1,,53,12,86,4,,31,12,15,4,,,251,,,59,1,3,56,6,126,10,3,6,175,117,58,,,,,,,7,5,2,13
,,Coventry,"12,451",80,,23,57,,,,,,11,2,1,1,7,2,,2,,,67,1,60,,,28,3,9,13,,3,105,,,5,6,,22,3,69,2,,1,16,14,2,,,,,,2,,,,1
,,Cromwell,"14,075",90,4,74,12,,,,,,4,1,,,3,,,,,,44,13,110,9,,29,7,22,,,,233,,1,44,65,,58,14,51,13,6,,11,10,1,,,,,,,,,,3
,,Darien,"20,998",48,2,21,25,,,,,,,,,,,,,,,,13,4,3,3,2,10,1,5,4,,,94,,,15,3,,35,1,40,1,1,,17,13,4,,,,,,1,1,1,,1
,,Derby,"12,917",171,9,85,77,1,1,,,,9,8,,,1,,,,2,,92,9,106,,,26,5,9,12,,,271,1,1,67,69,,79,17,37,34,10,,105,104,1,,,,,,,1,1,,4
,,East Hartford,"51,431","1,085",81,756,248,2,2,,,28,85,26,4,2,53,5,,5,11,,363,27,693,6,2,272,103,99,58,,12,"1,081",1,1,187,168,3,224,253,244,182,84,29,129,82,47,,,,,,4,7,6,1,32
,,East Haven,"29,288",203,12,133,58,1,1,,,1,26,6,,,20,,,,4,,165,29,338,,,100,,58,37,,5,643,,1,155,178,,196,7,106,66,15,,56,35,21,,,,,,,,,,5
,,Easton,"7,584",16,,14,2,,,,,,,,,,,,,,,,17,,5,,,17,2,10,3,,2,22,,,,5,,5,1,11,1,,,6,3,3,,,,,,,,,,
,,East Windsor,"11,200",152,5,82,65,,,,,5,17,8,,,9,2,,2,4,,61,8,143,,,24,7,11,6,,,278,,,60,29,3,45,23,118,13,6,6,17,11,6,,,,,,2,3,1,2,14
,,Fairfield,"60,122",211,18,159,34,,,,,,7,2,,,5,1,,1,1,,223,9,308,16,,11,5,6,,,,"1,002",,1,215,172,,271,128,215,63,13,,56,52,4,,,,,,,1,,1,3
,,Farmington,"25,429",117,5,95,17,,,,,1,7,2,,,5,4,,4,1,,50,8,135,19,,81,13,52,14,,2,569,1,,320,89,,62,3,94,16,17,1,184,106,78,,,,,,1,,,,9
,,Glastonbury,"34,547",151,10,88,53,,,,,3,10,3,,,7,,,,1,,56,27,35,4,,39,25,10,2,,2,282,,1,46,47,1,84,36,67,11,9,1,225,152,73,,,,,,2,2,1,1,13
,,Granby,"11,321",89,1,54,34,,,,,2,2,,,,2,,,,,,5,4,48,1,,46,20,7,19,,,103,,,8,32,,19,1,43,,1,,90,51,39,,,,,,,,,,4
,,Greenwich,"61,948",70,15,51,4,,,,,,7,2,1,,4,2,1,1,4,,45,16,56,2,,12,3,6,2,,1,315,,,12,23,,23,6,251,16,6,,104,77,27,,,,,,2,,,,4
,,Groton,"10,397",174,10,129,35,,,,,2,13,4,,,9,,,,3,,8,1,96,,,10,3,4,3,,,160,,,2,31,,58,4,65,11,3,7,46,29,17,,,,,,1,1,1,,11
,,Groton Town,"29,231",360,32,208,120,,,,,20,27,8,1,1,17,1,,1,6,,72,21,200,9,,94,64,12,16,,2,529,,,163,79,,63,23,201,23,8,21,199,127,72,,,,,,1,1,1,,18
,,Hamden,"61,032",596,280,139,177,2,2,,,4,18,3,,2,13,1,,1,2,,196,30,433,1,,176,7,93,46,2,28,"1,116",1,1,219,202,,254,53,386,94,39,,123,121,2,,,,,,2,1,1,,27
,,Madison,"18,288",22,1,15,6,,,,,,3,,,,3,1,,1,1,,25,3,25,1,,17,1,13,3,,,91,,,9,34,,24,2,22,2,1,1,24,19,5,,,,,,,,,,4
,,Middletown,"47,878",754,45,581,128,1,1,,,,7,1,,1,5,4,1,3,3,,157,17,277,2,,58,34,13,7,,4,662,10,4,81,186,2,161,17,201,60,25,3,465,311,154,,,,,,4,3,3,,19
,,Monroe,"19,728",26,1,11,14,,,,,,1,1,,,,,,,,,41,3,93,,,68,55,5,,,8,115,,,,13,,24,7,71,3,1,,11,8,3,,,,,,,,,,3
,,Naugatuck,"31,896",194,12,129,53,,,,,1,46,7,1,,38,10,4,6,2,,92,15,205,,,44,3,35,6,,,499,,,96,42,,132,44,185,42,11,,202,176,26,,,,,,3,,,,22
,,New Canaan,"19,992",34,3,21,10,1,1,,,,,,,,,2,1,1,,,14,1,27,,,30,9,12,6,,3,115,3,1,10,23,,23,,55,2,2,,93,60,33,,,,,,,,,,
,,New Haven,"129,934","5,774",957,"3,282","1,535",17,17,,,153,165,55,15,,95,10,,10,15,1,"1,470",177,"2,606",22,1,865,197,319,326,,23,"4,519",39,10,729,"1,203",,"1,122",555,861,723,847,248,"1,227",987,240,3,1,2,,,2,12,7,5,"1,108"
,,New London,"27,643",929,308,448,173,3,3,,,35,35,11,2,,22,5,,5,10,,192,34,471,15,,167,77,48,38,1,3,517,8,,92,144,,84,85,104,66,45,8,185,132,53,,,,,,6,1,1,,81
,,New Milford,"28,047",308,11,199,98,,,,,8,17,9,,,8,2,,2,1,,4,15,200,6,,37,12,19,4,1,1,385,,1,40,65,,113,8,158,23,1,5,107,63,44,,,,,,10,,,,13
,,Newtown,"27,904",112,2,63,47,,,,,1,11,5,,,6,1,,1,1,,32,3,104,,,24,13,8,3,,,180,,,10,74,,23,1,72,2,,,35,20,15,,,,,,1,,,,4
,,North Branford,"14,422",49,3,20,26,1,1,,,1,3,1,,,2,,,,,1,34,3,98,,,34,1,25,5,,3,165,,,19,22,1,32,5,86,6,1,1,32,25,7,,,,,,,,,,5
,,North Haven,"24,119",51,1,33,17,,,,,,2,,,,2,,,,,,63,13,90,1,,62,1,52,5,,4,480,,,65,75,1,120,15,204,18,11,2,176,111,65,,,,,,,,,,5
,,Norwalk,"86,693","1,084",193,620,271,3,3,,,19,18,9,,1,8,3,,3,4,,258,38,600,26,,277,74,98,95,,10,"1,369",14,1,253,407,1,452,96,145,98,69,19,460,341,119,1,1,,,,1,4,3,1,38
,,Old Saybrook,"10,293",46,9,20,17,,,,,,,,,,,,,,,,7,10,61,1,,14,,6,4,,4,155,,5,33,7,,19,1,90,3,,,48,27,21,,,,,,,,,,12
,,Orange,"13,971",20,,20,,,,,,,4,2,,,2,,,,5,,33,13,74,9,,48,7,25,13,,3,333,1,,135,73,,70,3,51,10,5,1,41,37,4,,,,,,,,,,9
,,Plymouth,"12,202",39,4,31,4,,,,,,6,4,1,1,,,,,2,,38,5,96,1,,22,1,19,1,,1,157,,,8,37,,35,1,76,16,,2,56,38,18,,,,,,,,,,5
,,Putnam,"9,588",227,20,130,77,,,,,8,16,7,,,9,2,,2,3,,51,4,83,1,,19,6,6,7,,,145,,,26,30,,21,3,65,6,3,2,48,34,14,,,,,,1,1,,1,5
,,Redding,"9,275",9,,9,,,,,,,,,,,,,,,,,8,,42,,,12,,12,,,,47,,,1,15,,5,,26,4,,1,12,12,,,,,,,,,,,2
,,Ridgefield,"24,952",56,,49,7,,,,,,,,,,,,,,1,,10,1,18,,,2,1,,1,,,80,,1,13,25,,25,,16,1,1,,10,4,6,,,,,,,,,,4
,,Seymour,"16,558",75,6,53,16,,,,,,6,2,,,4,3,,3,1,,40,6,82,,,29,4,11,13,,1,106,,,19,27,,26,4,30,10,2,1,33,31,2,,,,,,,,,,5
,,Shelton,"40,062",212,3,86,123,,,,,,12,7,1,,4,1,1,,,,134,5,102,,,38,2,36,,,,269,1,1,27,74,,85,21,60,27,12,,33,20,13,,,,,,,,,,5
,,Simsbury,"23,591",85,4,41,40,1,1,,,1,,,,,,,,,,,25,5,65,,,37,8,13,12,,4,148,,,17,23,,42,5,61,4,2,,33,19,14,,,,,,,,,,4
,,Southington,"43,219",505,11,363,131,1,1,,,8,18,6,1,,11,2,,2,7,,131,38,452,6,,191,119,23,49,,,603,,,114,114,1,215,35,124,31,12,20,145,130,15,,,,,,8,,,,22
,,Stamford,"124,201","1,188",176,691,321,5,5,,,39,68,25,8,,35,10,1,9,10,,292,89,414,34,5,417,142,139,128,,8,"1,477",5,5,274,347,1,233,238,374,171,146,6,538,436,102,3,3,,,,1,2,2,,158
,,Stonington,"18,556",183,7,148,28,,,,,,5,3,,,2,,,,1,,66,10,151,2,,43,9,18,16,,,261,,,15,35,1,41,9,160,8,1,,15,10,5,,,,,,1,,,,1
,,Stratford,"52,041",459,61,265,133,,,,,2,28,15,1,1,11,4,,4,9,,246,43,458,17,1,189,62,58,54,,15,"1,082",1,,333,165,2,234,128,219,98,28,6,173,138,35,,,,,,4,,,,11
,,Suffield,"15,789",77,3,51,23,,,,,2,2,1,,1,,,,,,,25,1,61,3,1,18,4,4,10,,,124,,,,23,,49,4,48,2,,,9,7,2,,,,,,1,,,,4
,,Thomaston,"7,859",44,4,40,,,,,,,1,,,,1,1,1,,,,58,4,44,,,13,1,8,4,,,73,,,3,17,,18,,35,8,,5,13,11,2,,,,,,1,,,,1
,,Torrington,"36,264",342,22,318,2,,,,,,43,18,,,25,7,1,6,4,,111,13,237,1,,57,14,33,9,,1,711,,,114,134,,202,15,246,20,11,3,109,103,6,,,,,,3,,,,3
,,Trumbull,"36,474",87,3,63,21,,,,,,6,,,,6,,,,,,52,11,50,1,,19,3,8,4,,4,463,1,1,263,29,,65,2,102,25,11,1,168,107,61,,,,,,,,,,8
,,Vernon,"29,217",235,34,192,9,,,,,3,12,5,,1,6,3,,3,2,,67,8,94,5,,20,4,10,5,,1,245,,1,53,48,1,62,3,77,9,7,2,232,166,66,,,,,,,,,,14
,,Wallingford,"45,183",172,3,97,72,,,,,13,14,2,1,1,10,,,,2,,161,41,298,6,,183,51,124,8,,,861,,,183,82,46,91,24,435,25,10,2,349,231,118,,,,,,1,,,,19
,,Waterford,"19,529",161,38,82,41,1,1,,,,4,,2,,2,1,,1,,,55,15,86,,,44,5,22,17,,,499,4,2,399,25,,22,6,41,7,6,,77,49,28,,,,,,2,,,,7
,,Watertown,"22,437",234,16,122,96,2,2,,,1,8,4,1,,3,1,,1,,,86,8,187,3,,89,22,34,4,,29,418,,1,47,89,,164,27,90,22,3,2,33,24,9,,,,,,2,,,,8
,,West Hartford,"63,487",215,9,159,47,,,,,1,6,2,,,4,1,,1,2,,241,69,609,12,,177,16,92,44,,25,"1,354",,,492,224,2,378,109,149,67,35,19,465,269,196,,,,,,,,,,15
,,Weston,"10,309",28,3,8,17,,,,,,1,,,,1,,,,,,11,,52,,,27,14,9,4,,,30,,,,13,,4,,13,,,,5,5,,,,,,,,,,,1
,,Westport,"26,728",47,9,25,13,,,,,,1,,,,1,,,,,,40,14,71,1,,41,27,9,4,,1,276,6,1,43,57,,68,8,93,8,2,,32,30,2,,,,,,,,,,6
,,Wethersfield,"26,762",132,11,75,46,,,,,2,8,1,5,,2,3,,3,1,,62,32,152,7,,132,52,40,40,,,328,,,106,79,,55,43,45,20,11,27,161,113,48,,,,,,,10,9,1,12
,,Willimantic,"17,818",183,13,166,4,,,,,,13,1,,10,2,5,,5,4,,104,,210,,,7,1,4,2,,,287,,1,43,52,,94,3,94,43,13,,127,111,16,,,,,,,5,5,,18
,,Wilton,"18,291",22,1,8,13,1,1,,,,1,,,,1,1,,1,,,17,8,10,2,,3,1,2,,,,76,,,2,34,,12,3,25,1,,,13,8,5,,,,,,1,,,,2
,,Winchester,"11,205",176,9,96,71,,,,,,9,2,2,,5,1,,1,1,,81,7,92,1,,18,4,12,1,,1,161,,,23,39,1,55,11,32,11,4,,12,7,5,,,,,,1,,,,3
,,Windsor,"29,145",226,4,183,39,,,,,2,12,4,,,8,,,,,,55,28,127,,,9,5,2,2,,,370,1,,84,75,,59,15,136,13,7,1,98,81,17,,,,,,1,,,,11
,,Windsor Locks,"12,541",158,4,45,109,,,,,,10,3,,,7,3,1,2,,,48,3,108,,,24,8,6,9,,1,167,,,2,40,,45,10,70,10,4,,63,50,13,,,,,,1,,,,11
,,Wolcott,"16,697",29,,29,,,,,,,2,1,,,1,,,,,,78,,111,,,11,1,4,1,,5,227,,,11,3,,107,6,100,14,5,,14,12,2,,,,,,,,,,1
,,Woodbridge,"9,000",41,5,26,10,,,,,,2,1,,,1,,,,,,23,6,45,,,24,1,8,9,,6,79,,,,39,,23,3,14,7,2,2,19,13,6,,,,,,,,,,4
,Universities and Colleges,Central Connecticut State University,"12,521",7,1,1,5,,,,,,,,,,,,,,,,16,,30,,,,,,,,,32,,,,6,,7,,19,,,,13,9,4,,,,,,,,,,
,,Eastern Connecticut State University,"5,586",4,1,3,,,,,,,2,1,,,1,,,,,,3,,15,,,2,,2,,,,71,,,1,47,,8,,15,1,,1,11,7,4,,,,,,,,,,1
,,Southern Connecticut State University,"11,533",15,1,13,1,,,,,,3,,,,3,,,,,,3,,49,,,1,,1,,,,67,,1,1,39,,10,,16,,1,,16,10,6,,,,,,,,,,
,,University of Connecticut:,,,,,,,,,,,,,,,,,,,,,,,,,,,,,,,,,,,,,,,,,,,,,,,,,,,,,,,,
,,Health Center3,,,,,,,,,,,,,,,,,,,,,,,2,,,,,,,,,3,,,,1,,,,2,1,,2,11,8,3,,,,,,,,,,
,,"Storrs, Avery Point, and Hartford3",,28,,21,7,,,,,1,8,4,2,,2,,,,4,,32,10,176,,,5,,2,1,,2,235,,,58,89,,12,5,71,15,,,351,213,138,,,,,,,,,,9
,,Western Connecticut State University,"6,407",41,,8,33,,,,,1,4,2,,,2,,,,1,,7,2,45,,,4,1,1,2,,,31,,,,19,,4,1,7,,,,11,7,4,,,,,,,,,,1
,State Police Agencies,Connecticut State Police,,"3,655",212,"2,446",997,37,36,,1,77,252,55,12,32,153,33,3,30,61,,"1,322",191,"1,965",21,3,524,180,133,165,5,41,"4,090",1,,300,629,5,532,91,"2,532",250,60,67,"2,253","1,672",581,51,29,22,,,57,3,3,,302
,Other Agencies,State Capitol Police,,,,,,,,,,,,,,,,,,,,,,,,,,,,,,,,7,,,,,,2,,5,,,,1,1,,,,,,,,,,,
DELAWARE,Cities,Bethany Beach,"1,089",22,1,8,13,,,,,,1,,,1,,,,,,,17,2,39,1,,17,10,2,5,,,103,,,10,8,1,16,4,64,1,,2,39,23,16,,,,,,1,,,,2
,,Blades,"1,275",32,7,23,2,,,,,1,2,1,,,1,,,,,,7,1,17,,,7,2,1,4,,,23,,,1,12,,4,,6,2,3,1,10,5,5,,,,,,,,,,2
,,Bridgeville,"2,104",70,13,44,13,,,,,1,9,2,,1,6,,,,1,,14,4,20,,,23,6,8,9,,,54,,,12,18,,10,5,9,4,2,2,114,54,60,,,,,,1,,,,5
,,Camden,"3,558",94,11,58,25,,,,,2,1,1,,,,,,,,1,18,2,41,3,,39,20,12,7,,,284,,,222,25,2,17,6,12,2,5,4,25,14,11,,,,,,,,,,3
,,Cheswold,"1,416",7,2,5,,,,,,,,,,,,1,,1,,,3,,10,,,4,3,,1,,,14,,,1,3,,5,,5,,,,10,5,5,,,,,,,,,,2
,,Clayton,"2,999",76,12,40,24,,,,,3,6,1,1,1,3,,,,,,8,,16,1,,25,6,6,13,,,34,,,,16,,8,1,9,,,,42,24,18,,,,,,,,,,3
,,Dagsboro,822,9,,9,,,,,,,,,,,,,,,,,5,3,9,2,,8,4,2,2,,,18,,,6,3,,3,1,5,2,,2,20,10,10,,,,,,,,,,
,,Delaware City,"1,725",23,1,12,10,,,,,,,,,,,,,,,,11,4,30,,,12,6,2,4,,,28,,,,14,,4,2,8,,2,,10,5,5,,,,,,1,,,,1
,,Delmar,"1,648",36,9,25,2,,,,,6,8,2,1,1,4,,,,,,24,4,34,2,,9,6,2,1,,,39,1,,7,18,,4,6,3,2,3,3,11,10,1,,,,,,1,,,,3
,,Dewey Beach,351,54,6,45,3,,,,,1,,,,,,,,,,,10,1,45,,,22,4,4,14,,,64,,,1,23,,9,6,25,4,1,1,56,11,45,,,,,,,,,,
,,Dover,"36,961","1,144",224,768,152,1,1,,,34,28,13,1,1,13,3,,3,10,,129,54,946,26,1,353,192,60,101,,,"2,040",1,6,908,483,4,299,49,290,64,63,36,586,299,287,1,1,,,,3,1,,1,129
,,Ellendale,390,2,,2,,,,,,,,,,,,,,,,,4,,2,,,1,,,1,,,1,,,,,,1,,,,,,9,4,5,,,,,,,,,,
,,Elsmere,"6,240",193,47,119,27,,,,,3,3,,1,,2,,,,,,41,1,121,3,,22,8,4,10,,,125,,,10,38,,33,7,37,14,17,4,61,49,12,,,,,,,,,,36
,,Felton,"1,334",26,8,15,3,,,,,1,1,,,,1,,,,,,4,,13,1,,6,3,2,1,,,25,,,10,10,,3,1,1,,,1,7,4,3,,,,,,,,,,2
,,Fenwick Island,388,3,,2,1,,,,,,,,,,,,,,,,7,,10,,,3,2,,1,,,28,,,6,3,,,,19,,,1,10,6,4,,,,,,,,,,1
,,Frankford,871,10,1,6,3,,,,,,1,1,,,,,,,,,4,,7,,,1,,1,,,,5,,,,,,,,5,,,,,,,,,,,,,,,,
,,Georgetown,"6,596",163,33,105,25,,,,,7,17,6,3,2,6,2,,2,1,1,67,23,121,5,,89,40,13,36,,,242,,,109,81,,14,9,29,11,23,1,142,75,67,,,,,,,6,4,2,22
,,Greenwood,"1,001",16,2,10,4,,,,,1,3,1,,,2,,,,,,11,1,18,,,14,6,1,7,,,14,,,1,5,,2,2,4,1,1,1,48,22,26,,,,,,,,,,4
,,Harrington,"3,659",181,24,113,44,,,,,3,14,3,4,1,6,1,,1,,,57,9,109,3,,64,24,15,25,,,134,,,26,51,1,12,1,43,5,2,1,132,66,66,,,,,,1,,,,8
,,Laurel,"3,810",220,31,156,33,,,,,8,9,3,,,6,1,,1,1,,73,11,153,1,,58,19,11,28,,,162,,,31,63,,17,10,41,7,10,3,89,45,44,,,,,,1,,,,17
,,Lewes,"2,820",58,7,33,18,,,,,2,3,1,,,2,1,,1,1,,11,3,29,,1,18,10,3,5,,,54,,,2,23,,13,2,14,2,1,3,58,30,28,,,,,,3,,,,4
,,Middletown,"19,203",294,35,201,58,,,,,7,6,3,,,3,1,,1,1,,62,11,228,11,,91,31,22,38,,,397,,1,174,79,2,65,13,63,20,22,3,254,153,101,1,,1,,,,,,,25
,,Milford,"9,816",512,91,275,146,1,1,,,12,17,6,5,,6,,,,3,,152,50,254,9,,164,84,25,55,,,629,,,264,144,,126,26,69,8,34,8,233,126,107,,,,,,4,1,1,,56
,,Millsboro,"3,985",118,17,77,24,,,,,3,3,,,,3,,,,,2,28,15,56,5,,73,34,19,20,,,116,,,35,48,,4,3,26,5,6,,59,35,24,,,,,,1,,,,11
,,Milton,"2,650",80,10,48,22,,,,,3,6,,1,,5,1,,1,,,32,3,43,1,,53,29,9,15,,,59,,,10,17,1,7,1,23,1,,,33,18,15,,,,,,,,,,6
,,Newark,"31,965",606,81,385,140,,,,,10,36,8,1,3,24,2,,2,6,,182,24,591,9,,175,83,38,54,,,871,,,222,280,7,121,66,175,36,43,19,369,212,157,,,,,,,5,4,1,57
,,New Castle,"5,378",91,11,60,20,,,,,1,,,,,,,,,,,39,4,121,2,,68,22,18,28,,,256,,,115,50,,28,15,48,7,6,2,167,76,91,,,,,,,2,1,1,4
,,Newport,"1,074",21,5,11,5,,,,,1,1,,,,1,,,,,,15,1,50,,,4,1,,3,,,39,,,2,12,1,14,2,8,6,3,1,,,,,,,,,,,,,2
,,Ocean View,"1,933",10,1,5,4,,,,,,,,,,,,,,,,22,,20,1,,5,5,,,,,22,,,,7,,7,,8,,,1,34,17,17,,,,,,,,,,4
,,Rehoboth Beach,"1,364",79,8,61,10,,,,,2,3,1,,,2,,,,,1,39,6,91,4,,29,13,4,12,,,125,,,35,33,1,8,3,45,,1,2,56,32,24,,,,,,,,,,1
,,Seaford,"7,113",246,72,147,27,1,1,,,10,11,4,1,,6,1,,1,,1,72,28,196,9,,150,83,18,49,,,512,,,327,89,1,15,8,72,5,20,13,194,102,92,,,,,,,,,,40
,,Selbyville,"2,216",58,4,40,14,,,,,2,3,2,,,1,,,,,,28,5,45,1,,17,9,,8,,,100,,,54,16,,9,4,17,3,1,2,20,9,11,,,,,,1,,,,7
,,Smyrna,"10,292",303,25,220,58,,,,,6,12,1,4,,7,1,,1,,,64,11,184,4,,119,54,23,42,,,265,,1,69,94,1,27,12,61,7,17,15,145,83,62,,,,,,1,2,1,1,22
,,South Bethany,461,2,,,2,,,,,,,,,,,,,,,,1,,7,,,1,,,1,,,11,,,,,,,1,10,,,,5,4,1,,,,,,,,,,
,,Wilmington,"72,088","3,231",724,"1,925",582,26,26,,,45,75,34,4,,37,4,,4,1,1,"1,245",72,"2,719",8,1,492,84,86,321,,1,"2,373",10,13,176,857,1,805,243,268,365,475,105,"1,488","1,124",364,1,1,,,,3,1,1,,621
,,Wyoming,"1,349",16,1,11,4,,,,,,,,,,,,,,,,12,1,17,,,10,3,2,5,,,14,,,,7,,1,,6,1,,1,7,4,3,,,,,,,,,,
,Universities and Colleges,Delaware State University,"4,154",37,6,26,5,,,,,,4,3,,,1,,,,,,24,1,15,,,8,2,3,3,,,41,,,2,33,,2,1,3,,3,,20,10,10,,,,,,,,,,1
,,University of Delaware,"21,489",53,5,30,18,,,,,,1,1,,,,,,,,,9,3,127,,,26,11,5,10,,,218,,,5,83,4,17,9,100,1,1,13,171,89,82,,,,,,,,,,7
,Metropolitan Counties,New Castle County Police Department,,"5,293",737,"3,247","1,309",16,14,1,1,79,172,66,19,6,81,15,,15,3,1,"2,255",79,"4,089",8,3,957,171,335,449,,2,"3,974",5,2,33,"1,220",4,"1,682",351,677,395,285,139,"1,156",714,442,,,,,,14,27,13,14,496
,State Police Agencies,State Police:,,,,,,,,,,,,,,,,,,,,,,,,,,,,,,,,,,,,,,,,,,,,,,,,,,,,,,,,
,,Kent County,,"2,144",352,"1,429",363,3,3,,,22,150,24,32,21,73,13,1,12,1,,837,54,"1,381",25,1,758,418,148,192,,,"1,741",2,,271,511,4,395,96,462,124,59,100,"1,031",525,506,,,,,,15,,,,197
,,New Castle County,,"1,696",284,"1,065",347,7,7,,,27,67,13,12,1,41,6,,6,3,1,530,315,"1,919",132,2,"1,092",710,156,226,,,"4,939",5,,"2,453","1,006",37,588,329,521,167,315,118,"1,230",744,486,,,,,,,14,9,5,228
,,Sussex County,,"3,386",452,"2,242",692,4,4,,,37,150,47,19,6,78,14,,14,2,,"1,298",176,"2,237",44,1,"1,150",594,213,343,,,"2,627",1,,317,882,19,526,145,737,144,75,115,"1,427",720,707,,,,,,18,3,2,1,207
,Other Agencies,Attorney General:,,,,,,,,,,,,,,,,,,,,,,,,,,,,,,,,,,,,,,,,,,,,,,,,,,,,,,,,
,,Kent County,,2,,2,,,,,,,,,,,,,,,,,,,,,,3,3,,,,,1,,,,1,,,,,,,,,,,,,,,,,,,,
,,New Castle County,,3,,1,2,,,,,,,,,,,,,,,,,3,,,,14,13,,1,,,3,,,,1,,,,2,,,,,,,,,,,,,,,,
,,Division of Alcohol and Tobacco Enforcement,,,,,,,,,,,,,,,,,,,,,,,,,,2,1,,1,,,,,,,,,,,,,,,11,7,4,6,1,2,3,,,,,,
,,Environmental Control,,,,,,,,,,,,,,,,,,,,,,,,,,,,,,,,3,,,,,,,,3,,,,,,,,,,,,,,,,
,,Fish and Wildlife,,8,6,2,,,,,,,,,,,,,,,,,1,,15,,,3,,,3,,,12,,,,1,,2,,9,,,,17,8,9,,,,,,,,,,15
,,Park Rangers,,11,,8,3,,,,,,,,,,,,,,,,18,2,58,,,14,1,6,7,,,39,,1,1,4,1,16,3,13,1,,3,102,51,51,,,,,,,,,,9
,,River and Bay Authority,,13,2,9,2,,,,,,,,,,,,,,,,1,53,7,,,24,2,,22,,,11,,,,3,,1,1,6,1,,5,51,29,22,,,,,,,,,,2
,,State Capitol Police,,40,3,14,23,,,,,1,,,,,,,,,,,,4,11,,,11,7,,4,,,33,,,,18,,8,3,4,,1,,16,11,5,,,,,,,,,,6
,,State Fire Marshal,,49,18,,31,,,,,,,,,,,,,,182,,17,,7,,,2,2,,,,,,,,,,,,,,1,,,,,,,,,,,,,,,23
DISTRICT OF COLUMBIA,Other Agencies,Metro Transit Police,,726,109,562,55,,,,,4,1,,,1,,,,,1,,,2,670,,1,7,5,,2,,,"1,373",174,474,,8,,209,65,443,112,311,14,190,156,34,,,,,,,,,,52
IDAHO,Cities,Aberdeen,"2,023",4,,3,1,,,,,1,2,,,,2,,,,,,1,,11,,,,,,,,,12,,,,,,2,,10,,,,1,,1,,,,,,,,,,
,,American Falls,"4,458",42,5,36,1,,,,,,8,1,,,7,,,,,,6,,25,,,5,3,1,1,,,49,,,1,5,,1,1,41,6,,1,27,10,17,,,,,,,,,,1
,,Bellevue,"2,283",18,14,3,1,1,1,,,,2,,,,2,,,,,,11,3,7,,,2,,1,,,1,10,4,1,2,,,,,3,3,,,7,4,3,,,,,,,,,,
,,Blackfoot,"12,068",341,16,315,10,,,,,1,46,8,,,38,4,,4,1,,117,7,183,,,52,32,18,,,2,292,,,19,,,42,3,228,17,3,6,233,126,107,,,,,,3,,,,13
,,Boise,"211,569","2,144",430,"1,462",252,1,1,,,18,172,76,19,22,55,8,,8,56,1,913,169,"1,957",24,7,905,263,386,235,,21,"4,310",5,5,935,913,6,"1,069",116,"1,261",163,64,52,"1,672",910,762,,,,,,20,7,7,,146
,,Bonners Ferry,"2,524",23,3,15,5,,,,,,,,,,,1,,1,,,10,,10,1,,,,,,,,25,,,11,5,,4,2,3,1,,,61,34,27,,,,,,,,,,1
,,Buhl,"4,191",63,3,57,3,,,,,1,6,2,1,,3,,,,1,,29,6,32,,,15,7,1,7,,,59,1,,8,1,,10,,39,2,,2,36,17,19,,,,,,1,,,,1
,,Caldwell,"47,223",501,106,385,10,1,1,,,5,34,8,,3,23,1,,1,9,,219,31,518,,,108,38,49,20,1,,841,,5,243,85,1,167,24,316,47,7,21,842,388,454,,,,,,2,7,6,1,118
,,Challis,"1,079",5,,5,,,,,,,,,,,,,,,1,,5,,1,,,,,,,,,5,,,,,,2,,3,1,,,1,,1,,,,,,,,,,
,,Chubbuck,"14,162",316,34,219,63,,,,,1,11,2,1,1,7,3,,3,3,,39,11,147,8,,81,35,37,9,,,518,1,1,234,50,1,62,10,159,16,3,2,102,53,49,,,,,,3,,,,52
,,Coeur d'Alene,"45,267",991,220,683,88,,,,,10,79,26,6,9,38,11,3,8,15,,423,59,435,4,,151,49,70,27,,5,"1,443",,1,204,345,6,382,101,404,155,14,27,740,374,366,,,,,,8,2,2,,52
,,Cottonwood,916,1,,1,,,,,,,,,,,,,,,,,1,,7,,,,,,,,,10,,,,3,,2,,5,,,,1,1,,,,,,,,,,,
,,Emmett,"6,581",90,14,73,3,,,,,,21,5,,,16,,,,3,,23,8,30,,,,,,,,,56,,,,,,2,1,53,1,,,71,33,38,,,,,,4,,,,2
,,Filer,"2,551",10,2,8,,,,,,,,,,,,,,,,,2,,2,,,1,,1,,,,1,,,,,,1,,,2,,,6,3,3,,,,,,,,,,1
,,Fruitland,"4,715",31,5,26,,,,,,,,,,,,2,1,1,2,,26,7,25,,,11,3,2,3,,3,55,,,2,1,,10,,42,2,,3,45,26,19,,,,,,,,,,3
,,Garden City,"11,293",232,42,173,17,1,1,,,1,31,11,,,20,,,,3,,52,11,179,4,1,56,16,22,15,1,2,373,,,106,15,,59,14,179,18,3,9,282,140,142,1,,1,,,2,,,,19
,,Gooding,"3,593",53,8,43,2,,,,,1,4,1,,,3,,,,2,,14,2,39,,,3,1,2,,,,46,,,3,2,,6,3,32,4,1,1,21,12,9,,,,,,,,,,1
,,Grangeville,"3,198",39,1,35,3,,,,,,,,,,,3,,3,,,15,1,27,1,,7,2,1,2,,2,19,,,5,2,,3,,9,1,,1,3,,3,,,,,,,,,,1
,,Hagerman,879,4,2,2,,,,,,,,,,,,,,,,,1,,4,,,1,1,,,,,5,,,,,,,,5,1,,1,3,2,1,,,,,,,,,,
,,Hailey,"7,946",48,29,16,3,,,,,,5,4,,,1,,,,1,,21,2,53,,,9,2,5,,,2,35,12,1,9,1,,6,1,5,10,,2,35,22,13,,,,,,,,,,4
,,Heyburn,"3,121",15,2,13,,,,,,,1,1,,,,,,,3,,19,,2,,,1,1,,,,,16,,1,2,1,,,1,11,2,,,6,5,1,,,,,,,,,,1
,,Idaho Falls,"58,037",759,100,599,60,,,,,24,70,26,,4,40,16,,16,6,,277,40,592,6,,180,80,54,40,1,5,"1,380",,,291,142,,382,7,558,67,13,19,560,290,270,,,,,,5,1,1,,33
,,Jerome,"11,115",137,32,87,18,,,,,3,18,7,,,11,2,,2,6,,67,5,147,,,14,5,7,2,,,120,,1,25,6,,27,,61,12,6,3,97,52,45,,,,,,,,,,8
,,Kamiah,"1,304",18,2,16,,,,,,,1,,,,1,,,,,,3,1,1,,,1,1,,,,,6,1,,4,,,1,,,2,,,5,5,,,,,,,,,,,
,,Ketchum,"2,712",28,13,13,2,,,,,,,,,,,,,,,,11,2,44,1,,4,,4,,,,47,1,2,7,7,,11,,19,4,,,9,5,4,,,,,,,,,,1
,,Kimberly,"3,320",18,4,14,,,,,,4,3,,,,3,1,,1,2,,8,2,7,,,1,,1,,,,26,,1,8,10,,4,,3,4,1,2,20,11,9,,,,,,,,,,6
,,Lewiston,"32,337",460,38,415,7,,,,,1,33,7,2,,24,4,3,1,1,,262,34,285,1,,68,6,42,8,1,11,942,1,,148,172,3,235,21,362,57,10,15,282,135,147,,,,,,1,,,,23
,,McCall,"2,944",91,10,68,13,,,,,,7,5,1,1,,,,,,,22,,25,,,14,2,2,9,1,,85,,,6,10,,9,,60,2,,2,90,46,44,,,,,,1,,,,
,,Meridian,"77,270",456,70,340,46,,,,,13,50,13,3,4,30,8,1,7,13,1,187,27,405,11,2,254,54,119,70,,11,"1,008",,,223,179,1,389,18,198,20,10,14,643,312,331,,,,,,15,,,,49
,,Montpelier,"2,622",58,2,44,12,,,,,,2,1,,,1,,,,,,12,4,35,,,9,6,3,,,,60,,,6,,,1,1,52,,,,35,20,15,,,,,,1,,,,
,,Moscow,"24,243",120,25,95,,,,,,,4,3,,1,,1,1,,3,,91,8,273,2,1,58,15,35,8,,,562,,,68,91,,171,,232,23,4,3,191,104,87,,,,,,,,,,9
,,Mountain Home,"13,935",295,43,241,11,,,,,2,27,7,,,20,3,,3,9,,35,1,97,1,,51,15,17,8,1,10,178,,,49,8,,31,9,81,6,3,2,78,44,34,,,,,,2,,,,8
,,Nampa,"83,316","1,025",143,870,12,3,2,1,,14,183,45,3,,135,7,,7,20,,470,32,640,4,,302,149,95,44,,14,"1,603",,11,475,236,,364,24,493,78,20,21,617,324,293,,,,,,11,1,1,,70
,,Orofino,"3,145",26,5,15,6,,,,,,,,,,,,,,,,17,,17,,,4,1,1,2,,,29,,1,,,,,,28,2,,1,13,8,5,,,,,,,,,,2
,,Parma,"2,026",20,3,17,,,,,,,,,,,,,,,,,8,,7,,,4,,3,1,,,22,,1,1,7,,10,,3,6,,,17,7,10,,,,,,,,,,1
,,Payette,"7,529",96,28,67,1,,,,,1,6,3,1,,2,3,,3,3,,43,6,83,2,,20,10,6,3,,1,166,,,12,52,,23,,79,4,,3,91,45,46,,,,,,,,,,5
,,Pocatello,"55,182",996,109,836,51,1,1,,,9,24,10,2,4,8,12,,12,4,,253,42,606,19,,91,27,40,21,,3,"1,201",1,13,199,165,4,264,35,520,50,22,6,533,290,243,,,,,,5,,,,48
,,Ponderay,"1,143",13,,12,1,,,,,,4,2,,,2,,,,,,15,3,20,,,6,6,,,,,110,,,31,,1,2,,76,4,,,35,23,12,,,,,,,,,,3
,,Post Falls,"28,294",318,42,258,18,,,,,4,24,6,,1,17,3,,3,8,,170,16,269,1,,77,17,48,10,,2,733,1,1,206,4,1,175,18,327,41,4,14,315,158,157,,,,,,3,1,1,,15
,,Preston,"5,265",36,5,31,,,,,,,7,3,,,4,,,,,,22,,21,,,10,6,3,1,,,58,,,19,2,,1,2,34,2,,,9,8,1,,,,,,,,,,
,,Priest River,"1,759",19,,16,3,1,1,,,,,,,,,,,,,,5,1,8,,,2,1,1,,,,15,,,3,,,,,12,3,,,19,12,7,,,,,,,,,,1
,,Rathdrum,"7,016",75,11,62,2,,,,,2,10,3,,,7,,,,1,,57,1,60,,,5,1,4,,,,83,,,11,5,,12,3,52,10,1,8,76,41,35,,,,,,,,,,3
,,Rexburg,"25,879",38,6,28,4,,,,,1,3,2,,,1,3,,3,2,,21,10,79,,,31,14,15,,,2,191,,,21,42,4,41,,83,4,1,1,60,31,29,,,,,,,,,,1
,,Rigby,"4,015",38,2,26,10,,,,,,3,3,,,,,,,,,14,2,36,,,14,12,2,,,,68,,,11,1,1,6,,49,2,,1,23,13,10,,,,,,,,,,4
,,Rupert,"5,616",52,1,51,,,,,,,7,4,,,3,1,1,,,,21,7,43,1,,10,10,,,,,82,1,,12,1,,9,,59,7,2,1,35,17,18,,,,,,,,,,4
,,Salmon,"3,145",17,7,10,,,,,,1,,,,,,,,,,,10,2,21,,,2,,1,1,,,19,,,2,10,,6,,1,1,,,13,7,6,,,,,,,,,,1
,,Sandpoint,"7,404",124,6,117,1,,,,,,19,,,,19,,,,1,,86,5,76,,,25,19,6,,,,260,,,21,1,,44,9,185,12,1,1,163,99,64,,,,,,,,,,11
,,Shelley,"4,474",38,,36,2,,,,,,6,1,,,5,,,,,,12,,29,,,9,8,1,,,,36,,,6,,,8,,22,3,1,,20,8,12,,,,,,,,,,5
,,Shoshone,"1,464",14,1,13,,,,,,2,1,1,,,,,,,,,4,,1,,,2,1,,1,,,1,,,,,,,,1,,1,,10,5,5,,,,,,,,,,1
,,Soda Springs,"3,029",27,11,14,2,,,,,,,,,,,,,,,,1,,9,,,,,,,,,10,,,2,1,,,3,4,,,,39,24,15,,,,,,,,,,4
,,Spirit Lake,"1,995",10,3,7,,,,,,,1,,,,1,1,,1,,,2,1,10,,,2,,1,,,1,17,,,8,4,,,3,2,5,,,20,13,7,,,,,,,,,,3
,,St. Maries,"2,398",45,12,29,4,,,,,2,1,,1,,,2,,2,,,9,1,11,1,,4,4,,,,,14,,,,5,,6,,3,,1,,52,31,21,,,,,,,,,,1
,,Sun Valley,"1,404",5,1,4,,,,,,,,,,,,,,,,,3,,6,,,4,1,2,1,,,10,2,,,4,,2,,2,2,,1,3,2,1,,,,,,,,,,1
,,Twin Falls,"44,866",854,138,610,106,1,,1,,25,81,20,,2,59,7,,7,4,,212,44,511,5,,116,31,43,39,,3,"1,005",,2,345,58,,177,24,399,51,17,16,477,334,143,,,,,,16,7,4,3,66
,,Weiser,"5,575",17,2,11,4,,,,,,,,,,,1,,1,,,5,,5,1,,1,,1,,,,14,,,3,,,5,1,5,2,,,28,14,14,,,,,,,,,,
,,Wendell,"2,803",17,4,13,,,,,,2,5,,,,5,,,,,,20,,14,,,8,8,,,,,32,,,3,,,11,,18,2,,1,10,5,5,,,,,,,,,,
,,Wilder,"1,568",11,2,9,,,,,,,4,1,,1,2,,,,,,5,,3,,,2,,1,1,,,7,,,1,,,1,,5,2,1,1,20,9,11,,,,,,,,,,2
,Metropolitan Counties,Ada,,649,105,462,82,,,,,12,60,19,20,,21,5,1,4,10,,248,25,369,7,1,98,30,36,30,,2,770,1,,34,165,1,307,29,233,28,6,10,629,345,284,,,,,,2,5,4,1,22
,,Bannock,,61,11,47,3,3,2,,1,,2,2,,,,1,,1,,,27,,23,,,2,,1,1,,,56,,,3,2,,18,1,32,2,,2,75,39,36,,,,,,1,,,,5
,,Boise,,65,11,47,7,,,,,,4,2,,,2,,,,1,,32,,20,,,20,,3,17,,,109,1,,2,1,,3,,102,12,2,1,52,28,24,,,,,,,,,,2
,,Bonneville,,512,44,370,98,,,,,16,52,15,,,37,2,,2,2,,147,20,332,2,,126,57,54,8,,7,532,,,82,51,,75,3,321,28,2,10,237,141,96,,,,,,6,,,,14
,,Butte,,13,5,8,,,,,,,,,,,,,,,,,,,1,,,,,,,,,1,,,1,,,,,,,,1,,,,,,,,,,,,,
,,Canyon,,296,72,211,13,1,1,,,11,67,14,,12,41,2,,2,5,,249,10,176,2,1,100,17,52,29,,2,311,1,,20,42,,63,17,168,42,5,5,211,111,100,,,,,,4,,,,10
,,Franklin,,9,1,8,,,,,,,13,1,,,12,,,,,,1,,5,,,8,7,1,,,,25,,,,,,,,25,,,,14,10,4,,,,,,,,,,
,,Gem,,23,8,13,2,,,,,,2,,,,2,,,,,,18,,11,,,1,,1,,,,14,1,,1,,,3,2,7,2,,,34,13,21,,,,,,1,,,,1
,,Jefferson,,34,11,18,5,,,,,,6,2,,,4,,,,,,19,,17,,,10,9,1,,,,55,,,2,,,14,,39,9,,,62,31,31,,,,,,,,,,1
,,Kootenai,,573,69,478,26,3,1,1,1,10,45,18,,3,24,4,1,3,13,,464,28,395,,,45,16,22,5,,2,909,,13,172,27,,182,8,507,66,3,25,532,289,243,,,,,,1,1,1,,20
,,Nez Perce,,62,5,54,3,,,,,,2,2,,,,1,,1,1,,33,2,35,1,,4,,2,2,,,77,,1,3,2,,1,3,67,4,,2,70,41,29,,,,,,,,,,5
,,Owyhee,,55,8,47,,1,1,,,,4,4,,,,,,,2,,26,1,41,,,14,14,,,,,61,,,3,,,2,,56,10,,1,18,9,9,,,,,,,,,,2
,Nonmetropolitan Counties,Adams,,4,1,3,,,,,,,,,,,,,,,,,3,,1,,,,,,,,,13,,1,,2,,2,,8,,,,51,29,22,,,,,,,,,,2
,,Bear Lake,,11,2,9,,,,,,,5,,3,,2,2,,2,1,,6,,17,,,7,4,3,,,,22,,,,,,,,22,1,,,3,3,,,,,,,,,,,
,,Benewah,,43,12,31,,,,,,,,,,,,,,,2,,28,1,9,,,,,,,,,22,,,2,,,1,1,18,5,,,53,24,29,,,,,,,,,,5
,,Bingham,,207,29,168,10,,,,,3,41,8,,,33,,,,3,,78,5,111,,,45,25,20,,,,188,,,1,2,,44,3,138,19,1,2,110,61,49,,,,,,3,,,,26
,,Blaine,,26,8,14,4,,,,,,1,,,,1,1,,1,1,,14,2,16,,,5,,3,2,,,16,,,,6,1,2,2,5,5,,,21,11,10,,,,,,,,,,3
,,Bonner,,166,26,123,17,1,1,,,1,32,2,2,,28,2,1,1,,,184,3,60,2,,41,33,6,2,,,230,,,13,2,,9,1,205,39,1,,211,119,92,,,,,,,,,,14
,,Boundary,,21,7,14,,,,,,,1,,,,1,1,,1,,,67,,36,,,6,2,4,,,,32,,1,1,10,,4,,16,7,,,31,24,7,,,,,,,,,,2
,,Camas,,3,1,2,,,,,,,,,,,,,,,,,3,,3,,,,,,,,,6,,,4,,,2,,,,,,,,,,,,,,,,,,
,,Caribou,,9,1,8,,,,,,,1,1,,,,,,,,,9,,16,,,,,,,,,13,,,,,,5,,8,1,,,23,13,10,,,,,,,,,,1
,,Cassia,,145,22,120,3,2,2,,,,28,9,3,,16,2,,2,,,70,9,164,1,,22,12,10,,,,270,,1,65,,1,30,17,156,17,1,7,120,70,50,,,,,,,,,,6
,,Clark,,,,,,,,,,,,,,,,,,,,,3,,2,,,,,,,,,5,,,,,,1,,4,,,,6,3,3,,,,,,,,,,
,,Clearwater,,68,7,36,25,,,,,,14,,,,14,,,,,,12,3,14,,,9,9,,,,,88,,,1,,,2,,85,1,,,29,15,14,,,,,,,,,,2
,,Custer,,9,,9,,,,,,,1,1,,,,,,,,,2,,3,,,1,,1,,,,12,,,,,,,,12,,,,6,2,4,,,,,,,,,,1
,,Elmore,,51,10,26,15,,,,,,3,,,,3,2,,2,1,,22,1,24,,,12,4,3,2,,3,68,,,,4,1,12,,51,5,,1,53,29,24,,,,,,1,,,,3
,,Fremont,,48,5,42,1,,,,,,4,2,,,2,,,,,,20,1,43,,,9,7,2,,,,60,,,2,,,4,1,53,2,,,75,37,38,,,,,,,,,,7
,,Gooding,,40,9,26,5,,,,,2,16,4,,1,11,,,,1,,24,,12,,,4,4,,,,,28,,,,2,,3,1,22,5,,1,27,18,9,,,,,,,,,,2
,,Idaho,,58,21,35,2,,,,,1,2,,,,2,,,,1,,28,2,42,,,9,3,3,1,,2,51,,,,,1,11,3,36,5,,,63,37,26,,,,,,,,,,3
,,Jerome,,55,12,42,1,,,,,2,26,6,,,20,,,,1,,57,4,30,,,9,9,,,,,65,,,3,,,8,,54,9,1,9,75,37,38,,,,,,,,,,5
,,Latah,,124,19,91,14,,,,,,12,6,,,6,1,,1,1,,60,1,77,,,42,16,20,5,,1,95,,,,1,,13,2,79,8,,3,67,34,33,,,,,,1,,,,2
,,Lemhi,,12,3,9,,,,,,,1,1,,,,,,,,,5,3,5,,,3,2,,1,,,14,,,,4,,2,,8,,,,10,6,4,,,,,,,,,,
,,Lewis,,9,,9,,,,,,,,,,,,,,,,,6,,2,,,4,3,,1,,,10,,,,,,,,10,3,,,3,2,1,,,,,,,,,,
,,Lincoln,,9,4,5,,,,,,,1,1,,,,1,,1,,,5,,2,,,2,,,2,,,2,,,,2,,,,,1,,,11,5,6,,,,,,,,,,1
,,Madison,,46,13,32,1,1,1,,,,14,7,,,7,,,,,,20,1,36,,,23,21,1,1,,,71,,,,,,7,1,63,1,,3,70,38,32,,,,,,,,,,8
,,Minidoka,,75,8,66,1,,,,,,18,5,,,13,4,4,,2,,59,7,43,1,,20,17,3,,,,126,,,6,2,,6,2,110,22,1,3,37,26,11,,,,,,2,,,,4
,,Oneida,,9,1,6,2,,,,,,1,,1,,,,,,,,6,,9,,,1,1,,,,,19,,,2,1,,4,1,11,1,,,6,5,1,,,,,,,,,,1
,,Payette,,69,16,49,4,,,,,1,4,1,,,3,,,,,,45,,21,,,20,8,5,4,,3,76,,,,20,1,5,,50,9,,3,74,41,33,,,,,,1,1,1,,10
,,Power,,25,4,21,,,,,,,2,,,,2,,,,,,6,1,11,,,3,3,,,,,36,,,,,,3,,33,,,1,4,2,2,,,,,,,,,,
,,Shoshone,,163,22,110,31,,,,,,13,1,,,12,,,,,,50,2,62,,,9,8,,1,,,91,,,4,2,,10,,75,14,,2,64,32,32,,,,,,1,,,,6
,,Teton,,14,4,7,3,,,,,,5,2,,,3,1,,1,,,12,,5,,,2,1,1,,,,29,1,,2,8,,11,,7,1,,,10,6,4,,,,,,,,,,
,,Twin Falls,,103,26,64,13,4,4,,,2,20,2,,1,17,1,,1,5,,70,5,63,1,,22,6,12,3,,1,84,,,,,,11,2,71,14,1,8,183,103,80,,,,,,3,,,,5
,,Valley,,48,6,28,14,,,,,,7,3,2,,2,,,,1,,21,,26,,,13,5,,8,,,53,,,,3,,6,,44,2,,,92,42,50,,,,,,,,,,4
,,Washington,,10,2,8,,,,,,,,,,,,,,,,,14,2,13,,,1,1,,,,,19,,,2,3,,6,1,7,2,,1,39,20,19,,,,,,,,,,
,State Police Agencies,Idaho State Police,,44,11,28,5,4,4,,,2,18,4,,,14,,,,1,,1,3,3,,,3,2,1,,,,5,,,,2,,,,3,9,1,9,"2,404","1,314","1,090",2,2,,,,,2,2,,20
ILLINOIS,Cities,Rockford,"152,293","5,882","1,459","3,840",583,12,9,3,,55,221,127,15,,79,,,,72,,"2,235",167,"4,624",1,5,499,149,209,141,,,"5,157",3,2,"1,174",4,4,"1,076",208,"2,686",403,502,72,"1,022",711,311,1,,1,,,8,54,44,10,405
IOWA,Cities,Adel,"3,879",47,15,27,5,1,1,,,,,,,,,,,,,,38,2,45,,,9,1,1,6,,1,54,,,1,15,2,13,2,21,2,,,15,7,8,,,,,,,,,,2
,,Albia,"3,820",40,12,28,,,,,,,4,,,,4,1,,1,,,21,14,32,1,,4,3,1,,,,62,,,5,25,,17,,15,2,,,45,25,20,,,,,,1,,,,
,,Algona,"5,529",19,9,10,,,,,,,6,1,,,5,,,,,,15,3,17,,,2,,1,1,,,35,,,8,9,,3,1,14,1,,,6,1,5,,,,,,,,,,
,,Altoona,"14,830",262,19,185,58,,,,,1,1,1,,,,,,,3,,74,38,169,8,,100,59,25,16,,,445,,,145,43,2,96,17,142,20,4,4,136,82,54,1,,1,,,1,3,3,,7
,,Ames,"59,271",300,39,249,12,,,,,,51,32,2,,17,1,,1,5,,240,31,435,1,,122,28,48,43,,3,"1,136",1,1,186,76,,137,16,719,31,7,7,348,216,132,,,,,,,3,3,,8
,,Anamosa,"5,547",23,3,20,,,,,,,1,,,,1,4,,4,,,27,3,23,,,,,,,,,57,,,,,,,,57,2,,,,,,,,,,,,,,,
,,Ankeny,"46,482",276,20,189,67,,,,,3,12,8,,,4,2,1,1,2,1,117,29,193,,,136,26,41,69,,,486,,,65,52,2,114,2,251,17,7,4,380,198,182,1,1,,,,5,,,,7
,,Atlantic,"7,068",40,11,25,4,,,,,,6,1,,,5,,,,2,,55,5,48,,,6,2,1,3,,,90,,1,9,23,1,18,2,36,6,,,26,13,13,,,,,,,,,,1
,,Audubon,"2,155",11,4,7,,,,,,,2,,,2,,,,,,,7,2,7,,,2,1,1,,,,14,,,3,3,,,,8,1,,1,3,2,1,,,,,,,,,,
,,Bettendorf,"33,729",171,78,69,24,,,,,2,25,8,5,3,9,1,,1,1,,78,10,214,5,1,88,24,43,19,,2,434,,,55,114,1,116,34,114,15,5,10,196,102,94,,,,,,1,,,,10
,,Bloomfield,"2,658",22,,21,1,,,,,,,,,,,1,,1,,,1,,3,,,,,,,,,5,,,1,1,,,,3,1,,1,3,2,1,,,,,,,,,,1
,,Blue Grass,"1,476",,,,,,,,,,,,,,,,,,,,1,2,1,,,,,,,,,1,,,,,,,1,,,,,3,3,,,,,,,,,,,
,,Boone,"12,684",173,54,66,53,,,,,,17,13,,3,1,4,4,,3,,110,25,137,9,,1,,,1,,,213,,,19,,,,,194,3,1,1,51,36,15,,,,,,1,,,,3
,,Buffalo,"1,289",4,4,,,,,,,,,,,,,,,,,,1,,3,,,,,,,,,6,,,,,,1,,5,,,,6,3,3,,,,,,,,,,
,,Burlington,"25,663",496,152,310,34,1,1,,,,27,4,4,1,18,6,1,5,14,,254,42,392,,1,29,6,23,,,,760,,1,83,113,,263,36,264,48,18,,294,193,101,,,,,,1,,,,15
,,Camanche,"4,457",35,14,21,,,,,,2,1,,,1,,1,1,,,,15,6,33,,,2,,,1,,1,57,,1,1,18,1,9,3,24,5,,,22,12,10,,,,,,,,,,
,,Carlisle,"3,933",17,1,16,,,,,,1,3,2,,,1,,,,,,11,2,13,,,2,1,1,,,,18,,,1,,,1,1,15,,,,49,27,22,,,,,,,,,,
,,Carroll,"10,165",52,6,46,,,,,,,3,1,,,2,4,2,2,,,24,10,73,,,10,,6,4,,,100,,,13,49,,32,2,4,7,1,,91,47,44,,,,,,,,,,
,,Carter Lake,"3,816",44,18,24,2,,,,,3,6,4,,,2,,,,3,,49,5,70,,,5,,5,,,,120,,,,,,15,,105,34,1,,56,29,27,,,,,,,,,,
,,Cedar Falls,"39,540",121,28,89,4,,,,,1,22,15,,,7,,,,1,,105,31,296,3,2,63,12,26,19,,6,528,,,158,51,,106,11,202,24,4,,119,77,42,,,,,,1,,,,6
,,Cedar Rapids,"128,401","1,432",213,"1,211",8,4,3,,1,12,83,43,7,,33,6,,6,30,,969,261,"1,260",3,,310,15,239,56,,,"3,545",,3,986,,,772,160,"1,624",265,97,8,"1,317",751,566,,,,,,30,5,5,,108
,,Centerville,"5,513",117,25,88,4,,,,,1,5,4,1,,,2,1,1,5,,76,18,106,,,5,,3,1,,1,165,,,19,5,2,21,3,115,11,,1,79,47,32,,,,,,,1,1,,6
,,Chariton,"4,312",52,24,28,,,,,,,1,1,,,,2,2,,1,,32,7,68,,,8,5,1,1,,1,101,,,6,1,,20,1,73,17,1,,32,18,14,,,,,,2,1,1,,1
,,Charles City,"7,573",107,22,74,11,,,,,,6,4,,2,,,,,2,,30,2,50,,,6,,5,1,,,119,,1,12,29,1,16,3,57,7,,,44,30,14,,,,,,,,,,
,,Cherokee,"5,272",52,16,33,3,,,,,,3,2,,,1,1,,1,1,,20,3,37,,,,,,,,,36,,,6,13,,4,,13,3,,1,10,6,4,,,,,,,,,,
,,Clarinda,"5,610",84,10,70,4,,,,,,4,1,,1,2,3,,3,1,,49,6,66,,,14,9,3,2,,,120,1,,7,28,1,15,1,67,15,,1,26,12,14,,,,,,,,,,11
,,Clarion,"2,826",17,3,12,2,,,,,1,3,3,,,,,,,,,2,2,9,,,3,2,,1,,,22,7,,4,3,,2,1,5,,,1,5,5,,,,,,,,,,,1
,,Clinton,"26,934",405,137,265,3,,,,,6,44,14,7,5,18,7,,7,4,,284,74,627,1,1,97,33,37,24,,3,907,1,4,203,110,1,205,18,365,57,20,,232,139,93,,,,,,,,,,21
,,Clive,"15,920",72,21,48,3,,,,,3,17,5,1,,11,,,,6,,50,28,111,11,,45,4,16,24,,1,278,2,,89,30,1,43,19,94,16,1,1,130,87,43,,,,,,,6,6,,2
,,Coralville,"19,294",148,17,102,29,1,1,,,3,9,4,1,,4,8,3,5,3,2,77,70,104,10,,71,11,44,16,,,452,1,,207,56,4,46,12,126,11,10,8,124,72,52,,,,,,2,5,5,,8
,,Council Bluffs,"62,708","1,242",602,507,133,1,1,,,23,78,68,2,,8,2,1,1,43,,984,266,"1,101",,,209,90,38,81,,,"2,896",3,4,762,84,4,728,167,"1,144",478,81,218,740,426,314,,,,,,8,33,32,1,77
,,Cresco,"3,883",25,,23,2,,,,,,,,,,,,,,,,9,,39,,,3,,1,2,,,25,,,1,11,,6,,7,2,,,20,20,,,,,,,,,,,1
,,Davenport,"101,193","2,312",411,"1,705",196,5,4,1,,17,137,41,14,20,62,5,2,3,17,,868,196,"2,286",46,,486,230,117,61,,78,"2,953",4,3,822,680,5,646,123,670,294,151,30,"1,069",726,343,,,,,,12,38,37,1,98
,,Decorah,"8,149",9,3,6,,,,,,,3,3,,,,,,,,,3,1,8,,,21,13,5,1,,2,78,,,10,13,,2,2,51,1,,,46,33,13,,,,,,,,,,1
,,Denison,"8,416",28,7,21,,,,,,,,,,,,,,,,,8,,27,,,,,,,,,35,,,15,12,1,2,,5,3,,,15,10,5,,,,,,,,,,
,,Des Moines,"207,400","5,280",739,"3,118","1,423",8,7,1,,28,143,102,12,,29,16,1,15,51,1,"2,522",250,"2,588",2,3,836,353,187,296,,,"6,960",5,8,"1,302",986,3,"1,275",596,"2,785",821,251,39,"1,751","1,173",578,,,,,,21,54,49,5,205
,,De Witt,"5,331",81,12,29,40,,,,,,3,2,,,1,,,,4,,13,4,48,,,12,2,4,5,,1,47,,,1,14,2,10,1,19,3,,,11,6,5,,,,,,,,,,1
,,Dubuque,"58,460",885,85,704,96,2,2,,,8,34,20,,2,12,5,,5,32,,5534,87,674,,4,46,3,3,38,,2,"1,173",,,253,402,,240,30,248,49,22,6,528,344,184,1,1,,,,2,1,1,,19
,,Eagle Grove,"3,553",26,11,12,3,,,,,,,,,,,,,,1,1,13,2,19,,,1,,,1,,,17,4,,,7,,2,1,3,1,,,15,6,9,,,,,,,,,,
,,Eldora,"2,726",27,4,21,2,,,,,,3,1,,,2,,,,,,7,4,7,,,1,,,,,1,34,,,8,15,,2,,9,3,,,19,11,8,,,,,,,,,,3
,,Eldridge,"5,739",18,8,6,4,,,,,,2,,,,2,,,,1,,13,4,23,,,6,,3,3,,,35,,,3,4,,7,1,20,1,,,45,22,23,,,,,,,,,,
,,Emmetsburg,"3,918",12,7,5,,,,,,1,,,,,,,,,1,,10,,26,,,,,,,,,4,,,,1,,2,,1,2,,,6,2,4,,,,,,,,,,1
,,Estherville,"6,263",42,13,23,6,,,,,,5,2,,,3,,,,,,36,2,49,,,1,,,,,1,86,,,1,3,,17,1,64,1,1,,20,12,8,,,,,,,,,,
,,Evansdale,"4,787",47,12,35,,,,,,3,6,3,,,3,1,1,,1,,33,1,30,,,8,5,2,1,,,67,,,,,,,,67,5,2,,80,51,29,,,,,,,,,,4
,,Forest City,"4,141",21,6,14,1,,,,,1,2,1,,,1,1,,1,1,,13,2,9,,,3,,2,,,1,34,,,,12,,12,1,9,1,1,,30,21,9,,,,,,,,,,
,,Fort Dodge,"25,078",448,94,276,78,,,,,6,40,23,2,1,14,,,,10,,205,42,184,,,54,7,30,15,,2,912,5,8,218,264,1,134,11,271,58,18,3,210,106,104,,,,,,3,,,,11
,,Fort Madison,"11,023",126,51,71,4,,,,,,8,8,,,,2,,2,3,,98,9,141,,,18,1,12,5,,,170,,,42,26,,22,9,71,9,2,,46,30,16,,,,,,,,,,6
,,Glenwood,"5,268",81,20,33,28,,,,,,4,2,,1,1,,,,,,43,11,61,,,3,,1,2,,,102,,,3,23,,14,3,59,4,1,,41,23,18,,,,,,1,,,,
,,Grinnell,"9,205",85,22,32,31,,,,,,7,3,,,4,1,,1,6,,42,9,60,2,,11,2,6,3,,,120,,,13,24,,6,2,75,12,1,,102,50,52,,,,,,4,,,,2
,,Grundy Center,"2,717",5,1,4,,,,,,,,,,,,,,,,,1,,,,,,,,,,,7,,,2,,,1,,4,1,,,1,1,,,,,,,,,,,
,,Hampton,"4,499",9,5,4,,,,,,,2,1,,,1,,,,,,9,,8,,,,,,,,,12,,,2,6,,,,4,2,,2,5,3,2,,,,,,,,,,
,,Hawarden,"2,572",14,2,12,,,,,,,,,,,,,,,,,3,1,10,,,,,,,,,16,,,2,6,1,2,,5,,,,1,1,,,,,,,,,,,
,,Hiawatha,"7,141",9,3,5,1,,,,,,,,,,,,,,,,30,2,24,,,2,1,1,,,,46,,1,2,,,19,1,23,1,,,34,28,6,,,,,,,,,,
,,Humboldt,"4,701",11,1,8,2,,,,,,,,,,,,,,,,3,,19,,,3,1,2,,,,26,,1,6,7,,6,1,5,3,1,,7,5,2,,,,,,,,,,
,,Iowa City,"69,214",728,124,540,64,2,1,1,,7,50,29,3,,18,,,,3,,389,81,562,22,,242,165,59,1,,17,"1,404",6,,390,373,4,177,39,415,62,31,8,498,312,186,,,,,,1,10,3,7,18
,,Iowa Falls,"5,227",33,4,29,,,,,,,1,1,,,,,,,,,13,4,56,,,13,3,10,,,,137,,,13,29,,30,,65,1,1,1,33,20,13,,,,,,,,,,
,,Jefferson,"4,340",31,2,23,6,,,,,,,,,,,,,,,,4,,3,1,,1,,1,,,,21,,,7,4,,,1,9,2,,,5,3,2,,,,,,,,,,
,,Johnston,"17,620",124,15,59,50,,,,,,4,4,,,,,,,,,33,12,72,,,43,20,6,17,,,168,1,,10,46,1,27,4,79,8,,,91,45,46,,,,,,3,,,,6
,,Keokuk,"10,748",287,106,99,82,,,,,3,11,2,1,,8,1,1,,11,,114,22,290,,,15,1,11,3,,,437,,,31,121,,96,7,182,53,3,1,83,44,39,,,,,,,,,,6
,,Le Claire,"3,824",25,8,7,10,,,,,,,,,,,,,,1,,2,,6,,,2,,,2,,,17,,,3,4,,3,1,6,,,1,16,10,6,,,,,,,,,,2
,,Le Mars,"9,829",176,5,102,69,,,,,1,14,1,,,13,,,,3,,42,5,118,,,12,9,2,,,1,132,,,14,42,,22,3,51,10,,2,39,25,14,,,,,,,,,,3
,,Leon,"1,942",2,1,1,,,,,,,,,,,,,,,,,,3,,,,,,,,,,2,,,,1,,1,,,,,,,,,,,,,,,,,,
,,Lisbon,"2,187",3,,,3,,,,,,1,,,1,,,,,,,14,,19,,,,,,,,,13,,,,,,1,,12,1,,,5,3,2,,,,,,,,,,
,,Manchester,"5,168",62,15,38,9,2,2,,,2,5,1,2,,2,,,,,,14,,21,,,5,,3,2,,,65,,,18,14,1,21,1,10,4,1,1,26,13,13,,,,,,1,,,,2
,,Maquoketa,"6,148",116,8,91,17,,,,,,14,8,,,6,,,,1,,73,7,95,,,11,1,5,2,,3,111,1,,11,4,,17,,78,4,1,,87,37,50,,,,,,,1,1,,7
,,Marengo,"2,533",11,4,7,,,,,,,,,,,,,,,,,2,,3,,,,,,,,,4,,,,,,1,,3,4,,,4,2,2,,,,,,,,,,
,,Marion,"35,349",205,22,159,24,,,,,,19,11,,,8,,,,7,,120,53,167,,,62,4,18,39,,1,490,,1,164,55,1,118,17,134,23,4,3,351,178,173,,,,,,2,3,3,,5
,,Marshalltown,"27,883",261,135,104,22,1,1,,,,2,,,,2,3,2,1,11,,226,28,203,16,,58,9,19,19,,11,597,,,194,102,4,74,49,174,33,6,6,172,92,80,,,,,,4,,,,12
,,Mason City,"28,052",311,29,217,65,3,2,1,,2,11,6,1,,4,1,,1,6,,329,47,358,14,,84,16,37,20,,11,983,1,,302,222,1,145,49,263,52,3,3,143,78,65,,,,,,2,,,,11
,,Mount Pleasant,"8,756",72,11,55,6,,,,,,5,3,,,2,4,,4,5,,35,11,92,,,18,5,5,7,,1,157,,1,41,14,,14,,87,2,,,73,57,16,,,,,,,2,2,,5
,,Mount Vernon,"4,567",14,1,9,4,,,,,,,,,,,,,,,,23,2,23,,,4,2,2,,,,52,,,7,15,,9,1,20,1,,,46,23,23,,,,,,,,,,
,,Muscatine,"23,013",259,125,129,5,,,,,5,29,29,,,,,,,11,,164,19,370,6,,43,11,8,24,,,621,,,160,113,1,206,3,138,29,4,1,167,80,87,,,,,,,,,,5
,,Nevada,"6,833",74,29,40,5,,,,,1,4,3,,,1,2,,2,1,,29,3,37,,,7,,2,5,,,75,1,,13,13,,9,1,38,5,,4,62,33,29,,,,,,1,,,,2
,,New Hampton,"3,587",8,2,6,,,,,,,,,,,,,,,,,13,3,12,,,,,,,,,26,,,4,5,,5,,12,,,,17,10,7,,,,,,,,,,2
,,Newton,"15,189",164,33,131,,1,1,,,2,14,,,14,,,,,5,,84,27,193,1,,33,7,18,8,,,396,,,62,11,1,100,9,213,25,1,4,160,90,70,,,,,,,1,1,,8
,,North Liberty,"13,661",77,46,21,10,,,,,4,14,1,11,,2,,,,1,,22,7,37,,,30,2,17,11,,,63,,,2,,,7,,54,6,,,93,49,44,,,,,,2,,,,2
,,Norwalk,"9,079",50,11,28,11,,,,,2,4,1,,1,2,1,,1,1,,18,7,43,,,9,1,6,1,,1,80,,,2,28,1,26,,23,6,,,32,16,16,,,,,,,,,,1
,,Ogden,"2,049",19,7,5,7,1,1,,,,1,,,,1,1,1,,,,4,2,8,,,1,1,,,,,15,,,,8,,1,1,5,1,,,4,2,2,,,,,,,,,,1
,,Orange City,"6,058",18,4,10,4,,,,,,1,1,,,,,,,1,,19,3,33,,,2,,,2,,,41,,,,6,,7,3,25,,1,,6,3,3,,,,,,,,,,
,,Osage,"3,636",14,3,10,1,,,,,,1,1,,,,,,,1,,494,2,23,,,4,1,3,,,,18,,,1,7,,1,,9,,,1,10,4,6,,,,,,,,,,1
,,Osceola,"4,985",24,2,22,,,,,,,2,1,1,,,,,,1,,18,6,54,1,,,,,,,,79,,,12,7,,18,,42,5,,,14,9,5,,,,,,,,,,
,,Ottumwa,"24,977",299,45,251,3,1,1,,,1,27,7,,,20,5,,5,17,2,264,21,206,,,79,8,35,36,,,665,,,83,,,109,4,469,36,17,,210,137,73,,,,,,4,,,,16
,,Perry,"8,114",74,19,47,8,,,,,,6,1,,,5,2,,2,1,,21,9,79,,,14,7,1,5,,1,101,1,,8,26,,21,1,44,2,,,49,23,26,,,,,,1,1,1,,
,,Pleasant Hill,"8,960",63,12,30,21,,,,,1,,,,,,,,,3,,59,5,33,,,15,5,4,2,,4,94,2,1,12,11,1,7,3,57,11,2,2,63,34,29,,,,,,3,,,,1
,,Polk City,"3,485",4,,4,,,,,,,,,,,,,,,,,6,,10,,,1,,1,,,,24,,,,3,,3,,18,1,,,3,2,1,,,,,,,,,,1
,,Prairie City,"1,671",1,,1,,,,,,,,,,,,,,,,,11,2,6,,,2,,1,1,,,10,,,,2,,2,1,5,,,,35,17,18,,,,,,,,,,1
,,Princeton,898,1,,1,,,,,,,,,,,,,,,,,,,,,,,,,,,,1,,,,,,,,1,,,,,,,,,,,,,,,,
,,Red Oak,"5,710",121,9,88,24,,,,,,3,3,,,,,,,1,,57,8,97,,,10,3,2,4,,1,103,,,10,8,2,15,,68,7,,1,99,49,50,,,,,,,,,,1
,,Sergeant Bluff,"4,256",36,15,14,7,,,,,3,3,1,,,2,2,,2,2,,19,3,39,,,12,5,5,1,,1,76,,,3,1,2,16,,54,2,,6,19,9,10,,,,,,,,,,1
,,Sioux City,"83,289","1,393",196,"1,168",29,2,2,,,1,94,31,6,1,56,14,,14,17,,628,104,"2,060",2,,340,181,112,39,,8,"2,661",,1,796,3,3,597,96,"1,165",205,47,,701,433,268,,,,,,8,5,4,1,65
,,Spencer,"11,224",122,1,83,38,1,1,,,,15,,,15,,,,,,,93,6,85,,,8,,8,,,,147,,,31,,,,,116,11,1,3,88,51,37,,,,,,,,,,4
,,Spirit Lake,"4,926",36,2,32,2,,,,,,3,,,,3,,,,,,14,3,39,3,,24,4,11,7,,2,98,,,37,25,2,7,4,23,1,,,51,27,24,,,,,,,,,,3
,,State Center,"1,487",5,1,3,1,,,,,,,,,,,,,,,,4,,4,,,1,,,1,,,2,,,,,,,,2,1,,,4,2,2,,,,,,,,,,
,,Storm Lake,"10,715",328,46,140,142,,,,,5,8,2,,,6,2,,2,2,,57,11,97,,,34,3,13,18,,,186,2,,51,,,,,133,12,,8,137,74,63,,,,,,3,,,,3
,,Story City,"3,449",16,,13,3,,,,,,1,,,,1,,,,,,13,3,11,1,,7,2,3,2,,,24,,,4,3,,9,3,5,2,,,2,2,,,,,,,,,,,
,,Tipton,"3,215",12,4,5,3,,,,,,1,,,,1,,,,1,,,2,14,,,,,,,,,33,,,2,14,1,8,1,7,,,,24,13,11,,,,,,,,,,2
,,Toledo,"2,342",33,21,10,2,,,,,,3,1,,,2,,,,,,1,,12,,,1,,1,,,,21,,,2,5,,2,,12,1,,,14,7,7,,,,,,,,,,
,,Urbandale,"40,467",157,52,102,3,,,,,3,11,3,4,,4,,,,7,,102,41,209,,,85,22,20,43,,,562,1,1,145,29,,94,20,272,32,2,,155,99,56,,,,,,6,7,7,,9
,,Vinton,"5,280",44,5,34,5,,,,,,3,3,,,,,,,,,224,5,59,,,6,5,,1,,,50,,,9,7,,12,4,18,6,,2,29,16,13,,,,,,,,,,
,,Walcott,"1,654",7,3,1,3,,,,,,1,1,,,,,,,,,2,,2,,,3,,2,1,,,10,1,,2,2,,2,,3,,,,5,3,2,,,,,,,,,,2
,,Washington,"7,343",79,47,29,3,,,,,,5,5,,,,,,,,,28,7,25,,,5,,5,,,,71,,,16,39,,3,1,12,4,1,,32,15,17,,,,,,,,,,1
,,Waterloo,"68,919","1,321",335,919,67,4,4,,,4,114,67,6,2,39,14,,14,26,,836,162,"1,076",24,1,324,117,131,56,1,19,"1,625",4,,510,360,1,304,138,308,102,69,4,978,755,223,,,,,,22,9,9,,142
,,Waukee,"14,540",45,9,34,2,,,,,1,3,,,,3,,,,1,,33,2,67,,,13,3,4,5,,1,111,1,,1,13,1,16,3,76,4,,2,55,31,24,,,,,,,,,,2
,,Waverly,"9,914",62,31,23,8,,,,,2,6,2,,,4,,,,,,32,3,60,,,9,,2,6,,1,104,,1,23,19,1,15,,45,4,,3,58,35,23,,,,,,2,,,,2
,,Webster City,"8,031",94,28,58,8,,,,,,1,,,1,,1,,1,1,,39,6,114,,,10,1,3,4,,2,143,,,19,33,,14,2,75,17,3,3,46,20,26,,,,,,2,2,2,,7
,,West Branch,"2,319",,,,,,,,,,,,,,,,,,,,,,,,,,,,,,,1,,,,1,,,,,,,,,,,,,,,,,,,,
,,West Burlington,"2,967",26,7,18,1,1,1,,,,2,1,,,1,,,,,,27,10,58,,,7,1,4,2,,,235,1,2,171,15,,9,3,34,4,2,1,28,17,11,,,,,,,,,,
,,West Des Moines,"58,134",200,71,127,2,,,,,,38,16,2,1,19,2,1,1,6,,213,44,365,28,,41,12,22,5,,2,"1,570",2,3,590,183,5,195,53,539,52,8,1,280,183,97,,,,,,4,8,8,,4
,,West Union,"2,507",5,3,2,,,,,,1,,,,,,,,,1,,14,1,9,,,3,,2,,,1,18,,,5,2,1,7,1,2,1,,3,11,9,2,,,,,,,,,,
,,Wilton,"2,818",16,5,7,4,,,,,,1,1,,,,,,,,,14,,32,,,11,,7,3,,1,31,,,,13,1,6,1,10,2,,,2,1,1,,,,,,,,,,
,,Windsor Heights,"4,957",54,6,45,3,,,,,,5,4,1,,,,,,,,24,17,48,,,15,7,1,7,,,240,2,4,164,12,1,19,1,37,2,2,3,212,142,70,,,,,,,,,,11
,,Winterset,"5,242",6,5,,1,,,,,,8,1,,,7,2,1,1,,,454,5,42,,,7,1,6,,,,108,1,1,3,14,,40,,49,5,,,38,18,20,,,,,,1,,,,1
,Universities and Colleges,Iowa State University,"29,611",33,1,30,2,,,,,,8,7,,,1,,,,4,,33,3,109,,1,14,4,7,1,,2,225,,,6,82,,19,13,105,,,1,198,111,87,,,,,,,,,,2
,,University of Iowa,"29,810",51,3,42,6,,,,,3,7,4,2,,1,,,,1,,25,1,87,,2,10,4,3,3,,,166,,,4,100,,6,5,51,1,3,6,274,159,115,,,,,,,,,,5
,,University of Northern Iowa,"13,168",13,1,4,8,,,,,,1,1,,,,,,,,,11,3,7,,,3,2,,1,,,91,,,,39,,6,4,42,1,,1,29,15,14,,,,,,1,,,,
,Metropolitan Counties,Benton,,46,4,35,7,,,,,,1,1,,,,1,,1,2,,98,1,28,,,4,,3,,,1,57,,,,31,1,13,8,4,5,,1,27,21,6,,,,,,,,,,
,,Black Hawk,,57,19,38,,,,,,,11,10,,,1,,,,,,68,5,57,,,25,13,8,3,,1,121,,,26,5,,10,,80,14,,2,110,71,39,,,,,,,,,,2
,,Bremer,,18,11,7,,2,2,,,,1,1,,,,,,,,,17,,10,,,4,2,2,,,,34,,,,14,1,1,1,17,,1,,9,6,3,,,,,,,,,,2
,,Dallas,,45,23,,22,,,,,1,5,,2,1,2,,,,,,17,,61,,,11,6,2,3,,,81,,,1,19,,14,1,46,11,1,1,78,37,41,,,,,,,,,,5
,,Dubuque,,154,14,126,14,,,,,,6,3,1,,2,,,,2,,85,6,99,,,7,,,7,,,108,,,2,19,,21,8,58,29,1,2,156,87,69,,,,,,,,,,4
,,Grundy,,18,7,11,,,,,,,2,,,,2,3,,3,1,,12,5,23,,,1,,,,,1,50,,,,5,,2,,43,2,,,12,9,3,,,,,,,,,,4
,,Johnson,,100,54,36,10,,,,,1,21,3,13,,5,4,,4,4,1,67,6,90,1,,41,6,14,21,,,153,,,3,4,1,37,5,103,15,2,1,125,69,56,1,,1,,,2,6,6,,11
,,Linn,,126,18,88,20,1,1,,,2,21,9,,,12,,,,6,,120,21,135,,,61,7,19,20,1,14,135,,,3,12,1,29,10,80,25,,14,220,100,120,,,,,,1,38,38,,5
,,Mills,,42,12,25,5,,,,,1,7,4,,,3,,,,4,,99,3,78,,,14,3,1,7,1,2,173,,,,45,,27,7,94,35,4,7,84,46,38,,,,,,1,,,,5
,,Plymouth,,28,3,20,5,2,2,,,,5,3,,,2,,,,1,,11,2,16,1,,3,1,1,1,,,43,1,,,7,1,2,,32,4,,1,56,30,26,,,,,,,,,,3
,,Polk,,488,58,285,145,,,,,2,14,10,,,4,6,5,1,5,,227,59,335,,,91,43,26,22,,,479,,,37,81,2,126,64,169,70,7,17,412,243,169,1,1,,,,6,,,,23
,,Pottawattamie,,136,33,91,12,,,,,1,18,7,,,11,,,,9,1,142,6,118,,,46,7,17,20,,2,312,1,1,21,27,,41,10,211,54,1,1,152,87,65,,,,,,1,,,,8
,,Scott,,89,36,41,12,,,,,1,6,1,1,1,3,,,,1,,43,4,75,2,1,17,6,5,4,,2,114,,,2,30,,27,9,46,13,,3,228,127,101,,,,,,,,,,9
,,Story,,51,9,41,1,,,,,4,13,4,1,2,6,,,,1,,59,1,53,,,16,4,3,8,,1,81,,,1,6,,17,6,51,12,1,,94,56,38,,,,,,,,,,3
,,Warren,,103,24,38,41,,,,,3,9,7,1,,1,,,,4,,70,6,66,,,35,9,4,21,,1,118,,,3,36,1,20,5,53,24,,8,42,25,17,,,,,,2,,,,4
,,Washington,,33,18,15,,,,,,,11,8,2,,1,1,1,,1,,35,1,32,,,2,1,,1,,,77,,,1,57,,8,1,10,5,,,100,61,39,,,,,,,,,,3
,,Woodbury,,61,14,46,1,,,,,1,8,,,,8,2,1,1,1,,61,1,23,,,7,2,3,2,,,68,,,2,18,,5,3,40,11,,,56,46,10,,,,,,,,,,3
,Nonmetropolitan Counties,Adair,,9,5,1,3,,,,,,,,,,,,,,1,,27,,21,,,2,,2,,,,56,,1,,10,,7,1,37,7,,,,,,,,,,,,,,,
,,Adams,,39,14,21,4,,,,,1,2,1,,1,,,,,,,11,,15,,,4,,4,,,,36,,1,1,13,,1,3,17,2,,,19,11,8,,,,,,,,,,
,,Allamakee,,2,,2,,,,,,,,,,,,,,,1,,,,4,1,,,,,,,,,,,,,,,,,,,,,,,,,,,,,,,,
,,Appanoose,,72,11,40,21,,,,,1,4,2,,,2,1,,1,6,,55,3,36,,,5,,2,3,,,65,,,5,13,,6,6,35,14,,1,21,10,11,,,,,,,,,,2
,,Boone,,6,2,3,1,,,,,,,,,,,,,,,,7,,5,8,,,,,,,,9,,,,6,,2,,1,2,1,,25,14,11,,,,,,,,,,1
,,Butler,,10,,10,,,,,,,,,,,,,,,,,8,,5,,,,,,,,,3,,,,,1,,,2,3,,1,15,7,8,,,,,,,,,,1
,,Calhoun,,15,3,11,1,,,,,,,,,,,1,1,,,,6,,9,,,1,1,,,,,11,,,,3,,1,1,6,1,,,4,2,2,,,,,,,,,,1
,,Cass,,26,9,13,4,,,,,,1,,,,1,,,,,,25,,38,,,3,,,3,,,45,,,,8,,11,,26,5,,,25,16,9,,,,,,,,,,5
,,Cedar,,46,14,32,,,,,,,4,2,,1,1,1,1,,1,,5,2,52,,,4,,3,,,1,126,,,2,69,1,12,3,39,8,,2,61,38,23,,,,,,,,,,3
,,Cerro Gordo,,51,2,41,8,,,,,,,,,,,,,,,,47,2,26,,,7,1,4,2,,,66,,,1,5,1,8,5,46,7,,,127,78,49,,,,,,,,,,2
,,Cherokee,,13,4,8,1,,,,,,1,,,,1,,,,,,8,1,34,,,2,1,1,,,,37,,,,12,,2,,23,2,,1,1,1,,,,,,,,,,,3
,,Clarke,,16,7,8,1,,,,,,,,,,,,,,,,16,,27,,,3,,,3,,,26,,,,8,,4,,14,3,,,10,5,5,,,,,,,,,,3
,,Clay,,25,3,17,5,,,,,,1,1,,,,1,,1,,,11,1,14,,,4,2,,2,,,8,,,,1,,,,7,1,,1,59,31,28,,,,,,,,,,3
,,Clayton,,36,13,18,5,,,,,1,9,1,2,5,1,,,,2,,18,3,19,,,1,,,1,,,39,,,1,19,,,,19,3,,1,63,47,16,,,,,,,,,,1
,,Clinton,,78,22,44,12,,,,,,4,1,,3,,,,,3,,54,2,68,,,12,2,3,5,,2,56,,,,4,,,1,51,1,,,36,21,15,,,,,,,,,,1
,,Crawford,,6,,6,,,,,,,,,,,,,,,,,2,,,,,,,,,,,2,,,,,,,1,1,,,,,,,,,,,,,,,,
,,Davis,,11,6,5,,,,,,,,,,,,,,,,,5,1,1,,,,,,,,,6,,,,1,,,1,4,,,,4,4,,,,,,,,,,,
,,Delaware,,15,8,7,,,,,,,1,1,,,,,,,1,,10,,8,,,,,,,,,4,,,,1,,,,3,1,,,7,7,,,,,,,,,,,1
,,Des Moines,,59,18,35,6,1,,1,,,5,,,1,4,,,,,,57,3,71,,1,16,3,7,6,,,94,,,,12,,28,,54,12,,1,50,28,22,,,,,,1,,,,7
,,Emmet,,16,1,15,,,,,,,1,,,,1,,,,,,7,,18,,,,,,,,,20,,,,4,,,,16,2,,,9,4,5,,,,,,,,,,
,,Fayette,,33,11,22,,,,,,,4,2,,,2,,,,8,,16,,32,,,7,,2,4,,1,30,,,1,11,,10,3,5,10,,,25,14,11,,,,,,,,,,1
,,Floyd,,7,3,4,,,,,,,,,,,,1,1,,,,9,,4,,,1,,,1,,,13,,,,4,,3,,6,1,1,,10,5,5,,,,,,,,,,
,,Hancock,,8,6,2,,,,,,,,,,,,,,,,,16,,6,,,1,1,,,,,12,,,,3,,1,1,7,,,1,9,9,,,,,,,,,,,
,,Hardin,,49,13,28,8,,,,,,4,,,1,3,,,,2,,47,1,73,,,10,6,4,,,,79,,,1,7,,9,3,59,3,,3,33,17,16,,,,,,1,,,,2
,,Henry,,63,29,33,1,,,,,,6,1,,,5,3,,3,,,28,1,50,,,1,,1,,,,70,,,,25,,8,4,33,15,,2,24,13,11,,,,,,2,,,,8
,,Howard,,26,2,12,12,,,,,,1,1,,,,,,,3,,29,1,31,,,3,2,1,,,,27,,1,1,,,4,3,18,3,,,14,7,7,,,,,,,,,,
,,Humboldt,,14,1,11,2,,,,,,,,,,,,,,,,22,,26,1,,1,,1,,,,24,,,,7,,4,3,10,5,,1,,,,,,,,,,,,,
,,Ida,,23,7,16,,,,,,,3,2,,,1,1,,1,1,,39,1,31,,,3,1,1,1,,,51,,,,11,,17,,23,1,,1,4,2,2,,,,,,,,,,1
,,Iowa,,26,10,16,,,,,,,,,,,,,,,,,18,1,35,,,9,2,6,1,,,57,,,,4,,14,2,37,3,,,30,16,14,,,,,,,,,,
,,Jasper,,54,21,27,6,,,,,1,9,2,,,7,,,,1,1,95,1,24,,,12,3,4,4,1,,83,,,2,12,,10,2,57,15,,,57,28,29,,,,,,1,,,,6
,,Kossuth,,22,3,17,2,,,,,,,,,,,,,,,,35,1,23,,,,,,,,,22,,,,1,,1,,20,2,,,14,7,7,,,,,,,,,,
,,Lee,,62,7,53,2,,,,,,1,,,,1,,,,1,,40,5,58,,,25,,12,8,,5,79,,,,24,,18,1,36,16,,,61,56,5,,,,,,,,,,3
,,Louisa,,44,16,28,,,,,,,5,,,,5,8,3,5,1,,35,2,37,,,1,1,,,,,77,1,,2,16,,19,1,38,4,,1,25,18,7,,,,,,,,,,
,,Lucas,,23,1,22,,,,,,,3,2,,,1,,,,3,,27,1,40,,,4,2,1,1,,,49,,,2,13,,1,2,31,18,,,7,4,3,,,,,,,,,,1
,,Lyon,,65,25,29,11,,,,,,4,3,1,,,1,,1,,,22,3,68,1,,2,,1,1,,,51,,,1,9,,16,1,24,10,,2,24,13,11,,,,,,1,,,,
,,Marshall,,30,5,25,,,,,,,1,1,,,,,,,,,30,,36,,,2,,2,,,,39,2,,1,13,,1,,22,10,,,41,28,13,,,,,,,,,,3
,,Mitchell,,3,,3,,,,,,,,,,,,,,,,,7,,2,,,1,1,,,,,17,,,,,,1,,16,2,,,4,3,1,,,,,,,,,,
,,Monona,,6,,6,,,,,,,1,1,,,,,,,,,5,1,7,,,,,,,,,20,,,,10,,4,,6,4,,,4,2,2,,,,,,,,,,
,,Monroe,,15,2,13,,,,,,,1,1,,,,1,1,,1,,12,3,14,,,1,1,,,,,43,,,,24,,4,,15,4,,,18,9,9,,,,,,,,,,3
,,Muscatine,,44,22,22,,,,,,,6,6,,,,,,,1,,67,3,33,,,10,2,7,1,,,68,2,,1,23,1,12,3,26,10,2,,34,21,13,,,,,,,,,,1
,,O'Brien,,35,6,27,2,,,,,1,1,,,1,,,,,1,,38,1,38,,,2,,,2,,,42,1,,3,10,,4,1,23,4,,3,27,16,11,,,,,,,,,,
,,Osceola,,14,,14,,,,,,,1,,,,1,,,,,,3,,3,,,,,,,,,7,,,,1,,,,6,2,,,17,11,6,,,,,,,,,,
,,Page,,22,13,9,,,,,,,,,,,,,,,,,18,,26,,,2,1,1,,,,40,,,,12,,4,,24,2,,,5,2,3,,,,,,,,,,4
,,Palo Alto,,29,8,18,3,,,,,,2,1,,,1,,,,1,,43,1,40,,,4,2,2,,,,36,,,,5,,8,1,22,5,,,27,16,11,,,,,,,,,,1
,,Pocahontas,,50,8,38,4,,,,,2,6,4,,,2,,,,,,24,3,23,,,7,,5,1,,1,50,,1,,20,1,10,1,17,1,,,66,35,31,,,,,,1,,,,3
,,Sac,,25,6,18,1,,,,,,4,3,1,,,,,,,,22,1,22,,1,3,,1,2,,,28,,,,10,,2,5,11,7,2,,19,11,8,,,,,,,,,,1
,,Shelby,,4,1,3,,,,,,,,,,,,,,,,,1,,,,,,,,,,,1,,,,1,,,,,2,,,7,6,1,,,,,,,,,,1
,,Sioux,,46,21,24,1,,,,,1,2,2,,,,,,,,,36,7,45,1,,19,1,2,15,,1,63,,,,30,,8,,25,5,,,55,37,18,,,,,,,,,,4
,,Tama,,56,32,24,,,,,,,7,1,1,,5,,,,17,,41,,26,,,7,3,3,1,,,37,,,1,6,,5,,25,8,,,21,14,7,,,,,,2,,,,1
,,Taylor,,2,1,1,,,,,,,,,,,,,,,,,3,,9,,,,,,,,,15,,,,3,,2,1,9,,,,,,,,,,,,,,,,
,,Union,,5,3,2,,,,,,1,3,,,2,1,,,,,,18,3,9,,,5,1,2,,,2,16,,,1,5,,4,1,5,2,,,2,2,,,,,,,,,,,1
,,Van Buren,,44,15,26,3,,,,,,1,,,,1,,,,1,,22,2,22,,,2,2,,,,,32,,,1,4,,1,,26,6,,,13,11,2,,,,,,,,,,1
,,Wapello,,58,9,45,4,1,1,,,,2,,,,2,,,,2,,60,,39,,,4,,1,2,1,,59,,,,6,,8,1,44,21,,,23,17,6,,,,,,,,,,7
,,Wayne,,12,1,11,,,,,,,,,,,,,,,,,6,3,13,,,,,,,,,10,,,,,,1,,9,,,,7,4,3,,,,,,,,,,2
,,Webster,,56,24,27,5,,,,,,,,,,,,,,,,47,6,99,,,14,,12,2,,,117,,,1,15,,6,3,92,9,,1,38,24,14,,,,,,9,,,,3
,,Winnebago,,2,,2,,,,,,,,,,,,,,,,,2,,,,,,,,,,,1,,,,1,,,,,,,,3,3,,,,,,,,,,,
,,Winneshiek,,6,,6,,,,,,,,,,,,,,,,,6,,5,,,1,,1,,,,12,,,,4,,4,1,3,,,,,,,,,,,,,,,,
,,Worth,,24,8,16,,,,,,,1,1,,,,2,1,1,1,,43,3,30,,,6,1,3,1,,1,55,,,,14,1,12,2,26,6,,,23,11,12,,,,,,,1,1,,
,,Wright,,7,,7,,,,,,,,,,,,,,,,,9,1,9,,,1,,,1,,,25,1,,,1,,1,,22,2,,,12,12,,,,,,,,,,,2
KANSAS,Cities,Abilene,"6,874",103,8,81,14,,,,,3,5,4,1,,,1,,1,,,31,14,114,1,,22,8,12,1,1,,179,,,13,43,1,53,8,61,5,1,1,34,17,17,,,,,,2,,,,
,,Altamont,"1,081",8,1,6,1,,,,,,,,,,,,,,,,5,1,5,,,3,2,1,,,,7,,,,2,,4,,1,,,,11,6,5,,,,,,,,,,1
,,Andover,"11,839",114,9,90,15,,,,,1,12,4,3,,5,,,,1,,14,20,100,,,82,36,12,34,,,255,2,2,18,84,1,54,15,79,13,1,1,71,39,32,,,,,,1,,,,2
,,Anthony,"2,265",25,4,16,5,,,,,1,2,1,1,,,,,,,,9,2,13,1,,3,2,,1,,,40,,,5,5,,16,2,12,3,,,6,3,3,,,,,,,,,,1
,,Arkansas City,"12,464",333,61,235,37,,,,,16,21,7,3,,11,4,,4,4,,127,40,272,4,3,83,56,18,9,,,385,,,63,70,1,79,34,138,24,2,3,217,109,108,,,,,,2,1,1,,2
,,Arma,"1,492",26,,24,2,1,1,,,1,1,,,,1,,,,1,,4,2,16,,,2,2,,,,,17,,,,1,3,2,1,10,1,,,5,3,2,,,,,,,,,,
,,Assaria,418,,,,,,,,,,,,,,,,,,,,,,,,,,,,,,,,,,,,,,,,,,,,,,,,,,,,,,,
,,Atchison,"10,999",208,41,139,28,,,,,1,15,2,1,,12,,,,3,,91,13,116,,,21,11,3,7,,,333,,3,41,75,,122,10,82,19,6,,78,67,11,,,,,,1,,,,4
,,Augusta,"9,312",194,22,145,27,,,,,,20,2,3,,15,4,,4,1,,61,37,175,2,,90,38,47,5,,,257,,,27,56,1,29,36,108,9,1,6,74,34,40,,,,,,,1,,1,7
,,Baldwin City,"4,592",27,1,23,3,,,,,1,3,1,,,2,,,,2,,18,4,41,1,,6,1,1,4,,,69,,,8,15,,27,1,18,1,,,12,7,5,,,,,,,,,,
,,Basehor,"4,716",23,,19,4,,,,,,,,,,,,,,2,,5,12,19,,,17,10,3,4,,,31,,,,6,,8,5,12,2,1,2,24,16,8,,,,,,,,,,3
,,Baxter Springs,"4,216",55,2,46,7,,,,,1,,,,,,,,,1,,32,,50,1,,6,1,3,2,,,77,,,22,14,,15,10,16,3,,1,21,11,10,,,,,,,,,,2
,,Bel Aire,"6,841",11,2,8,1,,,,,,1,1,,,,,,,1,,18,,21,1,,3,1,2,,,,27,,,1,5,,8,4,9,3,,1,11,6,5,,,,,,,,,,
,,Belle Plaine,"1,665",21,5,14,2,,,,,2,2,,1,,1,,,,,,8,1,14,,,2,,2,,,,4,,,,3,,,,1,1,,2,7,3,4,,,,,,,,,,
,,Beloit,"3,808",78,11,63,4,,,,,2,5,1,,,4,,,,1,,13,6,35,,,22,2,20,,,,34,,,3,11,,6,2,12,2,,,37,21,16,,,,,,,,,,
,,Benton,883,4,,4,,,,,,,,,,,,,,,,,,,1,,,1,,1,,,,5,,,,3,,,1,1,1,,,,,,,,,,,,,,,
,,Bonner Springs,"7,384",124,15,80,29,,,,,1,2,2,,,,,,,5,,31,11,165,5,,65,18,39,8,,,219,2,,66,37,1,42,21,50,26,3,5,68,46,22,,,,,,1,1,1,,7
,,Buhler,"1,335",11,,6,5,,,,,,,,,,,,,,,,,,6,,,,,,,,,11,,,,7,,1,2,1,2,,,4,2,2,,,,,,,,,,
,,Burden,537,5,,4,1,,,,,,1,,,,1,,,,,,3,,10,,,,,,,,,4,,,,,,1,1,2,2,,,2,1,1,,,,,,,,,,
,,Burlington,"2,668",31,7,18,6,,,,,2,1,,,,1,,,,,,3,4,15,,,10,4,3,3,,,26,,,2,5,1,9,1,8,2,,,24,13,11,,,,,,,,,,1
,,Chanute,"9,131",216,19,155,42,,,,,4,22,6,1,,15,2,,2,5,,84,32,192,,,35,16,13,6,,,275,2,1,7,42,1,89,9,124,10,4,6,51,28,23,,,,,,,,,,7
,,Chapman,"1,401",10,,7,3,,,,,,,,,,,,,,,,3,,4,,,2,1,,1,,,9,,,,2,,2,1,4,1,,,2,1,1,,,,,,,,,,
,,Chase,478,,,,,,,,,,,,,,,,,,,,,,,,,,,,,,,,,,,,,,,,,,,,,,,,,,,,,,,
,,Cheney,"2,117",15,4,9,2,,,,,,,,,,,,,,,,6,,9,,,2,,2,,,,11,,,,1,,1,5,4,,,,1,,1,,,,,,,,,,
,,Chetopa,"1,126",19,1,18,,,,,,1,,,,,,,,,1,,7,,8,,,,,,,,,6,,,,2,,2,1,1,2,1,2,25,13,12,,,,,,,,,,2
,,Clay Center,"4,376",54,6,39,9,,,,,2,8,2,1,,5,,,,2,,39,21,48,3,,27,22,2,3,,,83,,,9,18,1,18,5,32,4,,,28,14,14,,,,,,,,,,3
,,Clearwater,"2,509",16,3,12,1,,,,,,1,,,,1,,,,1,,15,,16,,,3,1,2,,,,26,,,1,7,,5,1,12,1,,1,18,8,10,,,,,,,,,,1
,,Coffeyville,"10,189",426,90,256,80,1,,,1,9,18,7,,,11,1,,1,6,,133,86,265,10,,132,100,24,8,,,389,,1,81,111,2,62,32,100,15,12,3,183,93,90,,,,,,,1,1,,28
,,Colby,"5,466",105,7,77,21,,,,,4,9,3,3,,3,1,,1,,,24,5,83,6,,28,12,9,7,,,99,,,13,24,,24,6,32,11,2,2,29,15,14,,,,,,,,,,1
,,Columbus,"3,295",63,15,43,5,1,,1,,1,5,,,,5,,,,,,23,5,27,2,,7,4,2,1,,,48,,,1,15,,10,3,19,2,,2,15,10,5,,,,,,,,,,
,,Concordia,"5,329",164,23,112,29,,,,,9,13,7,4,,2,3,2,1,2,,57,2,108,7,1,34,16,15,3,,,166,,,21,63,,18,8,56,6,,,25,12,13,,,,,,5,,,,
,,Council Grove,"2,180",3,1,1,1,,,,,1,1,1,,,,,,,,,8,7,16,,,17,3,11,3,,,19,,,1,5,,7,2,4,1,,,8,4,4,,,,,,,,,,1
,,Derby,"22,393",223,19,164,40,,,,,1,14,3,2,,9,4,,4,4,,71,56,254,19,,249,93,90,66,,,400,,,125,85,1,72,29,88,25,3,,56,27,29,,,,,,,2,1,1,4
,,Dodge City,"28,064",532,64,424,44,2,2,,,23,47,21,8,,18,2,,2,4,,244,113,635,19,,353,137,120,96,,,777,,,261,94,1,168,102,151,36,16,5,360,194,166,,,,,,2,1,,1,22
,,Edwardsville,"4,382",73,9,57,7,1,1,,,1,3,2,,,1,,,,1,,25,,68,,,9,1,4,4,,,63,,,2,10,,10,10,31,9,3,4,76,36,40,,,,,,,,,,2
,,El Dorado,"13,074",299,73,201,25,,,,,7,21,7,4,,10,5,,5,2,,128,43,186,28,,98,47,40,11,,,303,,,79,63,3,69,23,66,29,3,3,139,77,62,,,,,,1,,,,19
,,Ellinwood,"2,154",11,1,8,2,,,,,,3,3,,,,,,,1,,16,3,23,,,10,3,3,4,,,35,,,,2,,3,2,28,3,1,,4,3,1,,,,,,,,,,
,,Ellsworth,"3,129",19,2,9,8,,,,,1,3,1,1,,1,,,,,,20,12,22,,,15,12,2,1,,,34,,,2,9,,3,9,11,2,,,3,1,2,,,,,,,,,,
,,Elwood,"1,229",25,9,11,5,,,,,,2,1,1,,,,,,,,12,3,16,,,11,5,5,1,,,15,,,2,2,,2,6,3,5,,1,39,20,19,,,,,,,,,,2
,,Emporia,"25,099",324,26,298,,,,,,13,26,25,1,,,,,,1,,133,47,464,1,,64,,64,,,,673,,2,91,55,4,146,19,356,26,7,1,92,88,4,,,,,,,,,,10
,,Eudora,"6,249",78,14,39,25,,,,,6,4,3,,,1,,,,2,,20,13,44,,,24,15,3,6,,,57,,,5,11,,12,2,27,2,,2,3,2,1,,,,,,,,,,1
,,Fairway,"3,965",6,,4,2,,,,,,1,1,,,,,,,,,6,,8,,,13,,7,6,,,22,,,,7,,6,5,4,1,1,,20,12,8,,,,,,,,,,
,,Fort Scott,"8,031",244,45,170,29,,,,,12,23,5,2,,16,,,,3,,77,34,197,1,,63,37,24,1,1,,247,,,29,57,5,47,33,76,19,1,2,79,39,40,,,,,,3,,,,3
,,Frontenac,"3,463",39,6,23,10,,,,,1,2,2,,,,,,,,,21,2,28,,,9,5,1,3,,,39,,,,8,1,11,6,13,6,,,14,6,8,,,,,,,,,,
,,Galena,"3,070",76,14,59,3,,,,,,3,2,,,1,,,,,,54,5,74,,,13,5,8,,,,121,,,2,20,,19,23,57,10,1,1,26,15,11,,,,,,1,,,,2
,,Garden City,"27,017",549,96,403,50,1,,1,,22,34,11,4,,19,6,,6,13,,88,90,461,18,1,205,96,87,22,,,657,1,2,183,95,,119,79,178,24,9,10,372,222,150,8,,4,4,,2,1,,1,39
,,Gardner,"19,532",288,28,198,62,,,,,12,19,5,4,,10,,,,4,,68,12,166,2,,71,21,41,9,,,258,,,48,48,,35,24,103,17,2,6,110,61,49,,,,,,2,,,,13
,,Garnett,"3,419",48,8,38,2,,,,,5,3,,1,,2,1,,1,2,,26,10,56,,,24,9,13,2,,,80,,,7,14,,8,12,39,4,,,24,13,11,,,,,,,,,,1
,,Girard,"2,810",59,5,49,5,,,,,1,4,1,2,,1,,,,1,,9,2,18,,,8,6,1,1,,,43,,,7,18,,14,,4,1,,,4,2,2,,,,,,,,,,
,,Goddard,"4,389",25,2,16,7,,,,,1,2,,1,,1,2,,2,1,,19,4,46,3,,11,2,5,4,,,72,1,,5,4,1,19,12,30,2,1,,49,24,25,,,,,,,,,,2
,,Grandview Plaza,"1,611",72,6,64,2,,,,,3,2,1,,,1,,,,1,,7,2,31,,,9,2,5,2,,,29,,,2,11,,6,7,3,5,,1,23,11,12,,,,,,,,,,2
,,Great Bend,"16,174",608,83,375,150,,,,,10,21,6,5,,10,,,,3,,143,51,367,10,,148,61,71,16,,,555,,,83,105,,74,60,233,32,6,,107,58,49,,,,,,1,1,1,,9
,,Halstead,"2,106",9,3,4,2,,,,,1,,,,,,,,,1,,9,2,23,,,4,2,1,1,,,21,,,,5,,6,2,8,,,,4,2,2,,,,,,,,,,
,,Haven,"1,247",9,,6,3,,,,,,1,1,,,,,,,,,4,,14,,,3,,2,1,,,11,,,1,3,,3,,4,3,,,3,2,1,,,,,,1,,,,
,,Hays,"20,823",346,86,235,25,,,,,11,17,7,,,10,2,,2,3,,68,70,333,6,,103,32,58,13,,,524,,,103,50,,110,23,238,34,6,9,469,245,224,,,,,,2,,,,41
,,Haysville,"10,939",294,27,239,28,,,,,6,38,15,7,,16,1,,1,4,,58,6,168,1,1,93,12,77,4,,,213,,,10,39,2,48,24,90,14,2,7,110,57,53,,,,,,2,1,,1,10
,,Herington,"2,538",35,3,28,4,,,,,,4,,,,4,1,,1,,,17,,20,,,3,1,2,,,,28,,,,8,,4,3,13,6,,,4,2,2,,,,,,,,,,
,,Hesston,"3,744",15,3,7,5,,,,,,,,,,,,,,,,12,1,36,,,7,1,2,4,,,51,,,,7,1,13,5,25,2,1,1,11,6,5,,,,,,,,,,2
,,Hiawatha,"3,197",66,1,53,12,,,,,1,,,,,,,,,,,8,4,25,1,,11,2,8,1,,,86,,1,17,25,,12,3,28,3,,,13,9,4,,,,,,,,,,2
,,Hoisington,"2,737",37,5,27,5,,,,,1,5,,1,,4,,,,1,,20,3,33,,,10,5,1,4,,,38,,,3,8,,7,2,18,4,,1,26,13,13,,,,,,,,,,2
,,Holcomb,"2,123",18,,15,3,,,,,,,,,,,,,,,,9,1,16,,,4,,4,,,,33,,,,9,,14,,10,,,1,1,,1,,,,,,,,,,
,,Holton,"3,339",43,5,32,6,,,,,1,1,,,,1,,,,,,17,4,34,1,,12,6,1,5,,,81,,,7,12,1,22,11,28,4,,5,59,30,29,,,,,,,,,,4
,,Horton,"1,789",65,4,57,4,,,,,1,3,2,1,,,,,,,,15,2,24,,,3,2,,1,,,27,,1,5,7,,3,2,9,2,,,29,15,14,,,,,,,,,,
,,Hugoton,"3,849",18,2,15,1,,,,,,,,,,,,,,,,1,,8,,,,,,,,,11,,,2,2,,,1,6,1,,,8,4,4,,,,,,,,,,
,,Hutchinson,"42,357","1,602",211,967,424,1,1,,,33,64,26,8,,30,4,,4,21,,499,228,"1,344",32,,721,313,347,51,10,,"1,898",,,458,457,,328,203,452,131,25,22,385,199,186,,,,,,8,2,1,1,39
,,Inman,"1,387",16,1,8,7,,,,,1,,,,,,,,,,,4,,9,1,,6,2,3,1,,,12,,,2,2,,1,1,6,,,,6,3,3,,,,,,,,,,
,,Iola,"5,716",159,22,96,41,,,,,2,10,5,,,5,,,,1,,44,30,132,2,,60,32,14,14,,,253,,,32,19,,61,2,139,5,1,3,94,51,43,2,,1,1,,,,,,8
,,Junction City,"24,138",771,140,539,92,1,1,,,31,25,9,2,,14,,,,5,,155,41,443,1,,109,46,55,8,,,450,1,,138,84,3,76,49,99,25,13,2,235,133,102,,,,,,3,1,1,,25
,,Kingman,"3,192",55,10,42,3,,,,,1,,,,,,,,,,,16,12,44,,,7,3,1,3,,,32,,,,10,,5,1,16,3,,,32,16,16,3,1,1,1,,,,,,1
,,Kiowa,"1,036",7,,7,,,,,,,1,1,,,,,,,1,,2,,6,,,,,,,,,3,,,,,,2,1,,2,,,2,,2,,,,,,,,,,
,,La Cygne,"1,150",15,2,10,3,,,,,,1,,,,1,,,,,,1,,6,,,1,1,,,,,1,,,,,,,,1,1,,,3,2,1,,,,,,,,,,1
,,Lansing,"11,443",115,17,71,27,,,,,2,12,2,,,10,,,,1,,29,2,48,1,,15,5,9,1,,,38,,,,7,,24,2,5,3,2,2,25,13,12,,,,,,1,,,,1
,,Larned,"4,101",125,17,75,33,,,,,5,9,5,1,,3,1,,1,1,,30,8,82,1,,29,12,17,,,,79,,,9,19,,21,4,26,4,,1,16,9,7,,,,,,1,,,,4
,,Lawrence,"89,180","2,427",267,"1,739",421,,,,,108,116,55,11,,50,6,1,5,26,,602,402,"1,817",24,1,982,332,567,62,21,,"3,199",20,17,459,484,11,859,85,"1,264",206,53,39,644,361,283,,,,,,2,8,4,4,71
,,Leavenworth,"35,857","1,084",203,719,162,,,,,31,40,15,6,,19,1,,1,9,,243,30,641,25,1,207,61,116,27,3,,854,1,1,175,232,1,164,79,201,79,30,25,428,236,192,,,,,,4,,,,44
,,Leawood,"32,554",116,9,76,31,1,1,,,5,9,4,1,,4,,,,,,82,26,153,4,,72,20,11,41,,,371,1,3,123,95,1,103,14,31,12,5,9,234,115,119,,,,,,,3,1,2,11
,,Lebo,937,1,,1,,,,,,,,,,,,,,,,,,,,,,,,,,,,,,,,,,,,,,,,,,,,,,,,,,,,
,,Lenexa,"49,222",456,44,321,91,2,1,1,,9,29,9,4,,16,,,,14,,94,43,408,8,,58,20,16,22,,,758,,6,101,207,3,170,137,134,99,5,26,637,348,289,,,,,,1,12,10,2,28
,,Liberal,"20,968",289,52,221,16,,,,,22,18,8,5,,5,1,,1,,,151,44,453,6,,112,34,53,25,,,405,,,78,50,1,82,57,137,18,7,1,194,101,93,,,,,,2,,,,14
,,Lindsborg,"3,483",19,2,11,6,,,,,1,3,1,,,2,,,,1,,13,1,35,,,10,2,8,,,,43,,,,8,,4,,31,,1,,16,10,6,,,,,,,,,,
,,Louisburg,"4,327",17,,12,5,,,,,,,,,,,1,,1,,,9,,12,,,8,,8,,,,38,,,4,1,,14,2,17,1,,2,17,8,9,,,,,,,,,,2
,,Maize,"3,455",65,13,29,23,,,,,,,,,,,,,,,,10,6,47,,,13,4,3,6,,,58,,,4,5,,16,4,29,1,,,21,10,11,,,,,,,,,,1
,,Marion,"1,918",27,3,17,7,,,,,1,,,,,,,,,,,10,,26,,,1,,1,,,,11,,,,2,,5,,4,,,,8,4,4,,,,,,,,,,
,,Marysville,"3,278",45,8,21,16,,,,,,2,1,,,1,,,,,,14,5,47,1,,18,9,6,3,,,58,,,12,14,1,6,3,22,3,,1,15,10,5,,,,,,,,,,1
,,McPherson,"13,249",400,25,278,97,1,1,,,12,12,5,1,,6,,,,2,,119,14,253,,,39,10,17,12,,,316,3,3,41,67,,72,10,120,18,1,2,102,56,46,,,,,,7,,,,6
,,Merriam,"11,237",238,33,161,44,2,2,,,7,21,8,1,,12,,,,,,59,11,223,1,1,57,13,25,19,,,428,,1,44,62,2,172,27,120,79,12,5,92,58,34,,,,,,1,33,12,21,8
,,Minneapolis,"2,052",16,,12,4,,,,,1,4,1,,,3,,,,,,6,,19,,,2,1,,1,,,29,,,2,4,,6,3,14,3,1,,12,6,6,,,,,,,,,,2
,,Mission Hills,"3,572",4,,4,,,,,,,,,,,,,,,,,6,,16,,,2,,,2,,,18,,,,,,14,,4,1,1,,20,9,11,,,,,,,,,,
,,Moran,560,,,,,,,,,,,,,,,,,,,,,,,,,,,,,,,,,,,,,,,,,,,,,,,,,,,,,,,
,,Mulvane,"6,158",53,6,38,9,,,,,,1,,,,1,1,,1,,,18,8,37,,,53,13,31,9,,,96,,,1,35,,13,5,42,9,2,,69,40,29,,,,,,2,,,,3
,,Neodesha,"2,470",33,5,24,4,,,,,,1,1,,,,,,,1,,11,2,22,,,8,3,4,1,,,49,,,3,8,,5,4,29,1,,1,31,15,16,,,,,,,,,,3
,,Newton,"19,328",489,99,308,82,,,,,22,35,7,6,,22,,,,2,,136,77,336,7,,180,83,76,21,,,505,2,,105,87,4,73,41,193,28,4,8,361,188,173,,,,,,3,,,,18
,,North Newton,"1,774",1,,1,,,,,,,1,,,,1,,,,,,4,,6,1,,5,,5,,,,13,,,,10,1,,,2,,,,4,2,2,,,,,,,,,,
,,Norton,"2,923",35,2,30,3,,,,,1,4,2,1,,1,1,,1,,,11,3,29,2,,9,4,3,2,,,46,2,,2,18,1,8,3,12,3,,,5,2,3,,,,,,,,,,
,,Onaga,717,4,,4,,,,,,,,,,,,,,,,,1,,2,,,,,,,,,1,,,,,,,,1,,,,,,,,,,,,,,,,
,,Osage City,"2,960",60,11,37,12,,,,,4,,,,,,,,,2,,19,1,31,1,,3,2,,1,,,73,,,5,14,,19,3,32,3,,,11,6,5,,,,,,,,,,1
,,Osawatomie,"4,460",67,16,43,8,,,,,2,11,8,1,,2,,,,,,13,1,36,,,6,1,5,,,,105,,,21,15,,17,7,45,8,,,28,14,14,,,,,,,,,,1
,,Oswego,"1,830",14,1,11,2,,,,,,,,,,,,,,,,10,1,12,,,3,2,1,,,,16,,,1,4,,3,2,6,5,,,19,10,9,,,,,,,,,,1
,,Ottawa,"12,684",190,26,143,21,,,,,9,16,9,1,,6,2,,2,5,,55,38,136,1,,87,46,25,16,,,245,,,56,31,,49,22,87,8,2,3,128,62,66,,,,,,1,,,,3
,,Paola,"5,619",111,10,93,8,,,,,1,7,3,4,,,1,,1,2,,31,24,92,5,,45,28,11,6,,,197,,,60,35,5,26,11,60,7,,2,96,49,47,,,,,,,,,,5
,,Park City,"7,373",126,8,96,22,,,,,2,10,1,,,9,,,,1,,26,16,131,4,,29,12,3,14,,,143,1,,5,11,,33,10,83,15,4,5,108,59,49,,,,,,1,,,,10
,,Parsons,"10,507",474,52,368,54,,,,,14,14,6,3,,5,1,,1,4,,104,89,289,2,,311,91,212,6,2,,345,,,41,58,2,73,19,152,11,4,7,159,85,74,,,,,,,,,,19
,,Prairie Village,"21,906",88,7,67,14,,,,,3,9,3,2,,4,,,,2,,50,10,107,,,28,10,4,14,,,180,,1,13,30,,86,4,46,14,3,3,180,104,76,,,,,,,28,11,17,4
,,Pratt,"6,885",177,22,124,31,,,,,12,11,2,2,,7,,,,1,,43,19,122,,,27,19,5,3,,,157,3,2,29,44,,31,1,47,15,1,1,106,55,51,,,,,,,,,,
,,Rose Hill,"3,948",28,3,18,7,,,,,1,2,1,,,1,1,,1,1,,3,1,26,,,11,5,2,4,,,58,,,1,13,,17,3,24,1,,1,17,10,7,,,,,,,,,,
,,Rossville,"1,163",10,4,6,,,,,,,,,,,,,,,,,1,,4,1,,,,,,,,2,,,,,,,1,1,3,,,24,12,12,,,,,,,,,,
,,Russell,"4,520",83,17,54,12,,,,,7,10,1,1,,8,,,,1,,28,8,58,12,,24,11,11,2,,,52,,,7,14,,12,2,17,9,,,42,21,21,,,,,,1,,,,2
,,Sabetha,"2,568",27,4,14,9,,,,,1,1,1,,,,1,,1,,,10,2,21,,,4,3,,1,,,17,,,1,5,,5,1,5,4,,,9,5,4,,,,,,,,,,1
,,Salina,"48,155","1,445",118,"1,118",209,1,1,,,38,90,20,21,,49,10,,10,23,,450,164,"1,294",25,,447,190,229,28,,,"1,805",3,1,375,309,3,355,178,581,106,23,24,674,344,330,,,,,,5,,,,41
,,Scott City,"3,815",52,10,30,12,,,,,3,3,2,1,,,,,,,,10,15,20,1,,20,15,4,1,,,36,,,11,4,,4,5,12,3,,1,18,10,8,,,,,,2,,,,1
,,Sedgwick,"1,712",7,,7,,,,,,,1,1,,,,,,,,,3,,10,,,,,,,,,4,,,,,,2,1,1,1,,,,,,,,,,,,,,,
,,Shawnee,"63,542",507,62,355,90,,,,,13,22,11,1,,10,,,,11,,150,64,495,6,3,272,32,98,142,,,774,1,2,128,94,4,244,51,250,139,12,21,385,232,153,,,,,,2,,,,13
,,South Hutchinson,"2,474",44,5,25,14,1,1,,,,,,,,,,,,,,20,4,36,6,,15,9,2,4,,,73,,,8,15,1,8,9,32,2,,,24,11,13,,,,,,,,,,1
,,Spring Hill,"5,511",67,9,47,11,,,,,3,3,,,,3,,,,1,,18,27,68,,,47,27,15,5,,,57,,,5,12,,7,7,26,3,1,2,36,20,16,,,,,,2,,,,5
,,Stafford,"1,032",6,2,3,1,,,,,,2,1,1,,,,,,,,3,6,7,,,7,6,,1,,,6,,,,1,,1,1,3,,,,2,1,1,,,,,,,,,,1
,,Sterling,"2,338",19,2,13,4,,,,,,1,,,,1,,,,1,,10,1,19,,,5,5,,,,,17,,,1,1,,1,1,13,,,,3,1,2,,,,,,,,,,
,,St. Marys,"2,678",17,4,7,6,,,,,,2,,1,,1,,,,1,,16,2,30,,,3,2,1,,,,14,,,2,3,,4,2,3,1,,,5,2,3,,,,,,,,,,1
,,Tonganoxie,"5,091",81,9,46,26,,,,,3,7,2,3,,2,2,,2,,,19,9,53,,1,13,11,1,1,,,57,,,2,13,1,11,14,16,6,,2,53,27,26,,,,,,,,,,1
,,Udall,749,4,1,2,1,,,,,,,,,,,,,,,,3,,6,1,,1,,,1,,,3,,,,,,1,,2,1,,,20,10,10,,,,,,,,,,1
,,Ulysses,"6,299",94,20,68,6,,,,,3,4,,2,,2,,,,2,,36,1,74,,,9,3,3,3,,,52,,,1,17,,16,7,11,5,1,,30,16,14,,,,,,,,,,4
,,Valley Center,"6,896",59,7,37,15,,,,,,2,1,,,1,,,,3,,20,10,66,4,,19,14,2,3,,,90,,,6,6,,44,8,26,8,,1,28,12,16,,,,,,1,,,,3
,,Wa Keeney,"1,827",14,1,10,3,,,,,,3,1,,,2,,,,1,,2,,17,,,1,,,1,,,15,,,4,3,,4,1,3,1,,2,16,8,8,,,,,,,,,,
,,Wathena,"1,374",22,6,12,4,,,,,,3,,,,3,,,,,,9,23,13,1,,25,22,3,,,,18,,,1,6,,4,2,5,3,,,40,19,21,,,,,,1,,,,1
,,Waverly,590,1,1,,,,,,,,,,,,,,,,,,2,,2,,,,,,,,,,,,,,,,,,,,,2,1,1,,,,,,,,,,1
,,Wellington,"8,098",241,19,178,44,,,,,7,10,7,,,3,2,,2,1,,87,72,178,4,,116,90,21,5,,,332,,,54,74,1,39,22,142,11,1,5,88,43,45,,,,,,,,,,10
,,Wellsville,"1,862",10,1,8,1,,,,,,1,1,,,,,,,,,12,,21,,,1,,1,,,,19,,,2,9,,1,1,6,1,1,,2,1,1,,,,,,1,,,,
,,Westwood,"1,539",2,,2,,,,,,,,,,,,,,,,,10,,28,,,,,,,,,26,,,1,2,,16,3,4,3,,,,,,,,,,,,,,,
,,Wichita,"386,409","13,980","2,134","8,579","3,267",25,23,,2,114,675,230,34,,411,5,,5,134,,"3,857",913,"7,510",606,2,"2,230","1,034",687,501,8,,"15,390",25,102,"3,507","3,034",29,"4,469","1,270","2,954","1,814",498,73,"3,590","2,587","1,003",,,,,,72,97,74,23,735
,,Yates Center,"1,417",18,4,10,4,,,,,,,,,,,,,,,,6,1,17,,,2,1,1,,,,13,,,,4,,,2,7,,,,21,11,10,,,,,,,,,,1
,Universities and Colleges,Emporia State University,"5,976",5,1,4,,,,,,,,,,,,,,,,,1,,16,,,,,,,,,18,,,,7,,1,1,9,1,,,5,2,3,,,,,,,,,,
,,Fort Hays State University,"12,802",15,2,11,2,,,,,,1,,1,,,,,,1,,6,,40,,,12,,12,,,,25,,,,6,,4,,15,,1,,11,7,4,,,,,,,,,,
,,Kansas City Kansas Community College,"7,555",5,,5,,,,,,,,,,,,,,,,,2,,16,,,5,,5,,,,50,,,1,35,,7,4,3,1,1,,,,,,,,,,,,,,
,,Kansas State University,"23,863",19,3,14,2,,,,,,1,,1,,,,,,,,23,2,51,,,7,,7,,,,108,,,,33,,16,4,55,4,2,,50,30,20,,,,,,,,,,
,,Pittsburg State University,"7,275",14,3,9,2,,,,,,2,2,,,,,,,,,2,1,38,,,2,1,1,,,,90,,,1,43,1,21,3,21,1,,,13,6,7,,,,,,,,,,
,,"University of Kansas, Main Campus","27,939",27,,17,10,,,,,1,1,,,,1,,,,,,34,3,126,,,8,4,4,,,,175,,,,68,5,31,5,66,3,2,2,84,41,43,,,,,,,,,,4
,,Washburn University,"7,303",7,1,6,,,,,,1,1,,,,1,,,,1,,10,2,24,1,,2,1,1,,,,51,,,,25,,11,6,9,5,1,,7,3,4,,,,,,,,,,
,,Wichita State University,"14,909",19,,11,8,,,,,,1,1,,,,,,,3,,3,3,46,,,4,2,,2,,,110,1,,5,54,1,17,7,25,15,1,,4,2,2,,,,,,,,,,
,Metropolitan Counties,Butler,,184,40,116,28,,,,,10,12,7,2,,3,2,,2,4,,166,30,355,2,,141,38,54,49,,,377,,,2,40,,48,96,191,46,1,1,144,73,71,,,,,,2,2,1,1,12
,,Doniphan,,16,4,9,3,,,,,,2,1,,,1,,,,2,,13,,17,,,3,2,1,,,,15,,,,1,,4,2,8,4,,,13,7,6,,,,,,,,,,
,,Douglas,,131,21,77,33,,,,,5,10,2,2,,6,,,,9,,64,6,108,,,27,5,16,6,,,99,,,,15,,25,2,57,13,2,11,64,31,33,,,,,,1,,,,4
,,Harvey,,49,7,33,9,,,,,2,4,1,,,3,,,,,,49,3,68,2,,3,1,,2,,,50,,,1,7,,9,3,30,4,,2,39,21,18,,,,,,,,,,2
,,Jackson,,90,12,64,14,,,,,3,5,,1,,4,,,,1,,41,15,58,,,36,17,7,12,,,72,,,,12,2,10,13,35,9,,2,60,33,27,,,,,,,,,,6
,,Jefferson,,159,33,95,31,,,,,2,8,2,2,,4,,,,3,,104,25,168,8,,48,32,9,7,,,213,,,6,26,,34,50,97,36,,6,58,29,29,,,,,,2,,,,
,,Johnson,,294,41,196,57,1,1,,,5,21,6,3,,12,1,,1,5,,83,32,136,,,61,16,20,24,1,,176,,,1,76,,53,4,42,24,1,5,317,178,139,,,,,,35,31,17,14,6
,,Kingman,,27,4,18,5,,,,,1,3,2,,,1,,,,1,,29,,29,,,4,1,2,1,,,36,,,,7,,3,2,24,4,1,,9,5,4,,,,,,,,,,1
,,Leavenworth,,216,59,112,45,,,,,8,9,4,1,,4,,,,22,,101,10,194,3,1,44,19,11,14,,,159,,,,67,,14,7,71,30,1,11,68,34,34,,,,,,1,,,,9
,,Linn,,87,16,50,21,,,,,3,9,3,3,,3,1,,1,5,,51,3,87,,,8,6,1,1,,,70,,,1,11,2,5,8,43,14,,3,93,52,41,,,,,,1,,,,5
,,Miami,,110,14,71,25,,,,,4,25,9,4,,12,2,1,1,12,,85,,116,,,53,2,41,10,,,116,,,3,22,,14,11,66,22,,1,54,29,25,,,,,,1,,,,2
,,Osage,,60,22,37,1,,,,,2,5,1,1,,3,,,,2,,36,3,54,,,8,7,,1,,,70,,,2,10,,12,14,32,7,,2,34,14,20,,,,,,,,,,
,,Pottawatomie,,240,33,135,72,,,,,3,5,2,,,3,1,,1,13,,54,17,123,6,,42,30,10,2,,,169,,,26,35,,36,19,53,16,1,1,76,36,40,,,,,,,,,,10
,,Riley County Police Department,,943,124,814,5,1,1,,,4,51,27,3,,21,4,,4,14,,226,55,764,1,1,78,10,56,12,,,"1,093",3,2,145,178,,217,61,487,40,22,5,556,341,215,,,,,,3,12,6,6,33
,,Shawnee,,390,68,279,43,3,3,,,18,13,4,2,,7,,,,14,,268,30,534,,,29,4,21,4,,,667,1,,14,111,,111,224,206,66,4,19,267,142,125,,,,,,,,,,16
,,Sumner,,74,20,43,11,,,,,7,4,1,,,3,,,,1,1,59,1,71,,,8,1,1,6,,,82,,,2,14,,9,13,44,7,1,,38,20,18,,,,,,,,,,1
,,Wabaunsee,,34,8,23,3,,,,,1,1,1,,,,,,,1,,13,1,29,,,2,2,,,,,33,,,,6,,2,4,21,10,,1,15,7,8,,,,,,,1,1,,4
,,Wyandotte,,77,17,50,10,,,,,2,3,,1,,2,,,,2,,2,5,93,,,16,5,2,9,,,39,,,,4,,18,7,10,3,2,4,61,35,26,,,,,,,,,,5
,Nonmetropolitan Counties,Allen,,50,3,39,8,,,,,1,6,1,1,,4,,,,3,,17,3,39,,,9,3,4,2,,,57,,,2,8,,2,6,39,4,,,24,12,12,,,,,,,,,,3
,,Anderson,,31,8,19,4,,,,,2,2,,,,2,,,,1,,41,4,41,,,8,5,1,2,,,32,,,,1,,2,6,23,6,,,28,15,13,,,,,,,,,,2
,,Barber,,12,5,7,,,,,,,2,,1,,1,,,,1,,5,1,23,,,2,2,,,,,36,,,,6,,2,2,26,5,,1,10,5,5,,,,,,,,,,1
,,Barton,,72,9,46,17,,,,,,3,1,,,2,,,,1,,51,1,86,1,,6,3,2,1,,,87,,,,9,,10,18,50,7,1,,20,9,11,,,,,,,,,,1
,,Bourbon,,61,14,42,5,,,,,,9,3,1,,5,,,,3,,58,1,85,1,,12,,10,2,,,68,,,1,9,,9,7,42,9,,,13,8,5,,,,,,,,,,2
,,Brown,,52,6,33,13,1,1,,,,11,4,4,,3,,,,2,,20,4,31,,,8,6,1,1,,,36,,,,3,,2,8,23,4,,2,39,20,19,,,,,,,1,,1,
,,Chase,,15,7,5,3,,,,,,,,,,,,,,1,,3,,8,,,,,,,,,7,,,,2,,,,5,1,,,5,1,4,,,,,,,,,,1
,,Chautauqua,,20,3,16,1,,,,,1,,,,,,,,,1,,9,,12,,,,,,,,,13,,,,4,,2,1,6,1,,,20,10,10,,,,,,,,,,
,,Cherokee,,81,17,56,8,2,2,,,1,6,3,,,3,,,,13,,126,1,146,,,16,4,9,3,,,122,,,,23,,15,16,68,23,1,3,144,74,70,,,,,,,,,,4
,,Cheyenne,,14,3,8,3,,,,,,2,,2,,,1,,1,,,4,1,20,,,2,1,,1,,,19,,,,2,,2,,15,1,,,3,2,1,,,,,,,,,,
,,Clark,,21,3,16,2,,,,,,2,1,,,1,,,,,,7,,14,,,,,,,,,15,,,,4,,3,,8,1,,2,20,10,10,,,,,,,,,,
,,Clay,,27,6,14,7,,,,,1,1,1,,,,,,,1,,5,,11,,,2,1,1,,,,14,,,,8,,2,,4,4,,,16,8,8,,,,,,,,,,2
,,Cloud,,52,13,30,9,,,,,1,3,2,,,1,1,,1,5,,29,2,48,,,6,3,2,1,,,33,1,,1,1,,6,4,20,4,,,45,26,19,,,,,,,,,,1
,,Coffey,,35,9,20,6,,,,,1,2,,,,2,,,,,,14,3,18,,,7,5,2,,,,42,,,1,6,,8,4,23,2,,,44,23,21,,,,,,2,,,,5
,,Cowley,,110,35,62,13,,,,,4,9,2,1,,6,1,,1,2,,49,2,92,,,22,8,6,8,,,93,,,,13,,8,23,49,11,,2,83,45,38,,,,,,,,,,2
,,Crawford,,110,15,85,10,,,,,,4,1,,,3,,,,13,,90,4,128,,,30,20,2,8,,,116,,,,17,1,17,24,57,18,,2,73,37,36,,,,,,,,,,3
,,Dickinson,,87,11,63,13,1,,1,,4,4,,2,,2,,,,1,,35,1,58,,,6,3,2,1,,,68,,,,14,,11,9,34,11,,2,35,18,17,,,,,,,,,,4
,,Edwards,,10,1,8,1,,,,,,,,,,,,,,,,10,,19,,,1,1,,,,,19,,,2,2,,1,4,10,,,,6,2,4,,,,,,,,,,1
,,Elk,,20,,17,3,,,,,3,1,,,,1,,,,1,,5,,16,,,2,,,2,,,25,,,,9,,3,1,12,4,,,4,4,,,,,,,,,,,
,,Ellis,,39,7,29,3,,,,,3,3,2,1,,,,,,,,32,6,49,1,,16,10,5,1,,,51,,,,10,,3,1,37,6,,1,48,26,22,,,,,,1,,,,4
,,Ellsworth,,22,6,13,3,,,,,,1,,,,1,,,,,,9,1,30,1,,2,2,,,,,29,,,,1,,2,,26,,,,3,1,2,,,,,,,,,,
,,Finney,,108,26,71,11,,,,,4,20,8,,,12,,,,2,,49,16,138,2,,23,7,7,9,,,137,,,,14,,21,37,65,6,3,1,33,20,13,,,,,,1,,,,2
,,Ford,,105,24,74,7,,,,,4,1,,,,1,1,,1,4,,53,1,110,2,,13,4,7,2,,,62,,,,10,,16,6,30,6,1,1,60,31,29,,,,,,,,,,5
,,Franklin,,184,25,129,30,1,,1,,9,7,3,,,4,,,,5,,87,12,198,1,,37,12,23,2,,,122,,,5,20,3,13,19,62,15,1,1,31,15,16,,,,,,2,,,,3
,,Geary,,42,15,20,7,,,,,2,3,1,,,2,,,,1,,9,1,23,,,2,,2,,,,30,,,2,5,,7,4,12,2,,1,83,46,37,,,,,,,9,6,3,1
,,Graham,,3,2,1,,,,,,,,,,,,,,,,,4,1,8,,,2,1,1,,,,10,,1,,1,,1,,7,2,,,3,2,1,,,,,,,,,,
,,Grant,,16,2,10,4,,,,,,,,,,,,,,,,5,1,10,1,,9,2,2,5,,,11,,,,1,,,2,8,3,,,4,2,2,,,,,,1,,,,2
,,Gray,,27,5,20,2,,,,,3,,,,,,,,,,,25,2,38,2,,14,3,5,6,,,23,,,,4,,2,3,14,4,,,36,18,18,,,,,,,,,,2
,,Greeley,,4,,4,,,,,,,3,1,,,2,,,,,,1,1,,,,1,1,,,,,3,,,,1,,,,2,,,,7,3,4,,,,,,,,,,
,,Greenwood,,51,8,35,8,1,1,,,,1,1,,,,,,,,,31,2,46,,,3,2,1,,,,40,,,1,2,,6,7,24,3,,2,39,21,18,,,,,,,,,,4
,,Harper,,17,3,14,,,,,,3,,,,,,,,,2,,4,1,17,,,2,2,,,,,26,,,,,,2,1,23,5,,,38,19,19,,,,,,,,,,1
,,Haskell,,41,10,27,4,,,,,,2,,,,2,,,,,,14,1,33,,,12,4,4,4,,,39,,,3,11,,3,8,14,5,,,23,12,11,,,,,,1,,,,
,,Hodgeman,,12,1,10,1,,,,,,2,1,1,,,,,,,,11,2,7,,,5,2,1,2,,,6,,,1,,,1,,4,,,,35,19,16,,,,,,,,,,2
,,Kearny,,59,10,35,14,,,,,1,9,2,3,,4,,,,,,16,6,35,,,34,12,17,5,,,43,,,2,4,,7,5,25,3,,,5,2,3,,,,,,2,,,,6
,,Kiowa,,9,1,7,1,,,,,,1,,,,1,,,,,,14,,19,,,2,1,1,,,,15,,,,2,,2,3,8,4,,2,25,13,12,,,,,,,,,,2
,,Labette,,47,4,37,6,,,,,1,1,,,,1,1,,1,4,,43,2,55,,,5,2,1,2,,,43,,,,4,,9,11,19,12,,,44,25,19,,,,,,,,,,1
,,Lane,,16,3,11,2,1,1,,,,2,,,,2,,,,1,,3,,10,,,,,,,,,7,,,,1,,1,,5,4,,,21,11,10,,,,,,,,,,1
,,Lyon,,59,13,38,8,,,,,,1,,1,,,,,,12,,16,1,57,,,1,,,1,,,66,,,,24,,12,,30,4,,,82,79,3,,,,,,1,,,,2
,,Marion,,33,2,29,2,,,,,,4,,1,,3,,,,,,5,2,13,,,3,2,,1,,,6,,,,3,,3,,,4,,,12,6,6,,,,,,,,,,2
,,Marshall,,21,2,17,2,,,,,1,,,,,,1,,1,1,,20,5,26,,,9,6,1,2,,,20,,,1,9,,1,1,8,7,,,18,10,8,,,,,,,,,,1
,,McPherson,,29,4,22,3,,,,,,2,2,,,,1,1,,1,,26,2,25,,,7,4,,3,,,33,,,1,4,,5,1,22,4,,1,18,11,7,,,,,,,,,,2
,,Mitchell,,11,5,5,1,,,,,,3,2,,,1,,,,,,2,,8,,,,,,,,,11,,,,1,,2,3,5,1,,,29,15,14,,,,,,,,,,6
,,Montgomery,,77,24,46,7,,,,,2,5,1,1,,3,,,,2,,58,12,83,,,36,17,11,8,,,102,,,1,13,1,4,10,73,13,,4,82,44,38,,,,,,,,,,7
,,Morris,,20,4,11,5,,,,,,1,,,,1,1,,1,,,44,1,59,,,11,6,2,3,,,34,,,,3,,4,6,21,3,,1,4,2,2,,,,,,,,,,
,,Morton,,23,6,13,4,,,,,1,6,1,2,,3,,,,,,5,3,24,,,4,4,,,,,22,,,,4,,3,1,14,2,,2,22,13,9,,,,,,,,,,2
,,Nemaha,,36,8,20,8,,,,,,,,,,,,,,,,11,3,29,,,10,3,6,1,,,38,,,,13,,7,2,16,5,,1,23,12,11,,,,,,,,,,3
,,Neosho,,49,7,31,11,,,,,,2,2,,,,,,,1,,45,10,77,1,,15,13,,2,,,42,,,2,6,,10,3,21,4,1,3,39,21,18,,,,,,1,,,,5
,,Ness,,29,5,18,6,,,,,,2,1,1,,,,,,,,5,,23,1,,4,1,2,1,,,17,,,,3,,3,4,7,5,,,11,5,6,,,,,,,,,,
,,Norton,,8,1,7,,,,,,,1,,,,1,,,,,,5,,14,,,1,,1,,,,6,,,,3,,,,3,,,,1,1,,,,,,,,,,,
,,Osborne,,8,,8,,,,,,,,,,,,1,,1,,,11,2,15,2,,7,3,4,,,,28,,,1,8,,11,3,5,3,,,20,11,9,,,,,,1,,,,1
,,Pawnee,,19,,11,8,,,,,2,,,,,,,,,,,17,1,23,,,2,1,,1,,,15,,,,2,,1,1,11,2,,,30,16,14,,,,,,,,,,2
,,Phillips,,27,8,17,2,,,,,,1,,,,1,1,,1,,,6,,5,,,,,,,,,12,,,1,5,1,1,,4,,,1,27,15,12,,,,,,,,,,3
,,Pratt,,21,2,13,6,,,,,2,3,1,1,,1,,,,1,,18,,34,,,2,2,,,,,20,,,,2,,3,2,13,4,,,6,2,4,,,,,,,,,,2
,,Rawlins,,9,1,4,4,,,,,,1,1,,,,,,,,,3,,8,,1,,,,,,,9,,,,5,,1,1,2,2,,,,,,,,,,,,,,,
,,Republic,,21,4,16,1,,,,,1,,,,,,,,,,,5,1,25,,,3,2,,1,,,21,,,,5,,1,2,13,2,,1,9,5,4,,,,,,,,,,
,,Rice,,23,2,18,3,,,,,,1,,1,,,,,,,,24,,26,,,3,,1,2,,,33,,,,,,5,4,24,4,,2,10,5,5,,,,,,,,,,
,,Rooks,,10,2,8,,1,1,,,,1,1,,,,,,,,,9,,14,,,2,1,1,,,,19,,,1,,,4,3,11,4,,2,10,5,5,,,,,,,,,,
,,Rush,,18,4,12,2,,,,,2,,,,,,,,,,,22,,14,,,2,1,,1,,,25,,,,4,,4,3,14,2,,1,5,2,3,,,,,,,,,,
,,Russell,,37,5,23,9,,,,,,2,,1,,1,,,,,,14,1,43,,1,4,1,,3,,,34,,,,4,,6,1,23,4,,4,23,11,12,,,,,,,,,,2
,,Saline,,136,17,84,35,1,1,,,5,9,2,4,,3,,,,2,,47,1,105,,,2,2,,,,,83,,,,13,,11,8,51,11,3,5,65,35,30,,,,,,1,,,,5
,,Scott,,11,2,5,4,,,,,,,,,,,,,,,,6,,8,,,1,1,,,,,12,,,,,,,8,4,2,,2,14,6,8,,,,,,,,,,1
,,Seward,,23,6,14,3,,,,,4,3,3,,,,,,,,,9,9,23,2,,14,10,2,2,,,14,,,,4,,1,2,7,3,,2,61,32,29,,,,,,1,,,,6
,,Sherman,,17,,16,1,,,,,,2,1,,,1,,,,1,,3,,13,,,2,1,1,,,,6,,,,,,1,,5,,,1,5,2,3,,,,,,1,,,,2
,,Thomas,,15,3,10,2,,,,,1,6,3,1,,2,,,,,,10,1,29,,,2,,2,,,,28,,,,4,,5,7,12,2,,,26,16,10,,,,,,,,,,4
,,Trego,,3,,2,1,,,,,1,1,1,,,,,,,,,6,,10,,,,,,,,,12,,,,,,,2,10,2,,,14,7,7,,,,,,,,,,2
,,Washington,,15,1,12,2,,,,,,2,1,,,1,1,,1,,,3,,5,,,2,2,,,,,4,,,1,1,,,,2,1,,,6,3,3,,,,,,1,,,,
,,Wichita,,15,5,8,2,,,,,,1,,,,1,,,,,,7,1,19,,,3,1,2,,,,23,,,6,,,5,,12,,,,7,4,3,,,,,,,,,,
,,Wilson,,13,4,8,1,,,,,,,,,,,,,,,,37,,33,,,1,1,,,,,51,,,,10,1,1,1,38,4,,1,2,1,1,,,,,,,,,,
,,Woodson,,22,3,16,3,,,,,1,3,1,2,,,,,,1,,18,,29,,,2,1,1,,,,25,,,,5,,,4,16,,,1,12,6,6,,,,,,,,,,1
,State Police Agencies,Kansas Highway Patrol,,66,27,30,9,1,,1,,2,1,1,,,,,,,,,5,9,45,4,,27,6,5,16,,,34,,,,10,,10,6,8,12,,59,"1,139",671,468,,,,,,,,,,44
,Other Agencies,Kansas Alcoholic Beverage Control,,2,1,,1,,,,,,,,,,,,,,,,,,,,,,,,,,,,,,,,,,,,,,,2,1,1,,,,,,,,,,
,,Kansas Department of Wildlife and Parks,,17,5,11,1,,,,,,,,,,,,,,,,3,,14,1,,,,,,,,27,,,,,,9,2,16,,,,33,18,15,,,,,,,,,,12
,,Shawnee Mission Public Schools,,18,,16,2,,,,,,1,,,,1,2,,2,,,,1,1,,,1,1,,,,,11,,,,11,,,,,,,,21,13,8,,,,,,2,,,,
,,Unified School District:,,,,,,,,,,,,,,,,,,,,,,,,,,,,,,,,,,,,,,,,,,,,,,,,,,,,,,,,
,,Auburn-Washburn,,1,,1,,,,,,,,,,,,,,,,,,,,,,,,,,,,1,,,,1,,,,,,,,5,3,2,,,,,,,,,,
,,Goddard,,15,1,14,,,,,,,,,,,,,,,,,,,2,,,,,,,,,24,,,,23,,,,1,,,,19,9,10,,,,,,,,,,
,,Shawnee Heights,,8,,8,,,,,,,,,,,,,,,,,,,,,,,,,,,,1,,,,1,,,,,,,,6,3,3,,,,,,,,,,
,Other Agencies - Tribal,Potawatomi Tribal,,22,3,18,1,,,,,1,2,1,,,1,,,,,,5,8,23,,,7,5,,2,,,31,,,1,15,,5,3,7,3,1,5,124,64,60,,,,,,,,,,7
KENTUCKY,Cities,Alexandria,"8,557",93,1,65,27,,,,,1,5,2,,,3,,,,,2,26,7,47,6,1,28,2,20,6,,,163,1,6,39,7,1,23,2,84,10,,3,70,43,27,,,,,,,,,,4
,,Anchorage,"2,372",4,1,1,2,,,,,,,,,,,,,,,,5,1,8,6,,6,1,2,3,,,30,,,,9,,11,,10,,,2,2,1,1,,,,,,,,,,
,,Ashland,"21,707",331,22,247,62,,,,,7,22,4,11,,7,,,,4,1,274,61,162,38,,83,9,51,23,,,"1,008",,1,280,8,3,159,23,534,33,30,81,178,145,33,,,,,,4,6,6,,4
,,Auburn,"1,340",13,1,8,4,,,,,,,,,,,,,,2,,3,2,5,,,1,,1,,,,9,,,1,,,,,8,1,,,9,6,3,,,,,,,,,,3
,,Audubon Park,"1,490",11,1,5,5,,,,,,,,,,,,,,,,20,2,24,1,,9,5,,4,,,47,,1,1,5,,22,,18,3,,3,6,4,2,,,,,,,,,,1
,,Augusta,"1,197",14,,7,7,,,,,,1,1,,,,,,,1,,7,,13,,,,,,,,,21,,,3,,,5,,13,,,,2,1,1,,,,,,,,,,
,,Barbourville,"3,178",10,2,4,4,,,,,1,,,,,,,,,,,11,3,4,,,4,,,4,,,33,,1,4,1,1,6,,20,3,1,3,25,16,9,,,,,,,,,,2
,,Bardstown,"11,869",100,8,77,15,,,,,4,12,6,3,,3,1,,1,1,,118,7,110,8,,9,,2,7,,,327,1,,105,5,,80,6,130,24,8,28,55,38,17,,,,,,2,,,,4
,,Bardwell,717,,,,,,,,,,,,,,,,,,,,1,,,,,,,,,,,1,,,,,,,,1,,,,,,,,,,,,,,,,
,,Beattyville,"1,299",1,1,,,,,,,,1,1,,,,,,,,,3,,4,,,1,,1,,,,8,,,,1,,,,7,,,1,7,4,3,,,,,,,,,,
,,Beaver Dam,"3,454",30,1,19,10,,,,,,,,,,,,,,,,8,3,13,3,,3,,1,2,,,44,1,,30,1,2,3,,7,,,3,55,40,15,,,,,,1,,,,1
,,Bellevue,"6,011",60,6,41,13,,,,,,4,1,2,,1,,,,2,1,62,6,61,5,,20,1,15,4,,,164,,1,31,11,,38,2,81,11,5,11,124,78,46,,,,,,,,,,3
,,Benham,498,,,,,,,,,,,,,,,,,,,,,,,,,,,,,,,,,,,,,,,,,,,,,,,,,,,,,,,
,,Benton,"4,341",32,3,19,10,,,,,,1,1,,,,1,,1,,,22,2,12,2,,3,,3,,,,87,,,30,3,,6,1,47,4,1,3,25,15,10,,,,,,,,,,2
,,Berea,"13,798",136,11,98,27,,,,,3,18,1,4,,13,1,,1,1,,143,36,59,9,,45,6,18,21,,,279,,2,24,19,1,65,4,164,28,4,19,181,137,44,1,,1,,,3,,,,12
,,Bloomfield,852,,,,,,,,,,,,,,,,,,,,2,,1,,,,,,,,,,,,,,,,,,,,,,,,,,,,,,,,,
,,Bowling Green,"59,043",837,75,405,357,4,4,,,11,88,38,16,,34,6,1,5,5,,546,138,938,86,1,158,5,99,54,,,"2,449",2,3,724,310,3,530,35,842,153,75,55,389,263,126,,,,,,13,2,2,,21
,,Brandenburg,"2,733",11,3,4,4,,,,,,,,,,,,,,,,4,1,5,5,,2,,2,,,,21,,,10,,,4,1,6,2,1,1,11,8,3,,,,,,1,,,,1
,,Brownsville,833,2,2,,,,,,,,,,,,,,,,,1,4,,3,,,,,,,,,1,,,1,,,,,,,,,,,,,,,,,,,,,
,,Burkesville,"1,520",4,,1,3,,,,,,,,,,,,,,,,3,,1,,,,,,,,,2,,,,,,,,2,1,,,2,2,,,,,,,,,,,
,,Burnside,620,7,1,2,4,1,1,,,,1,1,,,,,,,,,5,2,6,1,,6,1,3,2,,,25,,,4,3,,3,,15,3,,2,10,7,3,,,,,,,,,,
,,Cadiz,"2,557",62,6,41,15,,,,,1,1,1,,,,,,,,,22,4,32,3,,3,2,1,,,,79,,,12,2,,17,2,46,4,2,4,42,25,17,,,,,,1,,,,2
,,Calvert City,"2,561",29,1,26,2,,,,,1,3,3,,,,,,,,,7,3,7,,1,1,,1,,,,22,,,5,2,,3,,12,2,,5,51,33,18,,,,,,,,,,3
,,Campbellsville,"9,209",249,8,189,52,3,3,,,1,7,,,,7,,,,2,,85,14,115,6,,26,6,16,4,,,226,,3,25,1,2,49,3,143,6,15,11,64,44,20,,,,,,,,,,6
,,Carlisle,"1,999",12,1,3,8,,,,,,,,,,,,,,,1,8,6,10,,,3,,3,,,,14,1,,,,,1,,12,2,1,,12,8,4,,,,,,,,,,
,,Carrollton,"4,021",56,4,36,16,1,1,,,,4,2,1,,1,2,,2,2,,31,6,29,,,4,,2,2,,,47,,,6,,,5,,36,4,,7,277,116,161,,,,,,2,1,1,,4
,,Catlettsburg,"1,859",28,2,20,6,,,,,,2,1,,,1,,,,,,14,2,5,2,,4,,4,,,,31,,,9,3,,2,2,15,1,,7,21,16,5,,,,,,,,,,1
,,Cave City,"2,252",12,4,2,6,,,,,,3,1,,,2,,,,,,12,1,7,2,,4,,1,3,,,24,,,2,,,6,,16,5,,1,7,5,2,,,,,,,,,,1
,,Centertown,429,,,,,,,,,,,,,,,,,,,,,,2,,,,,,,,,1,,,,,,,,1,,,,,,,,,,,,,,,,
,,Central City,"5,955",29,3,20,6,,,,,,4,,2,,2,,,,,,5,3,7,2,,4,2,2,,,,76,,,70,,,1,,5,5,,5,49,28,21,,,,,,1,,,,1
,,Clarkson,883,,,,,,,,,,,,,,,,,,,,,,,,,,,,,,,1,,,,,,,,1,,,,,,,,,,,,,,,,
,,Clay City,"1,082",4,,1,3,,,,,,,,,,,,,,,,6,,3,,,1,1,,,,,8,,,1,1,,1,,5,,,2,8,6,2,,,,,,,,,,
,,Clinton,"1,361",,,,,,,,,,,,,,,,,,,,1,,4,,,,,,,,,4,,,,,,3,,1,,,,,,,,,,,,,,,,
,,Cloverport,"1,168",5,,1,4,,,,,,1,,,,1,,,,,,,,,,,,,,,,,,,,,,,,,,,,1,,,,,,,,,,,,,
,,Coal Run Village,"1,707",1,,1,,,,,,,,,,,,,,,1,,9,2,6,1,,6,,3,3,,,44,,,24,,,4,1,15,2,1,,2,1,1,,,,,,,,,,1
,,Cold Spring,"5,968",20,,10,10,,,,,1,,,,,,,,,,,13,5,17,9,,11,,6,5,,,193,1,2,120,1,,23,2,44,3,2,17,46,23,23,,,,,,,,,,1
,,Columbia,"4,468",3,,3,,,,,,1,3,1,2,,,,,,,,20,2,8,,,6,1,4,1,,,32,,,12,,,,,20,3,3,5,60,44,16,,,,,,,,,,
,,Corbin,"7,351",39,5,8,26,1,1,,,2,5,3,,,2,,,,4,,87,22,68,13,,27,10,13,4,,,209,,1,15,1,,53,11,128,9,7,14,169,131,38,,,,,,,,,,6
,,Cumberland,"2,226",23,2,16,5,,,,,,4,2,,,2,,,,,,16,3,13,1,,1,,1,,,,11,,,2,1,,1,,7,2,,1,8,5,3,,,,,,,,,,1
,,Cynthiana,"6,396",192,8,136,48,,,,,4,5,2,,,3,,,,1,3,61,20,94,6,,22,3,16,3,,,311,1,3,76,15,,37,2,177,14,6,24,70,46,24,,,,,,1,,,,6
,,Danville,"16,314",266,20,171,75,2,2,,,6,15,6,2,,7,,,,3,,140,40,151,12,,48,13,25,10,,,470,1,5,142,7,,111,4,200,15,21,13,101,76,25,,,,,,1,,,,7
,,Dawson Springs,"2,769",57,2,37,18,,,,,4,1,,,,1,,,,1,,11,1,8,,,3,1,,2,,,18,,,7,,3,2,,6,3,,,9,8,1,,,,,,,,,,3
,,Dayton,"5,388",158,7,95,56,1,,1,,,7,4,,,3,,,,2,,108,8,104,3,,17,,13,4,,,177,,,19,18,,25,2,113,13,6,6,85,54,31,,,,,,,,,,1
,,Dry Ridge,"2,210",,,,,,,,,,,,,,,,,,,,,,,3,,,,,,,,11,,,6,,,3,,2,1,,1,6,4,2,,,,,,,,,,
,,Earlington,"1,416",1,,1,,,,,,,,,,,,,,,,,,,1,,,,,,,,,,,,,,,,,,1,,,,,,,,,,,,,,,
,,Eddyville,"2,559",20,,19,1,,,,,,,,,,,,,,,1,5,1,8,1,,2,,1,1,,,49,,1,11,2,,16,,19,1,,1,23,16,7,,,,,,,,,,2
,,Edgewood,"8,633",28,2,16,10,,,,,,2,1,,,1,,,,,,10,1,28,6,,15,,8,7,,,111,,,21,12,,33,2,43,10,,3,36,23,13,,,,,,,,,,3
,,Edmonton,"1,595",1,,,1,,,,,,,,,,,,,,,,2,,2,,,1,1,,,,,4,,,2,,,,,2,,,,2,1,1,,,,,,,,,,
,,Elizabethtown,"29,118",449,18,275,156,1,1,,,3,34,9,4,,21,1,,1,11,,132,48,218,40,,120,18,67,35,,,926,1,8,236,24,1,200,14,442,40,9,50,340,230,110,,,,,,4,,,,19
,,Elkton,"2,067",21,2,12,7,,,,,1,5,1,,,4,2,,2,,,18,2,4,1,,4,,2,2,,,16,,,6,2,,1,,7,5,,5,22,17,5,,,,,,,,,,
,,Elsmere,"8,509",123,13,83,27,,,,,3,11,4,5,,2,,,,,1,60,4,71,9,,21,2,7,12,,,148,2,1,9,12,,24,3,97,10,8,9,40,24,16,,,,,,,,,,2
,,Eminence,"2,508",14,1,8,5,,,,,1,3,,1,,2,,,,,1,10,4,4,,,2,,2,,,,33,,,3,2,,13,,15,,,2,10,8,2,,,,,,,,,,
,,Erlanger,"22,034",108,8,76,24,1,1,,,,12,6,2,,4,,,,1,,88,28,150,27,1,47,2,33,12,,,484,4,2,65,59,,121,9,224,31,12,16,88,63,25,,,,,,1,2,1,1,3
,,Evarts,959,1,1,,,,,,,,,,,,,,,,1,,9,,,,,,,,,,,8,,,3,,,2,1,2,,,2,29,25,4,,,,,,,,,,1
,,Falmouth,"2,152",40,1,25,14,,,,,,,,,,,,,,,,23,6,30,1,,1,,,1,,,33,,1,11,,,6,1,14,1,3,2,36,21,15,,,,,,,,,,
,,Ferguson,934,,,,,,,,,,,,,,,,,,,,,,1,,,,,,,,,2,,,,,,1,,1,,,,,,,,,,,,,,,,
,,Flatwoods,"7,431",26,1,17,8,,,,,,2,,,,2,,,,1,,31,5,8,2,,5,,3,2,,,18,,,,,,4,,14,4,1,5,10,6,4,,,,,,,,,,4
,,Flemingsburg,"2,693",29,1,20,8,,,,,,,,,,,,,,1,,12,2,15,,,1,,1,,,,45,,,8,3,4,6,1,23,2,,2,44,30,14,,,,,,,,,,1
,,Florence,"30,765",259,26,137,96,,,,,14,38,15,5,,18,,,,8,1,194,58,337,54,,182,14,113,55,,,"1,387",3,12,551,20,2,246,18,535,68,48,89,174,113,61,,,,,,1,,,,9
,,Fort Mitchell,"8,264",35,1,25,9,,,,,,4,,,,4,,,,,,38,8,23,5,,14,,9,5,,,140,3,5,16,30,,51,3,32,6,2,2,40,27,13,,,,,,,,,,
,,Fort Thomas,"16,478",80,,62,18,,,,,1,4,1,,,3,,,,1,,43,3,54,9,,22,2,14,6,,,146,,3,7,15,,33,2,86,8,1,3,137,85,52,,,,,,1,,,,4
,,Fort Wright,"5,764",26,1,16,9,,,,,1,,,,,,1,,1,1,,29,9,23,5,,30,2,17,11,,,298,,,186,31,,42,1,38,9,8,6,61,28,33,,,,,,,,,,
,,Frankfort,"25,648",882,55,575,252,1,1,,,11,31,14,2,,15,2,,2,6,,338,64,408,38,,103,25,53,25,,,889,4,1,159,81,2,206,9,427,60,64,16,357,259,98,,,,,,1,,,,16
,,Franklin,"8,453",73,6,50,17,1,1,,,5,15,5,3,,7,,,,1,,86,26,123,17,,23,3,13,7,,,241,,1,39,13,1,34,1,152,11,10,19,107,67,40,,,,,,1,,,,7
,,Fulton,"2,428",47,1,24,22,,,,,,5,2,2,,1,,,,1,1,23,21,35,1,1,18,3,6,9,,,88,1,1,12,6,,6,1,61,2,4,1,21,20,1,,,,,,,,,,2
,,Gamaliel,377,,,,,,,,,,,,,,,,,,,,,,,,,,,,,,,,,,,,,,,,,,,,,,,,,,,,,,,
,,Georgetown,"29,765",42,3,37,2,,,,,,7,2,,5,,,,,,,47,6,74,,,18,10,8,,,,178,,1,34,40,,31,3,69,8,2,7,64,52,12,,,,,,,,,,2
,,Glasgow,"14,095",232,11,149,72,,,,,1,48,10,8,,30,2,1,1,3,,68,21,110,10,,24,6,12,6,,,254,,4,90,2,1,20,5,132,11,5,16,200,125,75,,,,,,5,,,,6
,,Graymoor-Devondale,"2,897",4,1,,3,,,,,,,,,,,,,,,,12,1,5,3,,1,,1,,,,22,,,3,2,,3,,14,1,1,,,,,,,,,,,,,,
,,Grayson,"4,210",9,4,5,,,,,,,4,,,,4,,,,,,21,,17,4,,9,1,4,4,,,37,1,,12,,,1,,23,4,2,1,7,5,2,,,,,,,,,,
,,Greensburg,"2,162",48,1,27,20,,,,,,2,1,,,1,,,,,,9,5,20,,,1,,,1,,,42,,,14,4,,4,,20,3,,2,33,29,4,,,,,,,,,,3
,,Greenup,"1,190",,,,,,,,,,,,,,,,,,,,,,,1,,1,,,1,,,1,,,1,,,,,,1,,,1,1,,,,,,,,,,,
,,Greenville,"4,294",2,,1,1,,,,,,1,,,,1,,,,,,5,2,3,,,2,,2,,,,11,,,3,1,,2,1,4,1,,2,8,6,2,,,,,,1,,,,
,,Guthrie,"1,423",5,1,3,1,,,,,,,,,,,,,,,,4,1,2,2,,1,,,1,,,11,,,1,,,8,,2,1,1,3,11,7,4,,,,,,,,,,
,,Hardinsburg,"2,369",,,,,,,,,,5,2,1,,2,,,,1,,3,,4,,,1,,,1,,,3,,,,,,1,,2,2,,,2,1,1,,,,,,,,,,1
,,Harlan,"1,735",26,5,6,15,,,,,4,,,,,,,,,,,12,6,16,3,,4,1,2,1,,,69,,1,35,,,5,,28,2,2,3,78,58,20,,,,,,,,,,3
,,Harrodsburg,"8,342",96,6,67,23,,,,,3,7,1,2,,4,,,,1,,69,19,30,2,,15,6,4,5,,,100,,1,26,4,,11,4,54,13,5,10,53,36,17,1,,1,,,1,,,,1
,,Hartford,"2,707",6,2,4,,,,,,,2,2,,,,,,,1,,4,2,4,,,2,,1,1,,,4,,,,,,,,4,2,,1,9,6,3,,,,,,,,,,1
,,Hawesville,947,1,,,1,,,,,,,,,,,,,,,,,,2,,,,,,,,,,,,,,,,,,,,,,,,,,,,,,,,,
,,Hazard,"4,474",77,11,51,15,,,,,2,4,2,1,,1,,,,2,2,55,9,30,11,,15,5,10,,,,253,,4,175,4,,11,2,57,5,7,5,104,73,31,1,,1,,,1,,,,6
,,Henderson,"28,926",527,23,355,149,,,,,7,49,16,19,,14,,,,1,3,143,37,382,23,,56,7,33,16,,,667,,3,128,13,1,139,10,373,49,34,28,304,215,89,,,,,,5,,,,18
,,Heritage Creek,"1,087",,,,,,,,,,,,,,,,,,,,2,,1,,,,,,,,,2,,,,1,,1,,,1,,,,,,,,,,,,,,,
,,Highland Heights,"6,978",15,,8,7,1,1,,,,1,,,,1,,,,1,1,18,4,17,,,10,1,9,,,,52,,,1,,,9,,42,5,,2,129,74,55,,,,,,,,,,1
,,Hillview,"8,279",23,3,15,5,,,,,,1,1,,,,,,,,,63,2,70,7,1,15,,6,9,,,149,,1,10,6,1,36,3,92,7,3,8,7,4,3,,,,,,,,,,
,,Hodgenville,"3,239",15,1,6,8,,,,,,,,,,,,,,,1,5,,6,,,1,,,1,,,5,,,,,1,2,,2,3,1,,5,3,2,,,,,,,,,,1
,,Hopkinsville,"31,499",539,63,228,248,2,2,,,17,50,13,9,,28,,,,7,19,392,77,397,34,,83,10,45,28,,,950,1,4,188,19,1,186,13,538,59,56,31,483,311,172,,,,,,4,,,,62
,,Horse Cave,"2,321",1,1,,,,,,,2,,,,,,,,,,,4,,1,1,,,,,,,,2,,,,,,,,2,,,,1,,1,,,,,,,,,,
,,Hurstbourne Acres,"1,831",,,,,,,,,,,,,,,,,,,,3,,1,,,,,,,,,2,,,,1,,,,1,,,,,,,,,,,,,,,,
,,Independence,"24,927",181,8,115,58,,,,,4,19,5,3,,11,,,,2,,80,6,73,3,,44,4,26,14,,,211,,1,14,6,,53,2,135,22,6,7,103,68,35,,,,,,2,,,,3
,,Indian Hills,"2,898",1,,,1,,,,,,,,,,,,,,,,16,,13,,,,,,,,,20,,,,3,,10,1,6,,2,,1,1,,,,,,,,,,,
,,Inez,708,,,,,,,,,,,,,,,,,,,,,,,,,,,,,,,2,,,,,,,,2,,,,,,,,,,,,,,,,
,,Irvine,"2,720",11,,3,8,,,,,,,,,,,,,,,,6,,9,,,,,,,,,10,,,2,,,1,,7,3,,1,18,13,5,,,,,,,,,,
,,Irvington,"1,195",,,,,,,,,,,,,,,,,,,,3,,1,,,,,,,,,,,,,,,,,,,,,3,2,1,,,,,,,,,,
,,Jackson,"2,231",9,1,1,7,,,,,,,,,,,,,,,,21,6,8,,,6,1,1,4,,,32,1,,2,2,1,9,3,14,2,1,3,1,1,,,,,,,,,,,
,,Jamestown,"1,804",16,,12,4,,,,,,,,,,,,,,,,1,2,4,,,,,,,,,11,,,,,,1,,10,1,,4,8,7,1,,,,,,,,,,1
,,Jeffersontown,"26,874",56,8,25,23,,,,,1,11,4,1,,6,,,,,,165,19,104,20,,41,6,16,19,,,390,1,5,10,25,,115,26,208,36,27,16,59,38,21,,,,,,2,,,,7
,,Jenkins,"2,203",,,,,,,,,,,,,,,,,,,,,,,,,,,,,,,1,,,,,,,,1,,,,,,,,,,,,,,,,
,,La Center,"1,012",3,,1,2,,,,,,,,,,,,,,,,,,1,,,,,,,,,4,,,1,,,,,3,,,,,,,,,,,,,,,,
,,La Grange,"8,149",29,1,20,8,,,,,,5,1,2,,2,,,,2,,27,3,50,6,,19,4,10,5,,,105,,2,11,5,,25,3,59,7,3,7,11,6,5,,,,,,,,,,1
,,Lakeside Park-Crestview Hills,"5,856",4,,3,1,,,,,,2,1,,,1,,,,,,15,6,21,6,,16,1,10,5,,,121,,,15,25,,55,2,24,7,,1,1,1,,,,,,,,,,,1
,,Lancaster,"3,445",36,4,23,9,,,,,1,2,,1,,1,,,,2,,43,5,20,,,6,,2,4,,,55,1,,2,5,,8,1,38,2,1,5,56,40,16,,,,,,,,,,5
,,Lawrenceburg,"10,642",76,3,22,51,,,,,4,5,,2,,3,,,,,1,26,9,9,2,,7,4,2,1,,,71,,,41,1,,3,,26,6,1,11,69,48,21,,,,,,1,,,,2
,,Lebanon,"5,601",37,8,12,17,,,,,1,6,4,,,2,1,,1,,,55,10,62,4,,10,,9,1,,,112,1,,10,2,,21,2,76,8,,5,48,30,18,,,,,,,,,,3
,,Lebanon Junction,"1,837",15,,7,8,,,,,,1,,,,1,,,,1,,11,,5,,,,,,,,,21,,,,,,6,,15,5,,3,,,,,,,,,,,,,
,,Leitchfield,"6,766",18,5,8,5,,,,,,3,3,,,,,,,2,,34,3,39,6,,4,1,3,,,,125,,1,49,7,3,14,4,47,8,,,26,18,8,,,,,,,,,,3
,,Lewisburg,811,,,,,,,,,,,,,,,,,,,,1,,2,,,,,,,,,1,,,,,,,,1,,,,1,1,,,,,,,,,,,
,,Lewisport,"1,677",2,1,,1,,,,,,2,,,,2,,,,,,,,2,,,,,,,,,6,,,,,,,2,4,,,,19,10,9,,,,,,,,,,
,,Lexington,"302,332","3,698",353,"2,057","1,288",14,12,,2,92,282,103,54,,125,4,1,3,60,3,"2,853",494,"4,369",406,1,"1,219",101,841,277,,,"9,815",24,77,"2,365",80,9,"2,819",192,"4,249",933,613,288,"2,235","1,389",846,,,,,,12,143,139,4,218
,,Liberty,"2,168",,,,,,,,,,,,,,,,,,,,2,,,,,,,,,,,3,,,1,,,2,,,,1,,2,1,1,,,,,,,,,,
,,London,"8,078",36,4,15,17,1,1,,,1,1,,,,1,,,,,,55,29,51,7,,27,,19,8,,,327,1,3,180,1,2,34,16,90,19,8,13,106,85,21,,,,,,,,,,3
,,Louisa,"2,500",16,1,13,2,,,,,,,,,,,,,,,,14,2,3,,,1,1,,,,,32,1,,5,4,,7,,15,,,4,31,14,17,,,,,,,,,,
,,Louisville Metro,"666,200",,,,,,,,,,,,,,,,,,,,,,,,,,,,,,,,,,,,,,,,,,,,,,,,,,,,,,,
,,Loyall,"1,454",2,,2,,,,,,,,,,,,,,,,,2,,2,,,,,,,,,11,,,,2,,,,9,,,,29,26,3,,,,,,,,,,1
,,Ludlow,"4,438",123,1,76,46,,,,,1,9,3,,,6,,,,1,,84,5,81,4,1,10,4,2,4,,,126,,1,9,35,1,17,1,62,15,1,2,43,31,12,,,,,,,,,,1
,,Lynnview,923,,,,,,,,,,,,,,,,,,,,4,,1,,,,,,,,,1,,,,,,1,,,,,,,,,,,,,,,,,,
,,Madisonville,"19,637",201,13,127,61,,,,,6,38,13,9,,16,2,2,,2,2,110,89,63,21,,50,10,23,17,,,473,1,1,166,12,,107,5,181,24,9,29,320,236,84,,,,,,2,,,,19
,,Manchester,"1,261",6,3,1,2,,,,,,,,,,,,,,,,8,1,8,,,4,,3,1,,,39,,,17,,,2,3,17,4,1,1,75,71,4,,,,,,,,,,3
,,Marion,"3,053",48,1,38,9,,,,,1,2,,,,2,1,,1,,,16,10,22,1,,4,,,4,,,60,,1,12,5,,9,,33,1,1,2,57,34,23,,,,,,,,,,
,,Martin,631,,,,,,,,,,,,,,,,,,,,5,,2,,,,,,,,,12,,,1,1,,2,,8,3,2,,,,,,,,,,,,,,
,,Mayfield,"10,155",167,13,111,43,,,,,7,10,1,2,,7,,,,1,,56,14,29,5,,20,,7,13,,,101,,2,46,7,,12,,34,10,3,13,238,148,90,,,,,,1,,,,11
,,Maysville,"9,117",148,8,104,36,,,,,4,13,3,2,,8,,,,2,2,72,17,121,9,,19,,6,13,,,330,1,3,84,5,3,71,12,151,13,5,17,112,84,28,,,,,,,,,,4
,,Meadow Vale,745,,,,,,,,,,,,,,,,,,,,1,,2,,,,,,,,,5,,,,,,2,,3,,,,,,,,,,,,,,,,
,,Middlesboro,"10,358",121,6,86,29,,,,,2,6,,3,,3,,,,1,,86,33,122,11,,28,2,12,14,,,674,,2,265,11,1,68,5,322,26,17,17,213,176,37,,,,,,,,,,7
,,Monticello,"6,240",26,4,14,8,1,1,,,1,1,,1,,,,,,,,60,12,24,3,,10,1,8,1,,,122,,,32,,,17,,73,6,4,5,27,22,5,,,,,,,,,,1
,,Morehead,"6,914",76,1,43,32,,,,,1,6,2,1,,3,,,,,,19,10,20,8,,10,1,8,1,,,108,1,,49,8,,19,,31,7,1,6,85,63,22,,,,,,,,,,2
,,Morganfield,"3,308",48,,16,32,,,,,,,,,,,,,,1,,9,2,9,1,,4,2,1,1,,,41,,,15,3,,2,1,20,,,2,66,45,21,,,,,,,,,,1
,,Morgantown,"2,425",7,1,3,3,,,,,,,,,,,,,,,,10,6,17,1,,1,,,1,,,27,,,3,1,,2,1,20,4,1,2,9,6,3,,,,,,,,,,
,,Mortons Gap,865,3,,2,1,,,,,,,,,,,,,,,,1,,2,,,,,,,,,3,,,,1,,,,2,,,,1,1,,,,,,,,,,,1
,,Mount Sterling,"6,977",110,8,78,24,,,,,1,4,2,2,,,1,,1,2,,71,54,67,11,,20,3,12,5,,,358,,5,171,3,1,36,3,139,17,11,11,193,180,13,,,,,,,,,,3
,,Mount Vernon,"2,486",5,1,1,3,,,,,,,,,,,,,,1,,27,2,5,4,,6,,1,5,,,31,,,5,3,1,4,,18,2,1,2,60,40,20,,,,,,,,,,3
,,Mount Washington,"9,237",10,2,8,,,,,,2,4,2,,,2,,,,,,77,6,45,3,,20,,10,10,,,112,1,3,3,,1,31,1,72,8,2,,1,,1,,,,,,,,,,
,,Muldraugh,981,12,1,6,5,,,,,,,,,,,,,,,,9,,14,,,2,,1,1,,,7,,,,1,,1,,5,1,1,2,27,15,12,,,,,,,,,,2
,,Munfordville,"1,621",8,,4,4,,,,,,7,,,,7,,,,,,3,1,2,1,,,,,,,,10,,,4,3,,,,3,,,1,23,14,9,,,,,,,,,,3
,,Murray,"17,938",204,19,136,49,2,2,,,3,13,3,,,10,2,1,1,3,,142,13,120,13,,37,4,17,16,,,452,1,1,139,14,,87,5,205,21,6,12,160,100,60,,,,,,1,,,,6
,,Newport,"15,412",334,22,225,87,1,1,,,10,32,13,6,,13,1,,1,12,,273,68,312,24,,65,9,35,21,,,941,3,19,310,25,,173,14,397,63,50,94,486,348,138,,,,,,,11,11,,17
,,Nicholasville,"28,366",284,20,208,56,,,,,7,43,15,5,,23,,,,3,1,359,120,269,29,,126,6,84,36,,,940,1,3,185,11,1,172,21,546,36,28,106,300,230,70,1,,1,,,3,,,,13
,,Northfield,"1,030",3,,1,2,,,,,,,,,,,,,,,,,,2,,,2,,,2,,,7,,2,2,,,1,,2,,,,,,,,,,,,,,,,
,,Oak Grove,"7,469",94,9,51,34,1,1,,,,12,4,2,,6,,,,3,,79,19,67,2,,9,1,2,6,,,191,,1,54,7,2,48,1,78,21,7,13,89,54,35,,,,,,1,,,,5
,,Olive Hill,"1,596",3,,3,,,,,,,,,,,,,,,,,15,4,5,,,3,1,2,,,,35,,1,2,,,19,1,12,1,,2,7,5,2,,,,,,,,,,
,,Owensboro,"57,751","1,227",52,"1,007",168,,,,,10,94,28,15,,51,5,3,2,12,4,471,43,743,39,1,42,14,19,9,,,"1,956",2,4,461,279,3,468,48,691,119,45,24,870,576,294,,,,,,7,,,,38
,,Owenton,"1,332",3,,1,2,,,,,,,,,,,,,,,,10,,5,,,4,,3,1,,,17,,2,,1,,2,1,11,2,,4,7,7,,,,,,,,,,,
,,Owingsville,"1,554",15,1,11,3,,,,,,1,,,,1,,,,,,4,2,7,,,,,,,,,16,,,4,2,,3,,7,,,2,14,10,4,,,,,,,,,,1
,,Paducah,"25,199",708,22,494,192,2,2,,,3,33,14,6,,13,1,,1,6,2,139,64,352,48,,86,14,43,29,,,"1,098",3,2,456,15,2,150,21,449,47,41,27,624,404,220,1,,1,,,3,,,,26
,,Paintsville,"3,473",8,1,1,6,,,,,,1,,,,1,,,,,,12,1,9,5,,4,,4,,,,72,1,1,29,4,,14,1,22,6,2,7,12,8,4,,,,,,,,,,1
,,Paris,"8,580",126,10,79,37,1,1,,,,6,3,1,,2,,,,2,,87,29,89,10,,25,2,19,4,,,230,1,4,54,9,1,27,,134,22,5,20,56,43,13,,,,,,,,,,9
,,Park Hills,"2,991",32,1,24,7,,,,,1,,,,,,,,,1,,38,,24,3,,7,,4,3,,,47,1,,,8,,16,1,21,5,1,1,8,5,3,,,,,,,,,,
,,Pewee Valley,"1,467",,,,,,,,,,,,,,,,,,,,1,,1,,,,,,,,,2,,,,1,,,,1,1,,,,,,,,,,,,,,,
,,Pikeville,"6,909",74,6,59,9,1,1,,,1,6,1,1,,4,,,,1,1,46,12,96,23,,23,3,13,7,,,399,1,2,189,,,18,1,188,9,3,11,152,123,29,,,,,,1,,,,6
,,Pineville,"1,884",7,1,4,2,,,,,1,,,,,,,,,2,,11,9,12,2,,9,1,4,4,,,53,,,2,,1,12,1,37,,,3,13,8,5,,,,,,,,,,
,,Pioneer Village,"2,057",,,,,,,,,,,,,,,,,,,,2,,1,,,,,,,,,5,,,,,,1,,4,,,,,,,,,,,,,,,,
,,Powderly,741,3,,3,,,,,,,1,,,,1,,,,,,1,,4,,,,,,,,,12,,1,,4,,,,7,1,,2,1,1,,,,,,,,,,,
,,Prestonsburg,"3,246",20,3,8,9,,,,,1,1,,,,1,,,,,,13,6,12,3,,11,3,2,6,,,60,,,7,2,,9,2,40,2,1,1,26,22,4,,,,,,,,,,2
,,Princeton,"6,339",113,9,72,32,,,,,4,11,4,1,,6,,,,1,,50,17,34,4,,9,2,3,4,,,91,,,29,,2,10,2,48,10,3,8,66,44,22,,,,,,,,,,6
,,Prospect,"4,747",2,,1,1,,,,,1,,,,,,,,,,,3,,4,2,,,,,,,,7,,,,,,,,7,1,1,1,1,1,,,,,,,,,,,
,,Providence,"3,213",38,2,21,15,,,,,,2,,1,,1,,,,,,13,2,8,,,1,,,1,,,15,,,1,,,,,14,,,3,25,17,8,,,,,,,,,,3
,,Raceland,"2,426",17,3,6,8,,,,,,,,,,,,,,,,7,1,5,,,,,,,,,27,,,1,1,,1,,24,1,,,9,6,3,,,,,,,,,,1
,,Radcliff,"22,148",286,11,211,64,,,,,2,37,14,7,,16,2,1,1,2,,135,29,78,11,,58,,41,17,,,475,1,,126,73,3,97,11,164,13,27,15,246,166,80,,,,,,1,,,,27
,,Ravenna,608,,,,,,,,,,,,,,,,,,,,6,1,3,,,,,,,,,8,,,,,,4,,4,,,,,,,,,,,,,,,,
,,Richmond,"31,890",428,29,271,128,,,,,8,29,8,6,,15,,,,6,1,378,88,417,33,,99,17,64,18,,,"1,344",2,10,347,67,,328,25,565,56,50,66,448,326,122,,,,,,5,2,2,,32
,,Russell,"3,385",10,,4,6,,,,,,1,1,,,,,,,1,,10,5,5,3,,8,3,5,,,,59,,1,16,3,1,13,1,24,,1,2,7,4,3,,,,,,,,,,
,,Russell Springs,"2,453",38,3,25,10,,,,,1,4,,,,4,,,,,,12,6,5,3,,5,2,1,2,,,52,,2,26,,,4,1,19,3,2,5,18,16,2,,,,,,,,,,1
,,Russellville,"6,968",128,12,89,27,,,,,1,18,4,4,,10,,,,1,,66,19,74,8,,9,3,4,2,,,202,,,49,4,1,17,2,129,5,2,5,61,32,29,,,,,,1,,,,4
,,Sadieville,309,,,,,,,,,,,,,,,,,,,,,,1,1,,,,,,,,1,,,,,,1,,,,,,,,,,,,,,,,,,
,,Salyersville,"1,870",,,,,,,,,,,,,,,,,,,,3,1,,,,,,,,,,2,,,,,,,,2,,,,1,,1,,,,,,,,,,
,,Science Hill,702,,,,,,,,,,,,,,,,,,,,3,,,,,,,,,,,6,,,1,,,,,5,,,,2,1,1,,,,,,,,,,1
,,Scottsville,"4,275",3,,3,,,,,,1,,,,,,,,,,,15,1,3,,,,,,,,,10,,,,,,2,1,7,,1,3,63,58,5,,,,,,,,,,1
,,Shelbyville,"14,425",113,18,56,39,1,1,,,4,11,3,1,,7,,,,1,,95,20,106,10,,27,8,9,10,,,204,,,23,3,,51,8,119,14,16,5,37,29,8,,,,,,1,,,,5
,,Shepherdsville,"11,372",215,10,139,66,,,,,3,13,3,3,,7,,,,2,,104,15,94,15,,25,6,11,8,,,229,1,,30,5,1,43,3,146,22,11,10,250,180,70,,,,,,,1,1,,7
,,Shively,"15,422",142,16,57,69,6,6,,,1,15,7,5,,3,1,,1,,,222,19,214,16,,57,3,26,28,,,388,1,7,48,21,1,70,5,235,56,55,31,31,27,4,,,,,,3,,,,3
,,Silver Grove,"1,112",18,,10,8,,,,,,,,,,,,,,,1,13,1,6,2,,2,,2,,,,29,,,7,1,,2,,19,1,1,,7,5,2,,,,,,1,,,,1
,,Simpsonville,"2,550",6,,2,4,,,,,,,,,,,,,,,,6,1,10,1,,2,1,1,,,,9,,,,2,,2,1,4,,,,3,3,,,,,,,,,,,
,,Smiths Grove,728,,,,,,,,,,,,,,,,,,,,2,,3,,,1,,,1,,,6,,,1,3,,,,2,,,,1,1,,,,,,,,,,,
,,Somerset,"11,325",114,12,70,32,,,,,6,24,9,2,,13,,,,5,1,88,27,72,22,,44,3,33,8,,,540,,1,260,74,,53,2,150,17,15,20,276,174,102,,,,,,2,,,,15
,,South Shore,"1,124",2,,,2,,,,,,,,,,,,,,,,1,,,,,,,,,,,,,,,,,,,,,,,2,1,1,,,,,,,,,,
,,Springfield,"2,554",13,2,4,7,,,,,,,,,,,,,,1,,14,3,9,,,,,,,,,9,,,1,2,,2,,4,5,1,,5,3,2,,,,,,,,,,1
,,Stamping Ground,659,,,,,,,,,,,,,,,,,,,,1,,1,,,,,,,,,4,,,,,,1,,3,,,,,,,,,,,,,,,,
,,Stanford,"3,498",11,1,4,6,,,,,,,,,,,,,,,,13,4,5,1,,,,,,,,67,,,59,2,,,1,5,2,,2,58,34,24,,,,,,,1,1,,4
,,Stanton,"2,748",5,2,1,2,,,,,,,,,,,,,,,,19,5,11,,,8,1,5,2,,,36,,,1,,,,1,34,1,,2,2,2,,,,,,,,,,,
,,St. Matthews,"17,651",134,6,92,36,,,,,,4,4,,,,,,,1,,127,23,138,25,,64,6,43,15,,,567,1,4,166,77,,140,12,167,22,30,19,134,93,41,,,,,,,2,1,1,9
,,Strathmoor Village,656,,,,,,,,,,,,,,,,,,,,2,,,,,,,,,,,2,,,,2,,,,,,,,,,,,,,,,,,,,
,,Sturgis,"1,911",5,,,5,,,,,,,,,,,,,,,,3,,3,,,,,,,,,5,,,1,2,,,,2,,,,,,,,,,,,,,,,
,,Taylor Mill,"6,650",37,5,28,4,,,,,1,2,,,,2,,,,,,32,1,17,6,,11,1,5,5,,,60,,,5,12,,8,1,34,10,3,7,38,23,15,,,,,,,,,,
,,Taylorsville,780,1,,,1,,,,,,1,1,,,,,,,,,9,5,17,2,,1,,1,,,,24,,,1,3,3,5,,12,1,,2,19,13,6,,,,,,,,,,
,,Tompkinsville,"2,402",,,,,,,,,,,,,,,,,,,,2,,2,,,,,,,,,2,,,,,,,,2,1,,,4,2,2,,,,,,,,,,1
,,Trenton,385,1,,1,,,,,,,,,,,,,,,,,,,,,,,,,,,,,,,,,,,,,,,,,,,,,,,,,,,,
,,Uniontown,"1,009",7,,4,3,,,,,,,,,,,,,,,,5,1,8,1,,,,,,,,12,,,,1,,3,,8,1,,,6,3,3,,,,,,,,,,2
,,Vanceburg,"1,530",5,1,1,3,,,,,,,,,,,,,,,1,7,7,10,3,,1,1,,,,,5,,,1,1,,,,3,,,2,10,6,4,,,,,,,,,,1
,,Versailles,"8,593",295,14,205,76,,,,,3,25,9,2,,14,,,,5,,168,43,224,15,,61,1,38,22,,,514,2,,57,86,3,129,7,230,28,6,12,278,209,69,,,,,,1,,,,11
,,Villa Hills,"7,540",1,,,1,,,,,,,,,,,,,,,,4,,2,,,3,,2,1,,,33,,,,3,,12,,18,5,,,4,2,2,,,,,,,,,,
,,Vine Grove,"4,616",39,2,19,18,,,,,,3,1,1,,1,,,,,,12,3,8,1,,9,3,2,4,,,51,1,,3,2,,15,,30,2,2,,21,16,5,,,,,,1,,,,3
,,Warsaw,"1,623",12,1,9,2,,,,,1,,,,,,,,,,,11,,8,2,,5,2,1,2,,,6,1,,,,1,1,,3,3,,1,11,7,4,,,,,,,,,,
,,West Liberty,"3,444",27,1,10,16,1,,,1,1,,,,,,,,,,,4,,7,2,,3,3,,,,,16,,,1,1,,,,14,4,,1,9,6,3,,,,,,,,,,3
,,West Point,813,18,,8,10,,,,,,1,,1,,,,,,,,8,,4,1,,3,1,1,1,,,22,,,,5,,1,1,15,,,2,16,9,7,,,,,,,,,,2
,,Wheelwright,775,,,,,,,,,,,,,,,,,,,,,,,,,,,,,,,,,,,,,,,,,,,,,,,,,,,,,,,
,,Whitesburg,"2,135",1,,,1,,,,,,,,,,,,,,,,1,,1,,,,,,,,,,,,,,,,,,,,,4,2,2,,,,,,,,,,
,,Wilder,"3,064",13,2,10,1,,,,,,1,1,,,,,,,,,12,1,7,4,,4,1,1,2,,,63,,,3,4,,22,3,31,4,1,2,30,19,11,,,,,,,,,,
,,Williamsburg,"5,281",15,5,2,8,,,,,2,2,,,,2,,,,2,,43,13,19,4,,15,4,9,2,,,83,1,3,3,,1,12,,63,5,,18,25,25,,,,,,,1,,,,3
,,Williamstown,"3,957",27,2,10,15,,,,,,,,,,,,,,,,28,2,15,3,,2,,2,,,,63,,1,10,3,4,8,7,30,2,,5,6,4,2,,,,,,,,,,1
,,Wilmore,"3,720",24,1,16,7,,,,,,1,,,,1,,,,,,33,5,26,16,,6,,1,5,,,77,,,1,7,,23,1,45,2,,,25,17,8,,,,,,,,,,5
,,Winchester,"18,374",228,26,121,81,4,4,,,2,20,8,2,,10,2,,2,5,,168,33,170,,,57,15,32,10,,,773,2,3,139,53,,100,20,456,36,15,1,312,189,123,,,,,,1,,,,14
,,Worthington,"1,612",5,,3,2,,,,,,,,,,,,,,,,4,,,,,1,,,1,,,4,,,,,,1,,3,1,,,1,1,,,,,,,,,,,
,Universities and Colleges,Eastern Kentucky University,"16,062",53,,36,17,,,,,,5,4,1,,,,,,1,,48,3,85,,,5,1,4,,,,184,,,9,91,1,34,,49,5,1,4,47,25,22,,,,,,,,,,
,,Kentucky State University,"2,746",17,,10,7,,,,,,,,,,,,,,,,4,1,25,1,,1,1,,,,,93,,,,52,2,9,,30,,,1,5,3,2,,,,,,,,,,
,,Morehead State University,"10,968",11,,8,3,,,,,1,3,1,1,,1,,,,,,23,1,20,2,,1,1,,,,,56,,,1,7,1,6,1,40,,1,3,35,25,10,,,,,,1,,,,
,,Murray State University,"10,623",26,1,20,5,,,,,,3,1,,,2,,,,,,9,,50,,,2,1,,1,,,97,,,4,39,,29,2,23,2,2,3,30,15,15,,,,,,,,,,
,,Northern Kentucky University,"15,724",13,,5,8,,,,,,2,,,,2,,,,,,4,23,21,1,,4,,4,,,,102,,,,31,,27,2,42,,,,39,22,17,,,,,,,,,,1
,,University of Kentucky,"27,226",108,2,63,43,,,,,1,1,,,,1,,,,1,,40,11,159,7,,29,2,24,3,,,512,1,,6,243,1,74,2,185,21,3,16,160,99,61,,,,,,,,,,10
,,University of Louisville,"21,152",52,1,23,28,,,,,,6,2,1,,3,,,,,,21,3,66,7,,11,2,9,,,,270,,1,13,83,,33,1,139,7,14,,85,54,31,,,,,,,,,,2
,,Western Kentucky University,"21,036",44,1,27,16,,,,,1,,,,,,1,,1,1,,66,4,56,1,,2,,2,,,,148,,,3,47,,21,,77,1,1,3,136,79,57,,,,,,,,,,3
,Metropolitan Counties,Allen,,27,1,12,14,,,,,,1,1,,,,,,,,,44,,13,,,1,,1,,,,56,1,,,3,,6,1,45,10,1,3,76,56,20,,,,,,,,,,5
,,Boone,,431,19,208,204,2,1,1,,9,84,21,15,,48,3,,3,5,1,359,55,432,82,1,172,11,93,68,,,998,3,6,120,39,7,239,31,553,85,13,48,330,211,119,,,,,,5,,,,32
,,Bourbon,,1,,1,,,,,,,,,,,,,,,,,30,3,2,1,,6,3,2,1,,,43,,,,6,,2,,35,1,,3,,,,,,,,,,,,,2
,,Boyd,,148,8,104,36,1,,1,,3,4,1,1,,2,,,,,,53,10,36,16,,24,7,14,3,,,108,,,31,13,,4,2,58,8,2,42,72,63,9,,,,,,,,,,10
,,Bracken,,16,1,13,2,,,,,,1,,,,1,,,,,,45,4,16,,,4,,,4,,,67,,,1,14,,11,4,37,3,,5,41,40,1,,,,,,1,,,,3
,,Bullitt,,83,18,31,34,,,,,,17,4,5,,8,,,,2,,215,11,138,10,,41,5,16,20,,,331,,,3,4,,37,6,281,30,6,14,42,27,15,,,,,,1,,,,3
,,Butler,,91,4,21,66,,,,,1,2,1,,,1,,,,1,,25,3,7,,,,,,,,,28,,,,1,,2,,25,4,1,3,18,12,6,,,,,,1,,,,1
,,Campbell County Police Department,,172,9,124,39,,,,,,36,6,2,,28,,,,1,2,94,9,80,1,,45,4,24,17,,,171,,1,7,9,,32,3,119,10,2,9,149,85,64,,,,,,2,,,,6
,,Christian,,89,7,55,27,2,2,,,4,20,7,5,,8,1,,1,2,,153,9,88,9,,20,3,9,8,,,240,7,1,2,6,,29,5,190,16,3,8,28,18,10,,,,,,1,,,,1
,,Clark,,5,1,2,2,,,,,,5,2,,,3,1,,1,,,126,6,21,4,,28,2,17,9,,,125,,1,,8,,17,2,97,16,4,12,6,5,1,,,,,,1,,,,
,,Daviess,,217,10,158,49,,,,,4,23,4,3,,16,,,,4,,143,9,146,7,,38,17,13,8,,,383,,,14,17,1,53,6,292,24,2,3,219,133,86,,,,,,3,,,,3
,,Edmonson,,15,4,3,8,,,,,1,3,2,1,,,,,,,,29,2,17,4,,3,,,3,,,22,,,1,4,2,5,,10,3,1,2,8,6,2,,,,,,1,,,,2
,,Gallatin,,26,5,9,12,,,,,,2,,,,2,,,,2,,41,2,19,1,1,1,,,1,,,36,1,,1,4,,2,,28,7,,3,21,14,7,,,,,,,,,,1
,,Grant,,56,3,44,9,,,,,5,,,,,,1,,1,,,56,5,26,4,,8,1,3,4,,,75,,1,7,1,,11,2,53,10,3,5,43,29,14,,,,,,,,,,2
,,Greenup,,12,1,6,5,,,,,,1,,,,1,,,,,,17,1,6,2,,2,,1,1,,,23,,,1,1,,1,,20,2,1,4,16,12,4,,,,,,,,,,6
,,Hancock,,2,,1,1,,,,,,1,,,,1,,,,,,5,,6,,,2,,,2,,,7,,,,1,,2,,4,1,,,16,9,7,,,,,,,,,,
,,Hardin,,30,2,18,10,,,,,1,3,2,,,1,,,,1,,44,1,27,2,,9,4,2,3,,,82,,,,5,,13,2,62,7,2,6,39,25,14,,,,,,,,,,2
,,Henderson,,96,5,73,18,,,,,4,8,3,2,,3,,,,,,59,4,38,5,,7,2,4,1,,,90,,,,,,18,2,70,6,3,4,37,23,14,,,,,,1,,,,3
,,Henry,,1,,,1,,,,,,,,,,,,,,,,5,,1,,,1,,,1,,,5,,,,,,,,5,,,,5,4,1,,,,,,,,,,
,,Jessamine,,46,5,28,13,1,1,,,,2,,,,2,1,,1,,,115,8,39,10,,13,,9,4,,,154,,,3,10,,46,2,93,8,1,13,17,10,7,,,,,,,,,,3
,,Kenton,,22,,12,10,,,,,,1,,,,1,,,,,,,,,,,1,,,1,,,9,,,1,3,,1,,4,1,,1,25,19,6,,,,,,1,,,,6
,,Kenton County Police Department,,91,3,56,32,,,,,1,22,6,6,,10,1,,1,1,,89,5,42,6,1,31,4,14,13,,,125,,,5,9,,25,4,82,7,4,15,59,39,20,,,,,,1,,,,3
,,Larue,,10,2,3,5,,,,,,,,,,,,,,,,23,3,4,2,,1,1,,,,,21,,,,1,,2,,18,3,,1,32,17,15,,,,,,,,,,1
,,McLean,,7,2,,5,,,,,1,,,,,,,,,,,16,2,1,1,,1,,,1,,,15,,,,1,,3,,11,1,,,12,7,5,,,,,,,,,,1
,,Meade,,18,5,2,11,,,,,,,,,,,,,,,,81,2,20,2,,3,,3,,,,71,,,1,18,,8,2,42,12,1,3,95,53,42,,,,,,1,,,,4
,,Oldham,,4,1,1,2,,,,,,,,,,,,,,,,2,,4,,,,,,,,,4,,,,,,1,,3,,,,7,4,3,,,,,,,,,,
,,Oldham County Police Department,,112,8,42,62,,,,,1,14,2,2,,10,,,,3,,168,11,136,20,,83,8,33,42,,,253,1,1,2,8,,64,6,171,13,1,13,41,30,11,,,,,,3,,,,2
,,Pendleton,,38,6,21,11,,,,,2,1,1,,,,,,,,,45,2,43,2,,21,,9,12,,,77,,,,2,,1,1,73,8,,3,24,17,7,,,,,,,,,,1
,,Scott,,98,2,56,40,,,,,1,4,1,1,,2,,,,2,,109,6,57,19,,16,,14,2,,,146,,,6,5,,23,4,108,18,3,17,55,42,13,,,,,,,,,,4
,,Shelby,,202,7,75,120,,,,,4,6,2,,,4,1,,1,3,,150,18,111,17,1,46,6,26,14,,,290,1,4,15,20,,34,8,208,23,3,15,55,42,13,,,,,,1,,,,13
,,Spencer,,7,2,2,3,,,,,1,2,,1,,1,,,,,,28,,21,2,,4,1,1,2,,,35,,,1,1,,3,1,29,4,2,,4,2,2,,,,,,,,,,
,,Trigg,,35,5,14,16,,,,,2,2,2,,,,,,,,,24,,15,2,,3,,,3,,,56,,,2,2,,20,1,31,2,,4,105,66,39,,,,,,1,,,,1
,,Warren,,212,12,82,118,,,,,4,18,6,1,,11,1,,1,1,1,153,9,154,5,,30,2,17,11,,,340,,1,2,11,,51,5,270,30,2,10,147,101,46,,,,,,,,,,19
,,Woodford,,6,,3,3,,,,,,2,,1,,1,,,,,,2,3,1,1,,6,3,1,2,,,12,1,,1,2,,2,1,5,1,,1,2,2,,,,,,,,,,,
,Nonmetropolitan Counties,Adair,,12,7,1,4,,,,,1,,,,,,,,,,,14,,8,1,,2,,,2,,,15,,,,1,,2,,12,1,2,3,17,10,7,,,,,,,,,,
,,Anderson,,22,1,8,13,,,,,1,3,1,1,,1,,,,,,17,3,6,,,2,2,,,,,22,,,1,3,,1,,17,2,1,2,19,14,5,,,,,,,,,,1
,,Ballard,,74,7,26,41,,,,,3,6,1,,,5,,,,3,,41,4,38,8,,15,4,1,10,,,105,,,7,3,,6,1,88,7,,4,72,48,24,,,,,,,,,,5
,,Barren,,13,3,1,9,,,,,,4,1,,,3,,,,,,36,7,19,2,,4,1,1,2,,,41,,,1,1,,5,,34,7,,3,6,5,1,,,,,,,,,,
,,Bell,,29,3,10,16,,,,,,4,2,,,2,,,,,,53,1,20,,,1,,1,,,,44,,,,1,,8,2,33,10,5,5,7,6,1,,,,,,,,,,1
,,Boyle,,22,5,7,10,,,,,,1,1,,,,,,,,,25,6,15,3,,11,4,2,5,,,25,,,,4,,1,,20,2,3,3,7,6,1,,,,,,,,,,2
,,Breckinridge,,10,4,5,1,,,,,2,2,2,,,,,,,,1,17,1,2,1,,1,,1,,,,11,,,,,,,,11,5,,1,11,8,3,,,,,,,,,,1
,,Caldwell,,48,2,39,7,,,,,,,,,,,,,,2,,50,2,20,1,,1,,,1,,,42,,1,1,,,6,,34,9,,2,31,23,8,,,,,,,,,,2
,,Calloway,,102,4,71,27,,,,,2,2,,,,2,,,,2,,133,5,64,4,,8,,4,4,,,147,,,2,4,,35,2,104,17,2,12,33,23,10,,,,,,,,,,1
,,Carlisle,,14,1,6,7,,,,,,,,,,,,,,,,15,,3,,,,,,,,,22,,,,5,,,,17,1,,,4,3,1,,,,,,,,,,1
,,Carroll,,10,2,7,1,,,,,,1,,,,1,,,,1,,18,6,10,5,,3,1,1,1,,,49,,,21,3,,2,,23,7,,3,82,55,27,,,,,,,,,,
,,Carter,,9,1,5,3,,,,,1,,,,,,,,,,,23,1,12,1,,7,1,3,3,,,24,,,,,,,,24,5,,3,8,7,1,,,,,,,,,,
,,Casey,,11,1,5,5,,,,,,,,,,,,,,,,26,2,8,,,2,,,2,,,27,,,1,,,1,,25,,1,3,18,12,6,,,,,,,,,,
,,Clay,,19,10,1,8,,,,,,1,,1,,,,,,4,,24,,6,1,,1,,,1,,,38,,,1,,,7,,30,6,1,,41,39,2,,,,,,,,,,5
,,Crittenden,,1,1,,,,,,,,,,,,,,,,,,7,,1,,,5,,1,4,,,7,,,,,,,2,5,3,,1,5,3,2,,,,,,,,,,
,,Cumberland,,3,1,1,1,,,,,,,,,,,,,,,,23,1,5,,,,,,,,,6,,,,,,2,,4,2,,,,,,,,,,,,,,,
,,Elliott,,6,1,3,2,,,,,,,,,,,,,,,,3,,,,,,,,,,,3,,,,1,,1,,1,,,,5,2,3,,,,,,,,,,
,,Estill,,5,,1,4,,,,,1,,,,,,,,,,,18,8,7,1,,,,,,,,19,,,,,,,,19,7,1,2,,,,,,,,,,,,,
,,Fleming,,13,1,5,7,,,,,,,,,,,,,,2,,10,4,2,1,,,,,,,,8,,,,,1,1,,6,3,,2,2,1,1,,,,,,,,,,
,,Floyd,,8,1,3,4,,,,,,,,,,,,,,,,20,1,6,1,,4,1,1,2,,,48,,,,1,,6,,41,7,,5,15,13,2,,,,,,,,,,3
,,Franklin,,141,11,77,53,1,1,,,1,17,2,,,15,,,,1,,97,7,110,15,1,36,8,9,19,,,198,,2,2,26,,61,6,101,20,5,8,35,27,8,,,,,,1,,,,8
,,Fulton,,13,1,4,8,,,,,,,,,,,,,,,,11,,11,1,,5,3,,2,,,20,,,,,,1,,19,1,,3,19,14,5,,,,,,,,,,7
,,Garrard,,10,1,,9,,,,,,1,,,,1,,,,,,16,,2,1,,1,,,1,,,24,,,,1,,,1,22,3,,7,8,6,2,,,,,,,,,,1
,,Graves,,181,14,91,76,4,4,,,5,9,4,2,,3,2,,2,,2,137,12,81,7,,14,2,4,8,,,132,,,5,16,1,16,3,91,25,4,11,114,75,39,,,,,,,,,,31
,,Grayson,,33,6,9,18,,,,,,15,5,,,10,,,,,,91,7,32,2,,5,1,2,2,,,61,,,4,4,1,4,,48,15,,14,30,24,6,,,,,,,,,,
,,Harlan,,21,3,9,9,,,,,1,4,1,3,,,,,,,,22,6,8,5,,8,,2,6,,,44,,,1,4,,4,,35,,,4,293,259,34,,,,,,,,,,2
,,Harrison,,43,3,21,19,,,,,1,1,,,,1,,,,,,87,5,25,7,,17,4,8,5,,,91,1,,,7,,6,,77,11,3,4,2,1,1,,,,,,,,,,3
,,Hart,,5,3,,2,,,,,,,,,,,,,,,1,10,1,1,1,,,,,,,,12,,,,2,,,,10,4,,4,4,3,1,,,,,,,,,,
,,Hickman,,5,2,1,2,,,,,,,,,,,,,,,,7,,3,,,1,,,1,,,11,,,,,,1,,10,3,,,7,7,,,,,,,,,,,
,,Hopkins,,111,10,64,37,1,1,,,4,15,4,2,,9,1,,1,1,,116,5,40,2,,14,6,3,5,,,126,,,3,8,,22,2,91,24,3,6,116,83,33,,,,,,1,,,,10
,,Jackson,,1,,1,,,,,,,,,,,,,,,,,21,1,2,,,,,,,,,21,,,,,,2,1,18,5,,,5,5,,,,,,,,,,,
,,Johnson,,47,3,34,10,2,2,,,,1,1,,,,,,,,,51,3,2,3,,8,1,5,2,,,38,,,,1,,,1,36,7,1,6,63,54,9,,,,,,1,,,,3
,,Knox,,46,5,11,30,,,,,1,3,,1,,2,,,,2,,165,10,84,1,1,9,2,1,6,,,75,1,,,3,,11,1,59,19,4,15,26,16,10,,,,,,,,,,4
,,Laurel,,30,12,7,11,1,1,,,7,4,3,,,1,,,,,,238,12,35,8,,28,1,4,23,,,203,,,1,1,,28,3,170,42,9,15,106,100,6,1,,1,,,,1,1,,6
,,Lawrence,,8,4,1,3,,,,,,,,,,,,,,,,29,1,6,1,,1,,1,,,,29,1,,1,2,,1,,24,10,,2,1,1,,,,,,,,,,,1
,,Lee,,,,,,,,,,,,,,,,,,,,,1,,1,1,,,,,,,,9,,,,,,,,9,1,1,,,,,,,,,,,,,,
,,Letcher,,4,2,2,,1,1,,,,3,1,,,2,,,,,,46,1,16,3,,1,,,1,,,44,,,,,,1,,43,4,,4,4,3,1,,,,,,,,,,1
,,Lewis,,8,1,3,4,,,,,,2,1,1,,,,,,1,,26,2,6,,,3,3,,,,,22,,,,,,3,1,18,3,,2,5,4,1,,,,,,,,,,
,,Lincoln,,20,2,3,15,1,1,,,1,,,,,,,,,,,27,1,,1,,,,,,,,23,,,1,,,2,1,19,14,2,6,25,22,3,,,,,,1,,,,4
,,Livingston,,21,3,6,12,,,,,,7,3,2,,2,2,1,1,1,,27,1,25,2,,3,,,3,,,55,,1,,1,,3,1,49,13,,1,73,41,32,,,,,,,,,,2
,,Logan,,83,6,43,34,1,1,,,3,10,1,1,,8,,,,3,,70,,47,2,,5,2,,3,,,66,,,1,5,,4,1,55,10,4,9,172,95,77,,,,,,1,,,,7
,,Lyon,,4,1,1,2,,,,,,,,,,,,,,,,8,2,7,3,,2,1,,1,,,16,,,,,,2,,14,1,,1,,,,,,,,,,,,,2
,,Madison,,97,7,66,24,,,,,1,18,5,4,,9,,,,1,,196,15,75,8,,19,,11,8,,,270,1,,7,12,,54,6,190,18,2,22,105,82,23,,,,,,,,,,2
,,Magoffin,,8,2,,6,1,1,,,,1,,,,1,,,,,,8,1,1,,,,,,,,,12,,,,,,1,,11,1,,3,2,2,,,,,,,,,,,
,,Marion,,8,1,3,4,,,,,,3,1,,,2,,,,,,31,6,21,2,,6,,4,2,,,27,,,,3,,2,1,21,9,,12,11,11,,,,,,,,,,,5
,,Marshall,,180,15,97,68,1,,1,,5,14,3,3,,8,,,,2,,128,17,64,5,,29,1,14,14,,,173,,,7,6,1,26,1,132,25,3,11,117,74,43,,,,,,1,,,,7
,,Martin,,18,9,2,7,,,,,1,,,,,,,,,,,28,3,5,1,,,,,,,,46,,,,1,,12,3,30,18,1,2,8,5,3,,,,,,,,,,
,,Mason,,40,4,27,9,,,,,1,2,1,1,,,,,,,,56,12,36,2,,13,1,5,7,,,57,,1,5,3,,6,6,36,2,,5,34,22,12,,,,,,,,,,3
,,McCracken,,413,13,309,91,,,,,4,39,14,8,,17,1,,1,,,168,22,136,17,,57,11,23,23,,,309,2,1,12,1,2,75,4,212,21,8,15,264,179,85,,,,,,2,3,1,2,13
,,McCreary,,1,1,,,,,,,,1,1,,,,,,,2,1,56,6,12,2,,3,,1,2,,,33,,,1,,,,1,31,6,7,3,2,2,,,,,,,,,,,2
,,Menifee,,1,,1,,,,,,,,,,,,,,,,,7,3,10,1,,,,,,,,22,,,,,,,,22,4,,,6,4,2,,,,,,,,,,1
,,Mercer,,22,1,9,12,,,,,,6,1,1,,4,,,,,,35,5,7,1,,2,,,2,,,22,,,4,1,,1,1,15,6,1,2,36,24,12,,,,,,1,,,,3
,,Metcalfe,,13,,5,8,,,,,1,1,,,,1,,,,,,22,3,12,,,2,2,,,,,30,,,,3,,2,1,24,7,,4,29,16,13,,,,,,,,,,2
,,Monroe,,2,2,,,,,,,,,,,,,,,,,,2,,,,,,,,,,,,,,,,,,,,,,,2,2,,,,,,,,,,,
,,Montgomery,,94,12,62,20,,,,,,4,2,1,,1,,,,,,201,35,65,17,,25,5,10,10,,,244,2,1,16,7,,41,7,170,26,7,12,50,44,6,,,,,,,,,,3
,,Muhlenberg,,18,3,14,1,,,,,1,2,2,,,,,,,1,1,22,6,5,,,3,,2,1,,,9,,,1,,,1,,7,9,,6,148,101,47,,,,,,,,,,6
,,Nelson,,58,10,27,21,,,,,2,11,4,3,,4,,,,2,,96,10,38,1,,13,,7,6,,,89,,,3,4,2,12,3,65,16,4,9,82,50,32,,,,,,1,,,,4
,,Nicholas,,3,1,,2,,,,,,,,,,,,,,,,10,3,5,,,,,,,,,6,,,,,,,,6,3,,4,11,10,1,,,,,,,,,,
,,Ohio,,101,15,32,54,1,1,,,3,17,4,3,,10,2,1,1,4,,105,13,30,3,,11,4,5,2,,,74,,1,2,4,,4,,63,16,1,5,80,68,12,,,,,,2,,,,2
,,Owen,,3,,,3,,,,,,,,,,,,,,,,33,1,5,1,,1,,,1,,,15,,,,1,,2,,12,2,,2,8,5,3,,,,,,,,,,2
,,Owsley,,,,,,,,,,,,,,,,,,,,,4,1,7,2,1,,,,,,,18,,,,,,3,,15,1,,1,8,6,2,,,,,,,,,,
,,Perry,,11,2,2,7,,,,,1,,,,,,,,,,,15,1,,1,,,,,,,,10,,,2,1,,,,7,2,,3,8,5,3,,,,,,,,,,
,,Perry County Police Department,,1,,,1,,,,,,,,,,,,,,,,1,,1,,,,,,,,,2,,,,,,,,2,1,,,7,6,1,,,,,,,,,,1
,,Pike,,,,,,,,,,1,,,,,,,,,,,6,1,5,,,2,,,2,,,10,,,,,,,2,8,1,,,3,2,1,,,,,,,,,,
,,Powell,,5,1,3,1,,,,,1,1,,1,,,,,,,,51,14,20,1,,9,,3,6,,,46,,,,1,,,3,42,5,,4,9,7,2,,,,,,,,,,1
,,Pulaski,,62,8,2,52,1,1,,,,17,4,5,,8,2,1,1,2,,306,17,55,4,,21,3,7,11,,,457,,,5,21,2,57,5,367,26,4,7,27,20,7,,,,,,1,,,,2
,,Rockcastle,,3,,1,2,,,,,,1,,,,1,,,,,,52,4,7,,,1,1,,,,,24,,,1,1,,,,22,3,1,3,15,13,2,,,,,,,,,,2
,,Rowan,,36,2,23,11,,,,,,5,1,,,4,,,,,1,8,7,13,,,10,2,2,6,,,46,,,1,7,,3,1,34,1,1,2,46,40,6,,,,,,,,,,3
,,Russell,,13,1,2,10,,,,,3,,,,,,,,,,,23,1,7,1,,2,,,2,,,31,,,,1,,1,3,26,6,1,3,12,9,3,,,,,,,,,,
,,Simpson,,30,6,8,16,,,,,5,12,4,1,,7,,,,,2,53,6,35,1,,5,1,3,1,,,61,,,,5,,10,2,44,7,2,2,41,22,19,,,,,,,,,,1
,,Taylor,,59,7,39,13,,,,,,5,4,1,,,,,,1,,106,14,35,3,,14,,5,9,,,93,,,,5,2,21,1,64,8,2,6,10,8,2,,,,,,3,,,,2
,,Todd,,31,2,22,7,,,,,,,,,,,,,,,,42,2,11,1,,4,1,2,1,,,31,,,,,,4,1,26,6,2,7,37,19,18,,,,,,,,,,3
,,Union,,40,6,21,13,,,,,1,4,4,,,,1,,1,2,,19,3,18,4,,7,2,5,,,,27,,,1,2,,1,,23,4,,5,44,32,12,,,,,,,,,,6
,,Washington,,5,,2,3,,,,,,,,,,,,,,,,17,3,5,,,5,2,1,2,,,6,,,,1,,3,,2,1,,,1,1,,,,,,,,,,,1
,,Wayne,,1,1,,,,,,,,,,,,,,,,,,9,,1,,,1,,1,,,,6,,,,1,,1,,4,2,,,5,5,,,,,,,,,,,1
,,Webster,,1,,,1,,,,,,,,,,,,,,,,4,,3,,,,,,,,,5,,,,,,,,5,2,,,8,4,4,,,,,,,,,,
,,Whitley,,23,11,11,1,2,1,1,,1,1,1,,,,,,,1,,94,1,25,28,,3,2,1,,,,48,,,,1,,6,,41,12,4,10,88,88,,,,,,,,,,,3
,,Wolfe,,,,,,,,,,,,,,,,,,,,,16,,8,,,4,,,4,,,18,,,,2,,3,,13,2,,2,5,3,2,,,,,,,,,,
,State Police Agencies,State Police:,,,,,,,,,,,,,,,,,,,,,,,,,,,,,,,,,,,,,,,,,,,,,,,,,,,,,,,,
,,Ashland,,95,22,46,27,,,,,1,77,16,16,,45,1,1,,9,1,152,26,32,,,28,4,17,7,,,173,,2,3,,,16,1,151,28,1,19,105,95,10,,,,,,6,,,,5
,,Bowling Green,,226,18,149,59,6,5,,1,5,70,25,15,,30,1,,1,7,1,104,11,66,4,,26,2,6,18,,,95,,,1,1,,12,1,80,24,3,29,191,113,78,,,,,,15,,,,16
,,Campbellsburg,,223,22,151,50,3,2,1,,2,86,21,18,,47,2,1,1,2,1,126,15,50,7,,29,4,13,12,,,89,,1,11,1,1,15,3,57,17,,14,401,263,138,,,,,,5,,,,11
,,Cannabis Suppression Section,,,,,,,,,,,,,,,,,,,,,,,,,,,,,,,,,,,,,,,,,,,,471,471,,,,,,,,,,,
,,Columbia,,194,24,98,72,9,8,,1,2,146,44,27,,75,3,1,2,17,2,88,15,47,4,,24,3,5,16,,,66,,,,1,,5,3,57,13,6,19,146,108,38,,,,,,16,2,1,1,9
,,Drug Enforcement Area 2,,2,,,2,,,,,,,,,,,,,,1,1,,1,1,4,,2,2,,,,,7,,,,,,,,7,,,4,849,843,6,,,,,,1,,,,6
,,Dry Ridge,,235,20,176,39,,,,,2,84,12,17,,55,4,3,1,25,2,176,20,78,12,,33,4,22,7,,,205,,,13,1,,47,3,141,21,4,29,185,157,28,,,,,,9,,,,12
,,Electronic Crimes,,,,,,,,,,,,,,,,,,,,,,,,,,1,,1,,,,1,,,,,,,,1,,,,,,,,,,,,22,,,,
,,Elizabethtown,,215,20,148,47,5,3,,2,7,76,28,17,,31,4,,4,7,,127,22,42,7,,15,3,11,1,,,138,,,5,,,28,1,104,33,7,28,115,82,33,,,,,,19,,,,16
,,Frankfort,,110,12,58,40,2,2,,,6,79,26,11,,42,1,,1,7,1,59,16,41,10,,36,2,12,22,,,101,,,12,3,,23,,63,24,,16,198,144,54,,,,,,10,,,,14
,,Harlan,,193,27,124,42,4,4,,,1,58,15,14,,29,,,,4,,198,15,108,7,,24,4,9,11,,,212,,,1,1,,22,7,181,22,15,24,196,189,7,,,,,,4,,,,7
,,Hazard,,276,46,166,64,8,7,1,,5,48,19,8,,21,,,,9,,226,19,58,6,,24,2,12,10,,,210,,,1,3,,14,3,189,49,18,13,136,128,8,,,,,,12,,,,4
,,Henderson,,152,16,96,40,2,2,,,11,50,6,3,,41,1,,1,2,,52,9,46,2,,26,2,9,15,,,64,,2,6,2,,7,1,46,10,3,12,139,91,48,,,,,,12,,,,5
,,London,,169,22,93,54,6,6,,,2,92,29,19,,44,4,,4,8,2,152,20,43,6,,29,5,8,16,,,164,,1,12,4,,19,3,125,31,8,47,314,248,66,,,,,,7,,,,25
,,Madisonville,,147,7,92,48,7,6,,1,1,37,12,4,,21,2,,2,5,,82,12,39,6,1,12,6,2,4,,,63,,,2,,,11,1,49,20,3,26,230,161,69,,,,,,5,,,,21
,,Mayfield,,290,34,147,109,,,,,10,96,28,13,,55,3,1,2,6,,89,18,52,13,,45,9,16,20,,,170,,,8,,,26,4,132,23,2,28,329,250,79,,,,,,11,1,,1,30
,,Morehead,,263,23,140,100,7,7,,,4,76,30,9,,37,6,3,3,3,1,195,26,44,7,,26,7,11,8,,,142,,,4,3,,25,8,102,46,5,27,163,124,39,,,,,,5,,,,17
,,Pikeville,,614,66,462,86,4,3,,1,11,78,26,8,,44,6,4,2,10,2,448,35,140,14,,55,4,30,21,,,385,,2,49,6,,74,12,242,113,36,18,181,169,12,,,,,,10,,,,11
,,Richmond,,220,22,126,72,3,3,,,10,116,26,28,,62,4,,4,18,,237,20,63,9,,40,2,26,12,,,213,,,6,,1,36,4,166,39,9,43,146,116,30,,,,,,6,,,,13
,,Special Investigations,,,,,,,,,,,,,,,,,,,,,,5,,1,,5,5,,,,,3,,,,,,1,,2,,,21,,,,,,,,,,,,,
,,West Drug Enforcement Branch,,1,,,1,,,,,,,,,,,,,,,1,,2,,1,,3,1,1,1,,,1,,,,,,,,1,,,3,464,422,42,,,,,,,1,1,,8
,Other Agencies,Barren County Drug Task Force,,4,,,4,,,,,,,,,,,,,,,,,1,,,,3,2,,1,,,,,,,,,,,,,,,159,113,46,,,,,,,,,,5
,,Buffalo Trace-Gateway Narcotics Task Force,,,,,,,,,,,,,,,,,,,,,,,,,,,,,,,,2,,,,,,,,2,,,,134,123,11,,,,,,,,,,3
,,Cincinnati-Northern Kentucky International Airport,,5,,2,3,,,,,,,,,,,,,,,,,2,6,5,,15,11,3,1,,,54,,,2,16,1,4,,31,3,,3,33,19,14,,,,,,,,,,5
,,Fayette County Schools,,150,2,100,48,,,,,,3,,1,,2,,,,1,,5,2,45,1,,1,,1,,,,173,2,,,138,,2,1,30,,,6,100,74,26,1,,1,,,,,,,15
,,Fish and Wildlife Enforcement,,,,,,,,,,,,,,,,,,,,,,,1,,,,,,,,,1,,,,,,,,1,,,,,,,,,,,,,,,,1
,,FIVCO Area Drug Task Force,,9,,5,4,,,,,,,,,,,,,,,,,,,,,,,,,,,1,,,,,,,,1,,,,151,140,11,,,,,,,,,,3
,,Graves County Schools,,,,,,,,,,,,,,,,,,,,,,,,,,,,,,,,1,,,,,,1,,,,,,2,1,1,,,,,,,,,,
,,Greater Hardin County Narcotics Task Force,,4,,2,2,,,,,1,,,,,,,,,,,,2,,,,13,12,,1,,,1,,,1,,,,,,,,3,375,251,124,,,,,,,,,,11
,,Jefferson County Board of Education,,111,12,77,22,,,,,,,,,,,,,,1,,37,,85,,,,,,,,,42,,1,,18,,5,1,17,,1,,15,12,3,,,,,,,,,,4
,,Kentucky Horse Park,,,,,,,,,,,,,,,,,,,,,2,,12,2,,,,,,,,57,,,,2,,14,2,39,,,,,,,,,,,,,,,,
,,Kentucky Fairgrounds Security,,,,,,,,,,,,,,,,,,,,,,,,,,,,,,,,3,,,,,,,,3,1,,,,,,,,,,,,,,,
,,"Lee County Constable, District 3",,,,,,,,,,,,,,,,,,,,,7,,2,,,,,,,,,19,,,,,,,,19,2,,4,,,,,,,,,,,,,
,,Lexington Bluegrass Airport,,,,,,,,,,,,,,,,,,,,,1,,1,,,,,,,,,9,,,,,,1,,8,1,,,,,,,,,,,,,,,
,,Louisville Regional Airport Authority,,,,,,,,,,,,,,,,,,,,,1,,1,,,7,4,1,2,,,22,1,,,,,5,,16,19,,2,2,1,1,,,,,,,,,,6
,,McCracken County Public Schools,,12,1,8,3,,,,,,,,,,,,,,,,,,,,,,,,,,,14,,,,1,,,,13,,,3,5,5,,,,,,,,,,,
,,Montgomery County School District,,24,,17,7,,,,,,,,,,,,,,,,,,2,,,,,,,,,6,,,,1,,1,,4,,,3,7,5,2,,,,,,,,,,3
,,Motor Vehicle Enforcement,,30,2,11,17,,,,,,,,,,,,,,,1,,3,4,,,2,1,,1,,,13,,,2,,,3,3,5,2,,9,67,50,17,,,,,,,,,,6
,,Northern Kentucky Narcotics Enforcement Unit,,1,,1,,,,,,,,,,,,,,,,,,1,,,,4,3,,1,,,2,,,,,,,,2,,,,191,176,15,,,,,,,,,,
,,Ohio County School System,,11,1,6,4,,,,,,5,,,,5,,,,,,,,1,,,,,,,,,2,,,,,,,,2,,,,6,3,3,,,,,,,,,,
,,Park Security,,,,,,,,,,,,,,,,,,,,,5,,6,1,,2,,2,,,,12,,,,,,2,,10,,,,1,1,,,,,,,,,,,
,,Pennyrile Narcotics Task Force,,5,,,5,,,,,,,,,,,,,,,,,4,,,,3,2,,1,,,6,,,,,,,,6,,,4,538,426,112,,,,,,,,,,18
,,South Central Kentucky Drug Task Force,,3,,1,2,,,,,,,,,,,,,,,,,1,1,,,2,1,,1,,,3,,,,,,,,3,,1,,302,166,136,,,,,,,,,,5
,,"Unlawful Narcotics Investigation, Treatment and Education",,,,,,,,,,,,,,,,,,,,,,,,,,,,,,,,1,,,,,,,,1,,,,332,332,,,,,,,,,,,1
MAINE,Cities,Auburn,"23,002",323,14,257,52,,,,,,28,15,,,13,6,,6,4,,183,36,272,11,,78,54,18,3,3,,971,,2,471,17,,90,20,371,28,18,1,306,204,102,,,,,,1,,,,9
,,Augusta,"19,117",558,45,394,119,1,1,,,2,38,17,2,,19,6,4,2,12,,239,43,422,10,,168,121,40,2,4,1,952,,3,278,176,1,213,23,258,31,27,8,177,110,67,,,,,,6,3,2,1,19
,,Bar Harbor,"5,253",35,1,25,9,,,,,,1,,,,1,,,,,,28,1,14,,,,,,,,,65,,2,5,27,,4,,27,,,1,48,31,17,,,,,,1,,,,
,,Carrabassett Valley,779,7,1,6,,,,,,,1,,1,,,,,,,,5,,5,,,13,12,1,,,,37,,,1,5,,5,,26,,,,7,4,3,,,,,,,,,,1
,,Lewiston,"36,519",541,22,415,104,,,,,1,48,15,4,,29,9,,9,10,,330,31,497,8,,69,29,32,6,2,,"1,029",,,176,33,4,243,26,547,42,43,2,148,126,22,,,,,,23,7,6,1,42
,,Lisbon,"8,993",80,3,64,13,,,,,,11,5,1,,5,1,1,,1,,53,6,76,,,10,8,1,1,,,103,,,3,24,,19,14,43,8,1,4,72,51,21,,,,,,1,,,,1
,,Monmouth,"4,096",24,1,17,6,,,,,,,,,,,,,,1,,18,1,18,,,2,1,1,,,,39,,,,6,,5,1,27,4,,,17,10,7,,,,,,3,,,,1
,,Oakland,"6,233",57,3,43,11,,,,,,6,5,,,1,4,1,3,,,21,1,54,,1,7,6,1,,,,113,,,,,,14,,99,8,,,32,24,8,,,,,,,,,,
,,Old Orchard Beach,"8,678",143,3,116,24,2,2,,,,10,9,,,1,1,,1,6,,80,16,74,,,39,27,10,2,,,210,,,10,1,,44,2,153,6,3,,104,74,30,,,,,,,6,4,2,4
,,Saco,"18,595",470,9,266,195,1,1,,,1,14,5,2,,7,4,,4,3,,94,12,235,,,45,21,21,3,,,368,1,,39,91,,79,23,135,13,10,1,203,117,86,,,,,,3,1,,1,16
,,Scarborough,"18,982",144,,62,82,,,,,4,8,7,,,1,1,,1,1,1,66,21,96,3,,90,21,32,36,,1,428,,,165,61,,87,5,110,11,4,,133,92,41,,,,,,,2,1,1,5
,,Skowhegan,"8,562",322,6,232,84,,,,,,21,15,2,,4,1,,1,6,,105,28,215,,,26,23,3,,,,439,,,35,2,,51,,351,15,5,,107,76,31,,,,,,,1,1,,3
,,South Portland,"25,087",214,35,161,18,,,,,,9,3,2,,4,1,,1,,,108,19,173,18,,84,28,45,1,,10,848,1,,326,177,3,216,14,111,12,11,12,201,116,85,,,,,,,1,1,,14
,,Waterville,"15,709",253,18,193,42,1,1,,,,29,15,4,,10,4,,4,4,,147,15,265,,,29,18,11,,,,600,,,102,1,,85,2,410,15,9,,133,78,55,,,,,,1,,,,6
,,Wells,"9,648",58,1,38,19,,,,,1,,,,,,1,,1,,,48,6,57,1,,40,34,4,2,,,100,,,21,22,,15,2,40,6,,1,50,28,22,,,,,,,,,,5
,,Winslow,"7,787",79,,54,25,,,,,,7,3,,,4,,,,,,16,11,87,,1,14,8,6,,,,140,,,,,,17,1,122,6,1,,69,40,29,,,,,,2,,,,2
,,York,"12,608",118,,84,34,,,,,,2,1,,,1,,,,,,58,6,109,,,34,25,9,,,,188,,,5,1,1,61,,120,3,1,,232,127,105,,,,,,2,,,,8
,Nonmetropolitan Counties,Kennebec,,236,7,137,92,,,,,,19,12,1,,6,2,,2,1,,148,15,187,1,1,31,20,10,1,,,269,,,,12,,28,1,228,23,2,,74,55,19,,,,,,1,,,,7
MASSACHUSETTS,Cities,Abington,"16,215",200,34,119,47,,,,,,1,1,,,,2,,2,1,,97,15,132,,3,45,20,6,19,,,257,1,,53,28,,10,3,162,17,6,12,22,22,,,,,,,,,,,3
,,Acton,"22,349",74,18,53,3,,,,,,4,4,,,,,,,,,37,6,62,6,,74,38,30,6,,,202,,,34,35,,70,5,58,2,1,1,2,2,,,,,,,,,,,
,,Acushnet,"10,408",77,12,40,25,,,,,,1,,1,,,4,1,3,2,,72,6,71,,,17,7,2,8,,,61,1,,3,12,,1,,44,9,1,7,9,9,,,,,,,1,,,,1
,,Adams,"8,508",98,26,68,4,,,,,,24,12,2,,10,11,1,10,3,,51,11,96,1,,32,18,4,10,,,150,,1,6,44,,34,,65,5,4,6,20,20,,,,,,,5,,,,6
,,Agawam,"28,708",149,24,115,10,,,,,2,14,5,,1,8,1,,1,,,108,13,63,,,29,23,5,1,,,165,,1,8,9,,18,2,127,28,5,11,69,69,,,,,,,,2,2,,5
,,Amesbury,"16,557",198,33,121,44,,,,,,7,6,1,,,7,,7,1,,49,10,122,,2,49,32,9,8,,,229,1,2,13,43,,48,,122,18,5,7,47,47,,,,,,,3,,,,9
,,Amherst,"38,112",221,49,157,15,,,,,,37,28,3,,6,3,,3,2,,95,7,115,1,,35,18,1,16,,,275,2,,14,18,,56,,185,9,4,10,110,110,,,,,,,1,,,,4
,,Andover,"33,753",123,20,84,19,,,,,2,4,1,,,3,,,,,,50,16,108,6,,61,6,38,4,,13,227,,,10,35,,66,3,113,14,2,2,43,43,,,,,,,,,,,4
,,Arlington,"43,675",242,40,149,53,,,,,3,5,3,,,2,1,,1,7,,101,12,211,,1,137,49,18,70,,,410,4,,41,82,,142,2,139,11,9,4,30,29,1,,,,,,1,,,,6
,,Ashburnham,"6,155",48,9,35,4,,,,,,2,,,,2,,,,1,,21,3,44,1,,8,1,6,,,1,39,,1,1,3,,3,2,29,4,1,2,9,9,,,,,,,1,,,,1
,,Ashby,"3,134",5,2,1,2,,,,,1,,,,,,,,,,,23,1,5,,,4,1,3,,,,13,,,,2,,1,,10,2,,1,2,2,,,,,,,,,,,2
,,Ashland,"16,916",74,8,47,19,,,,,,3,3,,,,2,,2,1,,56,2,63,1,,31,12,6,13,,,88,,1,11,24,,20,,32,13,3,2,12,12,,,,,,,3,,,,
,,Athol,"11,727",122,30,86,6,,,,,,10,8,1,,1,,,,5,,88,6,121,1,,11,,10,1,,,168,,,24,6,,4,,134,5,8,10,39,39,,,,,,,1,,,,10
,,Attleboro,"44,033",557,101,319,137,1,,1,,7,43,19,1,,23,5,,5,6,,248,48,323,7,3,146,73,26,47,,,771,,,162,136,,299,38,136,63,23,29,101,101,,,,,,,4,,,,29
,,Auburn,"16,389",217,42,105,70,,,,,2,3,3,,,,,,,4,,75,27,149,14,,60,35,19,6,,,537,,,186,5,,41,1,304,20,3,55,49,49,,,,,,,7,3,3,,8
,,Ayer,"7,568",109,21,84,4,1,,1,,,3,3,,,,,,,2,,69,1,76,,,14,12,2,,,,89,,,6,1,,2,,80,5,4,,12,12,,1,,,1,,,,,,5
,,Barnstable,"45,570",712,231,382,99,1,1,,,6,69,24,,,45,4,,4,10,,381,84,542,1,,141,76,53,10,,2,929,,6,141,92,2,159,4,525,50,30,55,317,317,,,,,,,3,1,1,,89
,,Barre,"5,464",109,13,65,31,,,,,,1,,1,,,5,,5,,,24,7,55,,,10,5,3,2,,,63,3,1,2,10,,16,,31,5,,4,36,35,1,,,,,,1,,,,7
,,Bedford,"13,575",21,6,15,,,,,,,1,1,,,,,,,,,19,1,26,1,,1,,,,,1,56,,,3,16,,9,1,27,1,,1,6,6,,,,,,,,,,,2
,,Belchertown,"14,751",86,17,46,23,,,,,1,1,1,,,,3,,3,1,,50,4,57,1,,30,11,8,11,,,110,2,1,,30,,8,,69,9,1,2,15,15,,,,,,,1,,,,1
,,Belmont,"25,209",107,14,69,24,,,,,1,3,3,,,,1,,1,1,,114,14,66,,,70,37,1,32,,,188,7,,9,24,,1,,147,11,4,,12,12,,,,,,,1,,,,1
,,Berkley,"6,475",49,5,40,4,,,,,,2,2,,,,1,,1,,,37,1,31,1,,5,1,2,2,,,43,,,,12,,8,1,22,3,,1,14,14,,,,,,,,,,,6
,,Berlin,"2,903",8,1,,7,,,,,,,,,,,,,,,,1,,18,,,2,,2,,,,41,,1,1,10,,18,,11,1,,,3,3,,,,,,,,,,,
,,Bernardston,"2,154",28,4,20,4,,,,,,,,,,,1,,1,,,13,1,18,,,9,6,,3,,,16,,,,7,,1,,8,,,,7,7,,,,,,,,,,,2
,,Beverly,"40,150",318,62,198,58,,,,,1,16,8,1,,7,1,1,,3,,116,3,337,,,93,25,38,26,,4,507,1,6,33,26,,195,10,236,12,13,,117,71,46,,,,,,,,,,3
,,Billerica,"41,016",198,41,109,48,1,1,,,2,11,10,1,,,2,,2,4,,90,5,254,1,,119,8,66,26,,19,359,,,57,40,,80,19,163,23,7,,27,22,5,,,,,,1,2,2,,10
,,Blackstone,"9,138",86,13,51,22,,,,,,2,1,1,,,1,,1,2,,12,2,51,1,,15,9,2,4,,,116,1,,2,23,,20,,70,9,2,,12,12,,,,,,,1,,,,4
,,Bolton,"4,959",41,9,21,11,,,,,,1,1,,,,3,,3,,1,21,,45,,,18,6,4,8,,,27,,,,4,,1,1,21,4,,,30,30,,,,,,,1,,,,6
,,Bourne,"19,921",391,60,255,76,,,,,2,13,8,2,,3,7,3,4,5,,270,18,288,4,,108,67,14,26,,1,267,,2,52,29,,9,3,172,30,8,16,41,39,2,,,,,,1,,,,10
,,Boxborough,"5,094",11,1,7,3,,,,,,,,,,,,,,1,,4,3,11,,,7,1,4,2,,,51,,,2,13,,11,,25,,,1,23,23,,,,,,,,,,,
,,Boxford,"8,099",2,,1,1,,,,,,,,,,,,,,,,7,1,23,,,3,2,,,,1,26,,,,12,1,7,,6,4,,,,,,,,,,,,,,,
,,Braintree,"36,310",163,13,137,13,,,,,2,6,2,,,4,2,1,1,2,,133,40,38,4,,88,19,66,3,,,533,9,6,202,143,1,104,8,60,38,15,9,85,80,5,,,,,,1,1,1,,2
,,Brewster,"9,902",60,13,38,9,,,,,,2,,1,,1,3,1,2,1,,47,7,65,,,34,18,7,9,,,138,,1,1,25,,27,,84,4,2,2,16,16,,,,,,,,,,,2
,,Brimfield,"3,643",10,5,2,3,,,,,1,1,1,,,,,,,,,6,,11,3,,9,5,2,2,,,26,,,,2,,,,24,,,1,2,2,,,,,,,1,,,,
,,Brockton,"95,156","2,598",814,"1,406",378,7,6,1,,33,92,49,15,1,27,37,1,36,33,1,835,84,"1,302",14,1,240,111,46,83,,,"2,292",32,33,303,181,,636,15,"1,092",218,226,30,295,295,,,,,,,7,72,72,,129
,,Brookline,"59,658",218,47,139,32,,,,,1,17,4,,1,12,,,,,,149,11,229,,1,51,18,21,3,,9,733,26,7,106,289,1,152,16,136,19,31,15,98,98,,,,,,,2,,,,16
,,Burlington,"24,975",141,26,69,46,1,1,,,2,9,6,3,,,9,1,8,,,59,20,175,9,,102,53,20,29,,,570,1,6,172,39,,54,,298,16,7,29,26,26,,,,,,,1,4,4,,9
,,Cambridge,"106,981","1,267",285,642,340,1,1,,,8,26,20,,,6,3,,3,8,,504,49,588,1,6,223,126,93,4,,,"2,580",186,,212,191,,616,22,"1,353",109,135,52,143,143,,1,,1,,,4,2,1,1,38
,,Canton,"21,903",130,29,68,33,,,,,1,7,1,6,,,4,,4,1,,50,13,103,6,,41,24,6,11,,,209,,4,3,31,,48,5,118,18,5,10,17,17,,,,,,,1,,,,2
,,Carver,"11,676",124,23,75,26,,,,,,3,3,,,,5,,5,2,,87,7,135,4,,28,19,2,7,,,235,1,,6,19,,37,2,170,10,2,9,27,27,,,,,,,1,1,1,,4
,,Charlton,"13,142",79,13,36,30,,,,,,3,2,1,,,1,,1,2,,48,6,62,1,,22,10,5,7,,,131,1,2,9,22,,11,,86,11,4,12,16,14,2,,,,,,5,,,,4
,,Chatham,"6,176",74,16,46,12,,,,,,4,2,,,2,3,3,,1,,32,,60,2,1,15,9,2,4,,,152,,,16,11,,17,,108,4,,7,5,5,,,,,,,,,,,1
,,Chelmsford,"34,460",69,20,34,15,,,,,2,6,,1,,5,,,,,,69,8,208,1,,84,6,50,20,,8,467,,1,133,63,,102,8,160,16,5,42,25,25,,,,,,,3,,,,3
,,Chelsea,"35,966","1,392",379,700,313,2,2,,,14,71,41,2,,28,3,,3,5,,295,36,779,4,3,186,81,23,82,,,992,40,4,139,115,,198,4,492,182,254,48,119,117,2,,,,,,2,18,17,1,78
,,Chesterfield,"1,230",5,,4,1,,,,,,,,,,,,,,,,2,,5,,,,,,,,,5,,,,1,,,,4,1,,,,,,,,,,,,,,,
,,Chicopee,"55,825","1,149",159,769,221,,,,,9,60,27,9,,24,11,2,9,7,,577,69,574,12,2,331,198,40,93,,,956,4,3,166,210,,142,154,277,125,72,32,111,111,,,,,,,1,1,1,,33
,,Clinton,"13,774",66,8,45,13,,,,,,,,,,,,,,,,10,1,10,,,3,,2,1,,,42,,2,20,6,,3,,11,8,1,1,12,9,3,,,,,,,,,,3
,,Concord,"17,995",71,10,42,19,,,,,,5,2,,,3,,,,,,20,7,75,,,51,21,12,18,,,151,1,1,7,19,,,,123,3,1,5,10,10,,,,,,,,,,,4
,,Dalton,"6,774",35,18,10,7,,,,,,,,,,,1,,1,2,,27,1,34,,,6,2,1,3,,,35,,,,17,,1,,17,5,3,2,6,6,,,,,,,1,,,,3
,,Danvers,"26,934",344,49,216,79,,,,,1,6,3,,,3,3,,3,2,,58,18,209,19,1,100,26,50,24,,,682,11,1,298,77,,113,16,166,22,6,20,40,40,,1,,1,,,4,2,2,,13
,,Dartmouth,"34,368",361,54,190,117,,,,,1,14,9,5,,,4,1,3,2,,193,24,372,2,,130,81,16,33,,,890,3,5,364,75,,77,4,362,20,11,26,65,65,,1,,,1,,2,,,,14
,,Dedham,"25,116",67,11,56,,,,,,,1,,,1,,,,,,,60,7,158,3,,37,,37,,,,536,,8,190,2,,132,2,202,27,8,,3,3,,,,,,,,,,,
,,Deerfield,"5,186",41,8,21,12,,,,,,,,,,,1,,1,,,37,1,18,,,15,9,,6,,,48,,,,14,,,,34,3,,1,15,15,,,,,,,,,,,3
,,Dennis,"14,325",212,44,126,42,,,,,,11,,9,,2,3,,3,2,,259,17,115,1,,49,25,9,14,,1,320,,4,23,62,,54,,177,5,6,5,35,35,,,,,,,,,,,6
,,Douglas,"8,576",45,7,26,12,1,,1,,,5,5,,,,2,1,1,1,,25,1,19,,,18,9,3,6,,,29,,,,6,,,,23,2,,3,22,22,,,,,,,,,,,7
,,Dover,"5,677",9,,6,3,,,,,,3,3,,,,2,2,,,,10,4,15,,,13,5,1,7,,,33,,,,21,,,,12,2,,2,2,2,,,,,,,1,,,,
,,Dracut,"30,032",34,4,30,,,,,,,3,2,1,,,,,,,,77,2,101,,,39,3,32,1,,3,212,,1,34,23,,95,12,47,22,8,,2,2,,,,,,,,,,,
,,Dudley,"11,528",125,35,75,15,,,,,3,10,3,,,7,1,,1,1,,40,3,45,,,13,8,,5,,,38,1,,2,5,,,,30,5,1,5,39,39,,,,,,,,,,,5
,,Duxbury,"15,276",16,3,13,,,,,,,,,,,,,,,,,45,,66,,,,,,,,,47,,,,,,9,,38,3,,,1,1,,,,,,,,,,,
,,East Bridgewater,"13,989",82,21,48,13,,,,,1,2,1,,,1,4,,4,3,,53,8,131,2,,42,24,6,12,,,177,,2,7,30,,59,1,78,7,2,9,15,15,,,,,,,3,,,,5
,,East Brookfield,"2,209",18,3,6,9,,,,,,,,,,,1,,1,,1,14,,17,,,1,,,1,,,24,,,2,6,,1,,15,1,,1,9,9,,,,,,,,,,,1
,,Eastham,"4,997",53,7,36,10,,,,,,2,1,1,,,3,,3,,,25,4,37,3,,16,7,4,5,,,105,,,1,12,,8,2,82,4,,,18,18,,,,,,,1,,,,1
,,Easthampton,"16,166",120,26,88,6,1,1,,,,12,7,3,,2,10,,10,,,53,11,101,1,,24,11,,13,,,154,,,9,10,,24,,111,10,1,5,25,25,,,,,,,2,1,,1,2
,,East Longmeadow,"15,871",195,18,77,100,,,,,2,6,1,,,5,3,,3,2,,80,7,175,5,,83,47,13,23,,,287,4,1,69,33,,58,14,108,11,6,11,52,52,,,,,,,3,,,,4
,,Easton,"23,342",108,20,67,21,,,,,,6,5,1,,,7,,7,,,81,16,63,3,,34,22,2,10,,,170,,2,27,24,,36,1,80,16,6,9,15,15,,,,,,,2,,,,6
,,Erving,"1,822",34,11,11,12,,,,,,3,,3,,,1,1,,,,7,,11,,,2,1,,1,,,30,,,,1,,2,,27,1,,,24,24,,,,,,,2,,,,5
,,Everett,"42,476",488,91,287,110,3,2,1,,1,21,11,,1,9,3,2,1,2,,249,7,358,1,1,145,15,56,68,1,5,619,3,4,88,72,,212,13,227,134,66,15,83,63,20,10,,4,6,,2,6,6,,7
,,Fairhaven,"16,033",220,36,118,66,1,1,,,,11,2,6,,3,1,,1,,,83,16,234,2,,54,29,12,13,,,362,3,2,66,34,,48,,209,14,11,19,38,38,,,,,,,2,,,,4
,,Fall River,"89,753","2,358",658,"1,401",299,2,2,,,32,131,54,12,,65,11,1,10,27,,811,69,"1,170",21,5,319,190,14,115,,,"1,997",30,18,376,345,,457,,771,285,263,99,267,266,1,3,,3,,,9,54,53,1,140
,,Falmouth,"31,794",507,102,281,124,,,,,9,24,11,,1,12,2,,2,3,,561,29,486,13,,122,78,18,26,,,485,7,5,40,87,,,1,345,36,17,47,95,95,,1,,1,,,7,2,2,,24
,,Fitchburg,"40,809",698,254,374,70,1,1,,,9,69,24,10,,35,16,,16,6,,310,35,614,4,,162,79,35,48,,,783,7,3,164,194,,152,31,232,48,48,43,89,87,2,,,,,,6,7,7,,41
,,Framingham,"69,605",357,129,228,,,,,,4,11,7,,1,3,1,,1,1,,259,17,367,,1,104,,9,95,,,908,4,,171,6,1,372,,354,101,21,21,118,117,1,1,1,,,,2,3,3,,21
,,Franklin,"32,134",56,2,53,1,,,,,,2,,,,2,,,,,,43,2,13,,,1,,1,,,,90,,,11,19,,42,1,17,2,9,,35,35,,,,,,,,,,,3
,,Freetown,"8,960",52,10,24,18,,,,,4,1,,1,,,4,2,2,1,,75,10,82,1,,25,17,,8,,,131,,,3,46,,20,,62,14,2,9,36,36,,1,,1,,,1,,,,3
,,Gardner,"20,474",417,73,285,59,,,,,4,13,7,3,1,2,23,,23,1,,143,24,346,1,,74,43,10,21,,,378,8,,94,56,,,,220,14,8,9,64,64,,,,,,,1,,,,8
,,Gill,"1,518",16,,9,7,,,,,,,,,,,,,,,,10,,16,,,4,2,,2,,,11,,,,3,,,,8,,,1,4,4,,,,,,,,,,,
,,Gloucester,"29,272",249,23,69,157,,,,,,11,4,,,7,1,,1,,,40,,134,,,25,1,19,3,,2,372,,1,27,171,,94,5,74,4,,,29,29,,,,,,,,,,,
,,Goshen,"1,062",,,,,,,,,,,,,,,,,,,,3,,1,,,,,,,,,1,,,,,,,,1,,,,,,,,,,,,,,,,
,,Grafton,"17,986",54,20,26,8,,,,,,1,1,,,,4,,4,2,,40,3,64,3,,27,17,6,4,,,71,,,3,12,,1,,55,9,1,6,18,18,,,,,,,1,,,,5
,,Granby,"6,282",37,6,26,5,,,,,,1,1,,,,3,,3,1,,23,2,32,1,,29,10,6,13,,,81,,,6,24,,17,1,33,6,,4,9,9,,,,,,,1,,,,3
,,Greenfield,"17,667",304,84,178,42,1,1,,,2,17,8,2,,7,,,,4,,232,18,205,,,27,1,26,,,,356,,,53,11,,20,,272,15,22,18,38,38,,,,,,,2,1,1,,12
,,Groton,"10,851",21,6,10,5,,,,,,2,,,,2,,,,,,46,4,59,,,12,3,6,2,,1,59,,,4,8,,13,,34,4,1,1,19,18,1,,,,,,1,,,,1
,,Groveland,"6,567",15,2,13,,,,,,,,,,,,,,,,,2,,15,,,5,,5,,,,40,,,,9,,15,1,15,3,,1,1,1,,,,,,,,,,,1
,,Hadley,"5,288",54,10,26,18,1,,1,,1,4,,3,,1,1,,1,,,26,6,68,1,,32,17,5,10,,,231,1,4,96,11,,24,1,94,4,4,13,8,8,,,,,,,2,,,,2
,,Halifax,"7,627",50,15,31,4,,,,,,3,2,1,,,,,,1,,22,4,46,,1,19,11,1,7,,,52,,1,9,14,,5,,23,7,2,2,9,9,,,,,,,1,,,,
,,Hamilton,"7,896",41,4,27,10,,,,,1,1,,,,1,2,1,1,,,11,1,24,1,,15,6,2,7,,,41,,,1,8,,8,,24,4,1,3,12,12,,,,,,,,1,1,,2
,,Hampden,"5,188",15,5,4,6,,,,,,,,,,,,,,,,15,2,30,,,5,3,,2,,,26,,,,9,,4,,13,,,2,6,6,,,,,,,1,,,,2
,,Hanover,"14,078",20,2,6,12,1,,1,,,1,,,,1,,,,,,36,3,106,,,44,3,32,5,,4,237,,5,111,18,1,24,5,73,2,1,9,17,17,,,,,,,,,,,
,,Hanson,"10,357",60,25,29,6,,,,,,4,3,,,1,2,,2,,,33,1,71,1,,3,2,1,,,,85,,,3,11,,12,,59,7,1,2,17,17,,,,,,,,,,,4
,,Hardwick,"3,027",63,11,39,13,,,,,,,,,,,5,,5,,,8,,30,,,6,3,,3,,,47,,,,10,,3,,34,4,,3,11,11,,,,,,,,,,,1
,,Harvard,"6,595",7,2,4,1,,,,,,3,1,,,2,,,,,,32,1,45,,,16,4,7,2,,3,48,,,,21,,14,,13,,,1,12,8,4,,,,,,,,,,
,,Harwich,"12,345",83,24,52,7,,,,,,9,4,,,5,4,,4,1,,121,7,87,2,,29,15,8,5,,1,135,3,4,6,19,,3,,100,5,,3,16,15,1,,,,,,1,,,,5
,,Haverhill,"61,897","1,384",356,735,293,2,2,,,5,13,13,,,,6,,6,8,,400,88,785,1,2,150,114,32,4,,,"1,051",13,,122,11,,241,1,663,132,53,,160,160,,,,,,,2,13,13,,35
,,Hingham,"22,475",89,14,57,18,,,,,2,1,1,,,,,,,1,,89,15,127,,,45,17,16,12,,,279,5,,103,24,,2,2,143,11,3,7,30,30,,,,,,,1,,,,2
,,Holden,"17,562",80,4,57,19,,,,,,5,3,1,,1,1,,1,1,,20,3,55,,1,27,15,3,9,,,78,,,3,23,,5,1,46,3,1,7,38,37,1,,,,,,,2,2,,2
,,Holliston,"13,811",40,8,27,5,,,,,,,,,,,,,,,,23,4,32,1,,7,2,3,2,,,84,,,,13,,20,,51,6,,1,10,10,,,,,,,,,,,1
,,Holyoke,"40,260","1,494",262,854,378,,,,,15,34,34,,,,,,,16,,459,45,"1,095",,4,60,2,58,,,,"2,167",,2,626,13,,285,24,"1,217",112,87,65,560,560,,5,,5,,,1,7,7,,55
,,Hopedale,"5,985",54,17,20,17,,,,,1,,,,,,,,,2,,10,7,30,,,17,11,2,4,,,41,2,,,22,,1,,16,6,,1,44,44,,,,,,,,,,,5
,,Hopkinton,"15,214",36,1,35,,,,,,1,2,,,,2,,,,,,,1,36,1,,,,,,,,92,,,4,8,,21,1,58,2,1,2,10,10,,,,,,,,,,,
,,Hubbardston,"4,436",42,8,24,10,,,,,1,3,3,,,,5,3,2,,,20,1,35,,,9,3,4,2,,,33,,,,6,,2,,25,3,,3,10,9,1,,,,,,1,,,,5
,,Hudson,"19,435",204,8,21,175,,,,,,1,,1,,,,,,,,19,10,91,,,17,7,10,,,,205,,,23,,,45,2,135,11,,3,11,10,1,,,,,,,,,,
,,Hull,"10,441",122,32,71,19,,,,,2,2,2,,,,,,,,,35,3,70,,,26,11,8,7,,,84,5,,7,20,,4,1,47,6,,8,13,12,1,,,,,,,,,,1
,,Ipswich,"13,397",23,2,21,,,,,,,4,2,1,,1,,,,,,27,,84,,,32,,11,19,,2,77,,4,,10,,2,1,60,3,1,,4,2,2,,,,,,3,,,,2
,,Kingston,"12,809",109,11,68,30,,,,,1,4,3,1,,,7,,7,3,,57,3,108,2,,54,39,7,8,,,216,,,24,25,,35,1,131,7,4,28,33,33,,,,,,,,,,,4
,,Lakeville,"10,754",30,10,20,,,,,,,1,1,,,,,,,1,,71,,47,,,3,,3,,,,146,,,2,,,56,10,78,6,1,2,20,20,,,,,,,,,,,1
,,Lancaster,"8,148",21,8,5,8,,,,,,,,,,,4,,4,1,,34,1,35,2,,17,13,2,2,,,52,,,1,10,,8,1,32,2,1,1,19,19,,,,,,,,,,,4
,,Lee,"5,960",47,10,23,14,,,,,,7,5,2,,,2,,2,1,,39,5,52,1,,7,6,1,,,,96,5,,12,16,,5,,58,2,1,7,15,15,,,,,,,,3,2,1,2
,,Leicester,"11,106",56,13,29,14,,,,,,5,4,,,1,3,1,2,1,,42,5,86,1,,34,14,3,16,,1,137,9,,21,23,,7,,77,10,1,9,39,39,,,,,,,3,,,,5
,,Lenox,"5,039",25,5,13,7,,,,,,4,,3,,1,,,,1,,31,2,27,1,,9,4,2,3,,,81,,2,18,13,,6,,42,2,,4,7,7,,,,,,,,,,,
,,Leominster,"41,262",836,218,435,183,,,,,3,18,14,3,,1,18,,18,8,,269,54,546,7,1,181,100,40,41,,,"1,107",11,5,296,104,4,175,9,503,53,45,34,85,84,1,,,,,,4,,,,16
,,Lexington,"32,000",22,13,,9,,,,,,,,,,,,,,,,36,,101,,,15,3,10,1,,1,210,,,6,41,,51,4,108,,,,12,9,3,,,,,,,5,5,,1
,,Lincoln,"6,487",21,8,13,,,,,,,,,,,,,,,,,17,1,16,,,11,,8,,,3,28,,,,6,,2,,20,,,,3,3,,,,,,,,,,,2
,,Littleton,"9,097",39,10,18,11,,,,,,,,,,,3,,3,1,,36,4,47,,,25,16,7,2,,,76,,1,6,18,,1,,50,5,1,6,10,10,,,,,,,3,,,,5
,,Longmeadow,"15,936",44,4,23,17,,,,,,1,1,,,,1,,1,1,,26,12,64,1,,50,18,9,23,,,184,1,,13,41,,51,,78,5,6,4,8,8,,,,,,,,,,,2
,,Lowell,"108,539","2,543",375,"1,723",445,,,,,11,97,38,6,7,46,3,,3,27,,839,84,"1,258",16,7,352,92,141,118,,1,"2,015",,10,269,91,1,783,211,650,301,175,82,342,336,6,1,,1,,,4,89,24,65,165
,,Ludlow,"21,304",129,14,84,31,,,,,1,8,2,6,,,2,1,1,3,,115,13,125,5,,50,26,8,16,,,272,,5,21,45,,42,,159,14,12,10,27,27,,,,,,,,,,,5
,,Lunenburg,"10,212",77,25,38,14,,,,,3,6,2,2,,2,1,,1,,,52,5,65,1,,25,11,8,6,,,170,2,2,59,24,,18,,65,9,1,8,28,28,,,,,,,1,,,,3
,,Lynn,"91,846","1,640",543,"1,016",81,5,2,3,,27,105,49,3,1,52,6,,6,8,,613,80,"1,046",1,2,274,178,70,25,1,,"1,674",35,,120,59,,506,30,924,278,171,,257,257,,,,,,,2,84,80,4,80
,,Lynnfield,"11,791",61,6,43,12,,,,,1,,,,,,4,3,1,1,,30,2,71,,,22,11,8,3,,,76,1,1,,11,,21,,42,6,1,9,5,5,,,,,,,,,,,2
,,Malden,"60,605",801,190,415,196,1,1,,,3,19,19,,,,,,,7,,285,42,383,,,76,75,1,,,,812,17,1,168,21,,197,4,404,128,75,,58,58,,,,,,,,5,5,,17
,,Manchester-by-the-Sea,"5,222",7,4,1,2,,,,,,,,,,,,,,,,2,,16,,,7,1,4,,,2,24,,,1,2,,11,1,9,,,,2,2,,,,,,,,,,,
,,Marblehead,"20,142",99,23,53,23,,,,,,4,2,,,2,2,,2,1,,43,4,122,2,,32,19,13,,,,208,,,4,26,,67,,111,9,2,5,32,32,,,,,,,1,1,1,,5
,,Marion,"4,976",68,5,27,36,,,,,,2,1,,,1,1,,1,,,21,4,56,2,,23,12,3,8,,,47,,,2,15,,3,,27,2,,2,14,13,1,,,,,,1,,,,
,,Marlborough,"39,241",539,100,304,135,,,,,4,46,13,7,,26,6,,6,4,,114,40,286,5,3,143,68,37,38,,,579,1,3,53,34,,100,,388,41,6,27,46,46,,,,,,,3,,,,14
,,Marshfield,"25,496",167,33,110,24,,,,,,10,4,5,,1,1,,1,,,56,5,163,2,,42,21,9,12,,,267,1,,21,39,,58,,148,15,1,5,33,33,,,,,,,1,,,,9
,,Mashpee,"14,123",171,36,92,43,,,,,,5,4,1,,,6,1,5,3,,60,9,132,1,,38,28,8,2,,,245,1,1,29,43,,28,,143,8,7,9,55,55,,,,,,,,,,,8
,,Mattapoisett,"6,133",29,5,13,11,,,,,,1,1,,,,,,,,,32,7,45,,,8,4,4,,,,81,,,,17,,9,,55,2,1,3,21,21,,,,,,,,,,,2
,,Maynard,"10,303",93,20,45,28,,,,,1,4,3,1,,,4,,4,,,13,7,40,1,1,24,5,8,11,,,147,,1,3,19,,55,,69,7,1,5,31,31,,,,,,,,,,,5
,,Medfield,"12,216",38,13,15,10,,,,,,2,2,,,,1,,1,,,13,2,35,1,,34,12,14,8,,,59,,,,9,,7,1,42,,1,2,18,18,,,,,,,,,,,4
,,Medway,"12,956",37,9,26,2,2,2,,,1,2,1,1,,,1,,1,,,24,,55,,,7,,6,1,,,94,,,1,30,,12,,51,1,,,1,1,,,,,,,,,,,
,,Melrose,"27,506",161,31,89,41,,,,,1,1,1,,,,,,,5,,83,5,155,2,,37,26,2,9,,,220,3,,12,39,,63,2,101,17,6,4,15,15,,,,,,,,,,,
,,Mendon,"5,913",35,3,21,11,,,,,,3,2,,,1,2,,2,1,,15,4,27,1,,2,1,,1,,,27,,,,6,,,,21,4,,2,47,47,,,,,,,,,,,4
,,Merrimac,"6,446",37,6,19,12,,,,,,1,1,,,,,,,,,19,,21,1,,12,5,,6,,1,37,,,1,9,,,,27,2,,2,9,9,,,,,,,,1,1,,1
,,Methuen,"48,051",280,63,151,66,,,,,,2,1,,,1,,,,1,,142,23,273,,,161,66,66,26,,3,662,1,1,169,2,,175,19,295,70,14,4,90,69,21,,,,,,,,,,1
,,Middleboro,"23,448",230,65,137,28,,,,,3,6,2,1,,3,2,,2,4,,143,9,169,2,,57,38,9,9,,1,377,4,3,21,61,,57,2,229,22,7,36,50,50,,,,,,,,,,,6
,,Middleton,"9,130",17,14,,3,,,,,,,,,,,,,,1,,3,1,44,,,5,,5,,,,77,,,4,3,,,,70,2,,,4,4,,,,,,,,,,,
,,Milford,"28,346",271,56,169,46,1,1,,,2,16,8,6,,2,9,1,8,,1,95,9,206,9,,70,45,8,17,,,440,4,2,60,74,,46,,254,22,14,17,55,53,2,,,,,,2,2,2,,13
,,Millbury,"13,425",130,32,90,8,,,,,,13,6,3,,4,4,,4,1,,55,7,68,3,,48,28,14,6,,,256,1,,90,18,,23,,124,11,2,6,24,24,,,,,,,5,,,,3
,,Millville,"3,228",17,1,8,8,,,,,,,,,,,2,,2,,,15,1,20,,,10,2,5,2,,1,29,,,,3,,11,,15,1,,2,9,9,,,,,,,,,,,1
,,Monson,"8,641",88,17,55,16,,,,,,4,3,,,1,1,,1,2,,69,3,86,2,,22,9,5,8,,,76,,1,8,18,,,,49,7,,6,25,25,,,,,,,1,,,,3
,,Montague,"8,540",139,30,86,23,,,,,2,9,7,2,,,9,,9,2,,83,6,102,3,,27,16,3,8,,,130,,,10,28,,2,,90,7,1,4,21,21,,,,,,,1,,,,
,,Monterey,965,9,4,1,4,,,,,,,,,,,,,,,,2,,,,,,,,,,,2,,,,,,,,2,,,,,,,,,,,,,,,,1
,,Nahant,"3,467",23,6,9,8,,,,,,,,,,,,,,1,,9,1,26,,,10,4,2,4,,,26,,,,3,,1,1,21,,,2,1,1,,,,,,,,,,,
,,Nantucket,"10,232",41,12,28,1,,,,,,4,2,,,2,4,1,3,,,37,1,134,,,45,20,14,6,1,4,288,,,3,60,,34,,191,10,1,,26,22,4,,,,,,,,,,1
,,Natick,"33,646",252,52,149,51,,,,,2,9,4,,,5,,,,2,,85,34,249,2,,93,39,28,26,,,772,,13,91,172,,208,1,287,27,7,33,26,26,,,,,,,,,,,11
,,Needham,"29,342",38,2,27,9,,,,,,,,,,,,,,,,48,2,48,,,77,9,32,34,,2,220,1,,10,72,,62,8,67,8,,7,9,9,,,,,,,,3,1,2,2
,,New Bedford,"96,031","3,692",705,"1,868","1,119",2,2,,,18,139,56,22,1,60,7,1,6,29,,945,89,"1,676",25,4,406,240,37,129,,,"2,044",16,19,213,216,4,443,177,956,314,273,80,488,487,1,,,,,,13,15,15,,108
,,Newburyport,"17,708",121,18,76,27,,,,,,2,1,1,,,4,,4,1,,35,14,67,3,,47,24,10,13,,,199,,3,19,41,,40,7,89,12,2,9,42,42,,,,,,,,,,,2
,,Newton,"86,710",273,54,153,66,,,,,1,11,5,,,6,,,,2,,186,16,244,11,,111,64,46,1,,,699,1,1,65,201,,235,28,168,18,17,20,28,28,,,,,,,2,,,,11
,,Norfolk,"11,390",10,,10,,,,,,,,,,,,,,,1,,19,1,9,,,3,,3,,,,34,,,2,16,,5,2,9,3,1,,11,11,,,,,,,,,,,
,,North Adams,"13,753",471,86,361,24,,,,,2,13,5,5,,3,9,,9,2,,186,17,316,2,1,57,37,3,17,,,404,1,6,87,66,,,,244,19,6,25,35,35,,,,,,,1,,,,7
,,Northampton,"28,755",517,94,358,65,,,,,6,41,9,13,,19,2,,2,5,,138,39,295,4,,128,50,16,62,,,713,4,3,111,290,1,85,33,186,25,16,15,136,136,,,,,,,3,,,,14
,,North Attleboro,"29,001",57,,56,1,,,,,,1,,,,1,,,,,,26,6,7,13,,21,,21,,,,407,2,1,194,3,,82,,125,5,,,2,2,,,,,,,,,,,
,,Northborough,"14,329",49,15,34,,1,1,,,,,,,,,,,,,,36,,34,,,,,,,,,142,,,60,35,,13,1,33,2,,,18,18,,,,,,,1,9,9,,
,,Northbridge,"15,901",109,25,71,13,,,,,1,13,5,2,,6,17,,17,2,,112,7,151,3,1,41,24,4,13,,,364,2,3,72,31,,52,,204,15,2,4,35,35,,,,,,,5,1,1,,5
,,North Brookfield,"4,737",32,16,10,6,,,,,,1,,1,,,,,,,,28,1,16,1,,7,4,2,1,,,14,,,2,3,,,,9,4,,2,14,14,,,,,,,,,,,1
,,North Reading,"15,182",54,9,29,16,,,,,,2,1,1,,,,,,,,40,3,62,3,,39,23,6,10,,,101,2,2,20,14,,11,,52,6,5,6,32,32,,,,,,,,,,,
,,Norton,"19,222",8,7,1,,,,,,,1,1,,,,,,,,,70,,65,8,,12,,12,,,,55,,,1,4,,3,3,44,4,1,,,,,,,,,,,,,,
,,Norwell,"10,656",40,7,26,7,,,,,,,,,,,,,,,,27,5,34,,1,18,5,4,9,,,77,,,9,8,,2,,58,4,2,1,5,5,,,,,,,,,,,2
,,Norwood,"29,057",276,16,206,54,,,,,,11,5,,,6,2,,2,3,,83,18,304,10,1,124,51,51,22,,,395,,,78,132,,87,41,57,37,7,9,112,112,,1,,1,,,3,,,,6
,,Oak Bluffs,"4,631",88,12,68,8,,,,,1,,,,,,1,,1,,,23,3,47,,1,6,6,,,,,125,1,,19,5,,,,100,8,2,,17,17,,,,,,,1,,,,3
,,Oakham,"1,926",11,1,2,8,,,,,,,,,,,1,,1,,,11,,5,,,9,7,,1,,1,9,,,,2,,,,7,1,,,2,2,,,,,,,,,,,
,,Orleans,"5,939",54,17,32,5,,,,,,1,,1,,,,,,,,38,8,56,,,19,14,4,1,,,141,2,5,13,8,,,,113,2,,10,17,17,,,,,,,1,,,,5
,,Oxford,"13,880",128,32,69,27,1,1,,,1,8,4,,,4,,,,3,,44,7,104,,,116,99,10,7,,,176,,1,55,6,,5,2,107,11,11,5,18,18,,,,,,,3,1,1,,5
,,Palmer,"12,257",238,40,162,36,,,,,2,10,4,1,,5,2,,2,3,,116,10,98,1,1,29,12,7,10,,,135,,,10,13,,20,4,88,18,3,10,45,44,1,,,,,,,,,,10
,,Paxton,"4,864",17,2,13,2,,,,,,1,1,,,,,,,,,16,2,17,,,6,1,4,,,1,20,,,,1,,2,,17,1,,1,5,5,,,,,,,,,,,
,,Peabody,"52,113",467,99,285,83,,,,,,21,11,1,,9,3,,3,3,,156,26,594,3,,206,88,43,75,,,929,4,2,186,28,,143,1,565,56,12,40,71,70,1,4,,4,,,2,1,,1,10
,,Pepperell,"11,719",142,14,82,46,,,,,,2,1,1,,,5,,5,,,50,4,135,,,39,23,8,8,,,137,,,5,23,,60,1,48,7,3,6,8,8,,1,,1,,,,,,,
,,Pittsfield,"44,868",896,119,675,102,,,,,2,61,35,8,,18,22,5,17,5,,378,59,437,11,,115,73,9,33,,,781,19,18,132,121,,115,3,373,45,38,40,73,73,,1,,1,,,7,,,,37
,,Plainville,"8,396",41,6,29,6,,,,,,2,2,,,,1,,1,,,26,6,41,2,,16,1,15,,,,125,,,32,21,,25,4,43,4,3,4,10,10,,,,,,,,,,,
,,Plympton,"2,862",21,2,10,9,,,,,,2,,1,,1,,,,2,,34,3,31,1,,6,4,1,1,,,48,,,,5,,15,,28,1,,1,3,3,,,,,,,,1,1,,
,,Princeton,"3,454",14,1,6,7,,,,,,,,,,,,,,,,28,,36,,,2,1,,1,,,20,,,,5,,6,,9,1,,,,,,,,,,,,,,,
,,Provincetown,"2,966",93,27,58,8,,,,,3,3,1,2,,,2,,2,,,13,2,34,1,,18,14,2,2,,,106,2,2,13,28,,2,,59,,,2,7,7,,,,,,,,,,,2
,,Quincy,"93,736",795,288,371,136,3,,3,,7,51,32,,,19,1,,1,13,,499,67,297,5,,233,79,66,80,,8,"1,073",29,,105,134,,284,33,488,119,84,1,201,201,,2,,2,,,3,1,1,,27
,,Randolph,"32,624",356,98,201,57,1,1,,,2,15,8,1,,6,1,,1,4,,152,21,232,,1,41,9,28,1,,3,380,,1,69,25,,70,11,204,25,18,,117,84,33,,,,,,,,,,13
,,Raynham,"13,518",93,13,70,10,,,,,,2,2,,,,,,,,,48,32,48,,1,41,29,7,5,,,316,5,,72,4,,29,1,205,19,5,,30,30,,,,,,,1,,,,3
,,Reading,"25,223",41,4,23,14,,,,,1,,,,,,,,,,,44,3,87,1,,71,28,36,,,7,140,,1,18,63,2,33,4,19,9,6,,11,8,3,,,,,,1,,,,1
,,Rehoboth,"11,724",77,13,45,19,,,,,,1,1,,,,2,,2,1,1,46,3,133,1,1,23,12,3,8,,,157,,,5,19,,36,,97,5,,4,15,15,,,,,,,1,,,,4
,,Revere,"52,926",745,187,363,195,1,1,,,13,25,12,8,,5,10,,10,2,,207,28,639,7,,191,64,64,63,,,887,10,21,164,98,,144,20,430,174,73,20,90,85,5,,,,,,3,3,1,2,32
,,Rochester,"5,308",38,5,22,11,,,,,,,,,,,,,,,,23,1,37,,,10,7,1,2,,,43,,1,2,13,,5,,22,2,1,4,5,5,,,,,,,1,,,,2
,,Rockport,"7,068",23,3,17,3,,,,,,,,,,,3,,3,,,2,1,6,,,2,2,,,,,13,1,,,6,,,,6,1,,1,4,4,,,,,,,,,,,1
,,Rowley,"5,955",26,4,17,5,,,,,,,,,,,,,,,,7,1,7,,1,1,1,,,,,9,,,2,1,,,,6,1,,,2,2,,,,,,,1,,,,5
,,Rutland,"8,073",66,13,37,16,,,,,,6,6,,,,8,,8,,,33,4,52,3,1,21,8,7,6,,,29,,,,1,,1,,27,2,,3,20,20,,,,,,,4,1,1,,2
,,Salisbury,"8,422",210,30,111,69,,,,,,8,5,3,,,4,,4,,,48,5,96,6,,41,30,7,4,,,181,2,2,16,34,,27,,100,12,1,6,39,38,1,,,,,,1,4,3,1,6
,,Sandwich,"20,848",151,31,85,35,,,,,,8,5,2,,1,4,1,3,1,,116,9,146,3,,32,24,,8,,,208,1,,15,56,,39,,97,8,3,11,47,47,,,,,,,1,,,,6
,,Saugus,"27,075",197,58,110,29,2,2,,,1,7,5,,,2,3,,3,1,,114,22,314,4,2,197,82,53,62,,,735,6,2,214,36,,106,1,370,41,25,18,54,54,,,,,,,3,3,2,1,9
,,Scituate,"18,395",106,20,52,34,,,,,,2,2,,,,1,,1,6,,34,5,137,,1,38,15,7,16,,,182,2,2,18,42,,44,,74,5,1,7,26,25,1,,,,,,3,,,,6
,,Seekonk,"13,862",90,24,42,24,,,,,,5,4,1,,,7,1,6,3,,54,13,126,1,1,47,18,20,9,,,343,1,2,67,18,,9,1,245,21,6,14,21,21,,,,,,,3,2,2,,6
,,Sharon,"17,892",16,13,2,1,,,,,,1,,,1,,,,,,,43,1,57,,,5,,4,,,1,70,,,1,2,,19,3,45,3,2,1,18,12,6,,,,,,,,,,
,,Shelburne,"1,915",8,1,5,2,,,,,,,,,,,,,,,,6,,5,,,2,2,,,,,11,,,1,4,,,,6,,,1,,,,,,,,,,,,,
,,Sherborn,"4,199",19,2,15,2,,,,,,,,,,,,,,,,9,1,22,,,6,4,,2,,,21,,,,3,,3,,15,1,,1,6,6,,,,,,,,,,,
,,Shirley,"7,337",44,15,26,3,,,,,2,3,3,,,,1,,1,1,,23,1,24,1,,4,1,1,2,,,18,,,,3,,3,,12,1,,2,10,10,,,,,,,,,,,3
,,Shrewsbury,"36,048",87,3,84,,1,1,,,,,,,,,,,,1,,75,1,52,1,,6,1,5,,,,186,1,,36,24,,24,,101,13,2,,11,10,1,,,,,,,,,,
,,Somerset,"18,349",226,28,131,67,,,,,,3,1,,,2,5,,5,2,,69,12,121,7,,62,35,5,22,,,249,1,,22,63,,41,,122,14,6,8,31,31,,,,,,,4,,,,9
,,Somerville,"77,200",486,167,243,76,,,,,6,61,23,2,,36,12,1,11,3,,349,17,397,2,,128,127,1,,,,"1,270",18,,54,68,,470,1,659,133,84,,90,90,,1,,1,,,3,9,9,,50
,,Southampton,"5,832",22,2,17,3,,,,,,1,1,,,,1,,1,,,16,5,41,1,,4,2,1,,,1,62,1,,16,9,,13,,23,2,,3,11,11,,,,,,,1,,,,2
,,Southborough,"9,887",6,3,,3,,,,,,,,,,,1,,1,,,32,,9,,,13,,7,1,,5,37,,,,13,,10,,14,,,1,,,,,,,,,,,,,1
,,Southbridge,"16,924",239,51,157,31,,,,,3,12,2,2,,8,18,2,16,5,,181,18,212,2,,40,17,4,19,,,241,3,3,18,46,,,,171,12,13,9,50,50,,,,,,,1,,,,12
,,South Hadley,"17,642",197,30,113,54,1,1,,,1,12,10,1,,1,10,4,6,2,,91,12,163,3,,54,23,11,20,,,303,,1,38,29,,80,,155,11,2,8,38,38,,,,,,,2,,,,5
,,Southwick,"9,594",118,14,78,26,,,,,,1,1,,,,,,,,,56,4,134,2,1,23,12,3,8,,,88,1,1,4,7,,1,,74,9,,2,10,10,,,,,,,1,,,,2
,,Spencer,"11,832",93,19,67,7,1,1,,,,5,3,,,2,1,,1,2,,49,1,80,1,,32,4,24,2,,2,169,,2,16,31,2,13,2,103,6,,,36,25,11,,,,,,1,,,,1
,,Springfield,"154,518","6,691","1,040","3,785","1,866",11,11,,,82,200,39,69,,92,12,,12,68,2,"2,346",151,"2,617",28,6,772,273,37,462,,,"4,978",19,21,204,438,,"1,017",28,"3,251",779,545,100,582,581,1,1,,1,,,10,91,90,1,278
,,Sterling,"7,904",53,14,25,14,,,,,,2,,,,2,1,,1,1,,31,4,55,,,13,4,3,6,,,60,,1,1,16,,10,,32,2,,2,7,7,,,,,,,1,,,,1
,,Stockbridge,"1,953",12,5,2,5,,,,,,1,1,,,,,,,,,23,,13,,,4,3,,1,,,30,,,1,8,,,,21,2,,1,1,1,,,,,,,,,,,1
,,Stoneham,"21,852",50,19,12,19,,,,,2,2,1,1,,,,,,,,111,18,83,,,13,12,,1,,,158,7,,18,7,,1,,125,10,9,,21,21,,,,,,,,,,,6
,,Stoughton,"27,392",364,71,181,112,,,,,1,17,2,3,6,6,5,,5,4,,101,24,241,6,1,72,49,22,1,,,513,5,3,84,71,,118,2,230,45,16,19,71,70,1,,,,,,,,,,17
,,Stow,"6,717",18,2,13,3,,,,,,,,,,,1,1,,,,26,3,29,9,,13,4,4,5,,,33,,,,9,,1,,23,4,,3,7,7,,,,,,,1,,,,1
,,Sturbridge,"9,383",159,25,94,40,,,,,1,6,1,4,,1,5,1,4,,,30,12,97,,,27,21,2,4,,,159,,1,16,23,,16,,103,10,3,4,58,58,,,,,,,4,,,,8
,,Sudbury,"18,002",24,1,21,2,,,,,,,,,,,,,,,,24,,14,1,,8,1,6,,,1,50,,,,17,,14,,19,1,,,5,5,,,,,,,,1,1,,
,,Sutton,"9,075",56,8,36,12,,,,,,3,1,1,,1,1,,1,,,53,9,45,,,21,8,5,8,,,56,,,1,27,,,,28,9,1,11,26,26,,,,,,,,,,,4
,,Swansea,"16,025",198,29,108,61,,,,,3,7,7,,,,4,1,3,3,,90,9,119,,,66,38,14,14,,,297,1,3,64,53,,32,2,142,19,6,11,33,29,4,,,,,,2,,,,5
,,Taunton,"56,438",575,192,342,41,2,,2,,16,18,18,,,,6,,6,2,,380,30,195,,1,59,55,4,,,,499,9,,84,47,,13,3,343,33,63,,122,122,,,,,,,5,6,6,,32
,,Templeton,"8,111",50,9,36,5,,,,,,1,1,,,,3,,3,,,29,4,61,,,6,4,1,1,,,43,2,,,16,,5,,20,5,1,3,19,19,,,,,,,2,,,,4
,,Tewksbury,"29,518",311,75,179,57,,,,,5,22,18,,,4,2,,2,1,,105,18,195,1,2,104,58,29,17,,,469,2,1,76,59,,97,1,233,32,9,25,63,63,,,,,,,4,8,7,1,12
,,Tisbury,"4,040",44,6,30,8,,,,,,,,,,,2,,2,2,,12,3,34,,,7,7,,,,,94,1,,14,7,,2,,70,11,1,,13,13,,,,,,,2,,,,1
,,Truro,"2,020",33,4,21,8,,,,,1,1,,1,,,1,,1,,,10,4,19,,,7,4,2,1,,,32,,1,,7,,4,,20,1,,1,7,7,,,,,,,,,,,2
,,Upton,"7,636",32,6,19,7,,,,,,3,2,,1,,1,,1,,,21,1,46,,,21,11,4,6,,,61,,,3,12,,8,,38,1,,1,8,8,,,,,,,,,,,
,,Uxbridge,"13,623",91,14,56,21,,,,,,6,4,,,2,2,,2,1,,52,4,71,,,27,16,9,2,,,97,,,12,79,,,1,5,9,1,5,30,30,,,,,,,,,,,7
,,Wakefield,"25,415",140,56,58,26,,,,,1,6,3,1,,2,6,1,5,,,72,12,152,1,,98,43,32,23,,,258,,1,6,63,,46,,142,16,8,4,86,86,,,,,,,2,3,2,1,5
,,Wales,"1,855",2,1,1,,,,,,,,,,,,1,,1,,,,,6,,,4,4,,,,,5,,,,1,,,,4,,,,3,3,,,,,,,,,,,
,,Walpole,"24,450",134,6,14,114,,,,,,7,6,,,1,,,,,,37,11,110,,,55,19,36,,,,326,,,108,1,,,,217,11,1,1,27,27,,,,,,,,,,,1
,,Waltham,"61,725",612,112,416,84,,,,,4,13,12,1,,,4,,4,1,,192,25,325,1,,80,76,4,,,,647,11,,69,9,,133,1,424,50,24,,71,71,,,,,,,1,,,,18
,,Ware,"9,942",160,36,117,7,,,,,1,3,3,,,,1,,1,6,,47,10,72,,,16,6,2,8,,,158,2,2,38,35,,2,,79,3,2,9,49,49,,,,,,,,,,,3
,,Wareham,"22,136",430,111,246,73,1,1,,,5,24,15,6,,3,12,,12,6,,243,30,334,7,,101,75,14,12,,,648,6,15,103,132,,32,2,358,23,27,61,94,93,1,,,,,,1,2,2,,21
,,Watertown,"32,535",237,47,134,56,,,,,1,8,3,,,5,1,,1,,,66,13,148,2,,87,40,26,21,,,456,7,3,92,89,,86,17,162,20,6,6,28,28,,,,,,,,1,1,,4
,,Wayland,"13,248",8,7,,1,,,,,,,,,,,,,,,,17,2,6,,,,,,,,,29,,,2,,1,26,,,5,1,,9,9,,,,,,,,,,,1
,,Webster,"16,974",313,83,200,30,,,,,1,13,6,2,,5,3,,3,4,,113,16,202,10,,92,50,12,30,,,463,6,4,135,111,,58,,149,26,23,19,39,39,,,,,,,3,,,,19
,,Wellesley,"28,402",55,10,32,13,,,,,1,7,1,2,,4,,,,,,46,18,80,,,61,16,14,31,,,182,,2,20,28,,22,,110,5,1,8,34,34,,,,,,,,,,,2
,,Wellfleet,"2,772",26,5,14,7,,,,,,,,,,,,,,1,,19,4,27,1,,2,1,,1,,,32,,,1,9,,2,,20,2,1,,2,2,,,,,,,,,,,2
,,Wenham,"4,948",22,3,10,9,,,,,,,,,,,1,,1,,,4,2,14,,,6,4,,1,,1,27,,,,5,,4,,18,2,,2,8,8,,,,,,,,,,,1
,,Westborough,"18,496",79,10,40,29,,,,,,7,5,1,,1,,,,1,,43,15,92,1,,65,30,17,18,,,159,,,21,16,,11,3,108,10,3,9,20,20,,,,,,,,2,2,,2
,,West Boylston,"7,759",31,5,13,13,,,,,,6,,,3,3,,,,1,,25,,44,1,,21,3,15,2,,1,76,1,,30,3,,8,1,33,1,1,,18,10,8,,,,,,,,,,
,,West Bridgewater,"7,016",55,7,38,10,,,,,,3,,3,,,,,,1,,32,8,50,,,37,30,2,5,,,112,1,1,10,10,,27,,63,8,2,3,21,21,,,,,,,,,,,4
,,Westfield,"41,485",404,54,257,93,,,,,1,12,8,2,,2,,,,2,,203,28,240,2,,166,103,22,39,,2,563,1,5,55,206,,124,29,143,19,14,28,70,67,3,,,,,,4,,,,10
,,Westford,"22,378",58,8,31,19,,,,,,2,2,,,,1,1,,1,1,32,5,103,1,,40,23,6,11,,,123,2,1,4,21,,16,,79,7,1,7,47,47,,,,,,,1,,,,4
,,Westminster,"7,367",40,8,28,4,,,,,,1,,,,1,4,,4,,,16,7,39,,,17,6,4,7,,,125,,1,5,12,,1,2,104,,2,2,9,9,,,,,,,1,,,,2
,,West Newbury,"4,306",27,11,8,8,,,,,,,,,,,,,,1,,5,2,8,,,11,4,3,4,,,19,,,,6,,2,,11,1,,1,10,10,,,,,,,,,,,3
,,Weston,"11,472",12,1,2,9,,,,,,1,,,,1,2,,2,,,15,4,16,,,12,5,4,3,,,34,,,,8,,1,,25,2,,2,10,10,,,,,,,2,,,,1
,,Westport,"15,688",90,16,44,30,1,1,,,,2,2,,,,8,2,6,,,130,6,99,3,,20,13,,7,,,128,,,3,21,,1,,103,14,1,18,29,29,,,,,,,6,,,,5
,,West Springfield,"28,663",470,114,292,64,,,,,5,26,16,3,,7,6,,6,7,,270,29,384,7,1,132,72,15,44,,1,"1,102",14,11,252,125,,161,6,533,109,33,40,172,172,,,,,,,6,6,4,2,9
,,West Tisbury,"2,803",29,2,21,6,,,,,,,,,,,,,,,,4,,9,,,7,7,,,,,13,,,,1,,,,12,,,,2,2,,,,,,,,,,,1
,,Westwood,"14,852",89,20,51,18,,,,,3,11,5,1,,5,,,,,1,36,10,59,1,,52,21,10,20,,1,99,1,,6,20,,16,1,55,5,2,2,19,19,,1,,1,,,,,,,1
,,Weymouth,"54,597",495,141,310,44,,,,,2,27,10,8,,9,2,,2,9,,211,33,396,10,,101,52,14,34,,1,602,6,13,89,121,,126,4,243,45,42,42,175,174,1,,,,,,2,2,,2,11
,,Whately,"1,514",2,,2,,,,,,,,,,,,,,,,,5,,9,,,3,1,1,1,,,20,,,,3,,2,,15,,,,,,,,,,,,,,,,2
,,Whitman,"14,699",172,34,115,23,,,,,,5,2,2,,1,1,,1,,,33,9,119,,,23,19,4,,,,161,,2,13,24,,28,,94,11,7,8,51,51,,,,,,,,,,,5
,,Wilbraham,"14,356",97,19,37,41,,,,,1,8,2,,,6,5,,5,2,,70,7,91,8,,32,13,6,13,,,195,1,1,22,39,,37,,95,23,4,6,50,50,,,,,,,,,,,2
,,Williamsburg,"2,499",9,2,4,3,,,,,,,,,,,1,,1,,,11,2,12,1,,11,6,2,3,,,20,,,2,1,,,,17,1,,,19,19,,,,,,,,,,,
,,Wilmington,"22,758",124,23,67,34,,,,,,3,2,,,1,1,,1,3,,58,3,159,4,,47,23,16,8,,,219,,1,23,36,,8,,151,4,3,10,32,30,2,,,,,,3,,,,8
,,Winchendon,"10,427",173,29,110,34,,,,,,8,4,1,,3,11,3,8,,,24,10,128,,,36,17,5,14,,,268,,,10,94,,39,1,124,11,1,8,27,27,,,,,,,4,,,,7
,,Winchester,"21,786",18,8,9,1,,,,,,2,1,,,1,,,,1,,40,,48,,,,,,,,,154,,,2,26,,40,4,82,8,3,,21,21,,,,,,,,,,,
,,Winthrop,"17,895",141,31,79,31,,,,,,3,2,,,1,2,,2,2,,42,4,94,1,,17,9,3,5,,,132,3,3,15,39,,7,1,64,19,6,9,26,26,,,,,,,,,,,2
,,Woburn,"38,863",292,75,198,19,,,,,1,5,5,,,,8,,8,,,105,22,341,3,,139,47,58,34,,,586,4,4,98,86,,89,5,300,21,19,18,63,63,,1,,,1,,4,15,15,,7
,,Worcester,"183,247","3,660","1,300","1,837",523,8,8,,,42,72,33,4,,35,4,,4,6,,"2,087",134,"2,074",41,3,747,107,399,235,,6,"4,111",,1,668,24,1,"1,197",528,"1,692",478,419,80,510,510,,,,,,,5,63,63,,149
,,Wrentham,"11,125",7,5,,2,,,,,,,,,,,,,,,,8,,11,,,,,,,,,71,,,14,,,,,57,5,1,3,16,16,,,,,,,1,,,,
,,Yarmouth,"23,991",466,136,255,75,,,,,2,13,6,3,,4,16,,16,7,,289,15,388,10,,121,51,29,41,,,506,8,4,35,88,,89,,282,19,6,10,113,113,,1,,1,,,1,1,1,,17
,Universities and Colleges,Boston University,"32,439",76,10,35,31,,,,,1,12,4,,,8,,,,1,,44,2,64,,,15,13,,2,,,310,1,,8,44,1,16,,240,1,7,,49,48,1,,,,,,,,,,4
,,Bridgewater State University,"11,294",34,4,10,20,,,,,,,,,,,,,,,,5,3,27,1,,3,2,,1,,,55,1,,,33,,2,2,17,,,2,6,6,,,,,,,,,,,4
,,Massachusetts College of Liberal Arts,"1,886",11,4,6,1,,,,,,1,,,,1,,,,,,12,,26,,,1,1,,,,,23,,,1,2,,1,,19,,,,14,12,2,,,,,,,,,,1
,,Massachusetts Institute of Technology,"10,894",22,5,12,5,,,,,,1,1,,,,,,,,,10,1,31,,,12,12,,,,,364,,,1,99,,7,2,255,1,,,,,,,,,,,,,,,2
,,Mount Holyoke College,"2,362",4,,4,,,,,,,,,,,,,,,,,19,,21,1,,5,4,,1,,,102,,,,31,,,,71,,,2,7,5,2,,,,,,,,,,1
,,Smith College,"3,162",4,,,4,,,,,,1,,,,1,,,,,,7,,23,,,,,,,,,69,,1,,18,,,,50,,,,4,4,,,,,,,,,,,
,,"Tufts University, Worcester3",,2,,1,1,,,,,,1,,,,1,,,,,,4,1,,,,,,,,,,17,,,,11,,,,6,,1,,,,,,,,,,,,,,
,,"University of Massachusetts, Amherst","28,084",63,7,45,11,,,,,1,9,8,,,1,,,,,,49,4,140,,,18,14,3,1,,,291,1,1,2,60,,11,,216,2,,3,30,29,1,,,,,,,,,,4
,,Westfield State University,"6,092",36,1,29,6,,,,,,7,7,,,,,,,2,,8,2,50,2,,4,4,,,,,35,,,,11,,1,,23,,,,41,41,,,,,,,,,,,1
,,Worcester Polytechnic Institute,"5,778",4,1,2,1,,,,,,,,,,,,,,,,2,,26,,,,,,,,,41,,,,10,,1,,30,,1,1,1,,1,,,,,,,,,,
,Other Agencies,"Division of Law Enforcement, Environmental Police",,10,7,1,2,1,,1,,,,,,,,,,,1,,2,1,11,,,,,,,,,9,,,,2,,,,7,2,,7,11,11,,,,,,,,,,,8
MICHIGAN,Cities,Allegan,"4,994",114,9,94,11,,,,,1,16,6,1,,9,,,,,,17,3,34,2,,6,1,5,,,,122,2,1,12,6,,50,,51,3,,5,25,25,,,,,,,,,,,4
,,Allen Park,"27,941",133,23,107,3,2,2,,,1,12,4,1,2,5,,,,1,,139,3,105,15,,106,17,58,26,2,3,504,2,4,161,40,2,154,21,120,74,16,9,158,138,20,,,,,,2,,,,13
,,Alma,"9,319",126,11,103,12,,,,,,24,8,7,2,7,,,,2,,32,4,64,4,,33,17,9,4,1,2,176,,,17,37,1,27,1,93,4,1,3,47,45,2,,,,,,,,,,2
,,Almont,"2,669",27,3,16,8,,,,,,3,1,1,,1,,,,,,17,,31,,,10,3,2,5,,,37,,,,6,,12,1,18,5,,,20,20,,,,,,,,,,,2
,,Ann Arbor,"115,008",869,141,535,193,1,1,,,6,76,36,5,3,32,,,,23,,716,37,682,39,1,308,174,68,61,,5,"1,915",11,4,356,330,2,424,62,726,118,50,32,242,229,13,,,,,,2,20,15,5,16
,,Argentine Township,"6,857",11,1,7,3,,,,,,,,,,,,,,,,18,,10,,,1,,,1,,,12,,,,1,,2,1,8,1,,,10,8,2,,,,,,,,,,2
,,Armada,"1,734",4,,4,,,,,,,,,,,,,,,,,1,2,12,,,3,,3,,,,5,,,,3,,2,,,2,,,8,8,,,,,,,1,,,,1
,,Auburn Hills,"21,559",394,24,270,100,,,,,2,22,8,5,,9,,,,2,,90,20,125,32,,155,37,66,49,,3,709,,,257,172,2,113,61,104,29,13,21,220,151,69,,,,,,,2,2,,24
,,Augusta,892,1,,1,,,,,,,,,,,,,,,,,,,1,,,,,,,,,5,,,,,,4,,1,1,,,,,,,,,,,,,,,1
,,Bad Axe,"3,092",55,3,35,17,,,,,,5,5,,,,,,,,,7,3,50,4,,63,56,2,5,,,120,,,49,6,,9,,56,2,,6,46,41,5,,,,,,2,,,,2
,,Bancroft,538,2,,2,,,,,,,,,,,,,,,,,1,,2,,,1,1,,,,,2,,,,,,,,2,,,,,,,,,,,,,,,,
,,Bangor,"1,882",75,9,64,2,,,,,,5,1,3,1,,,,,3,,5,,32,1,,5,,4,1,,,70,,,19,9,,7,2,33,4,,1,31,30,1,,,,,,,,,,1
,,Baroda-Lake Township,"3,851",20,3,17,,,,,,,1,1,,,,,,,,,6,2,28,2,,7,3,4,,,,45,,,,4,,18,1,22,2,,2,60,60,,,,,,,,,,,7
,,Barry Township,"3,360",12,2,7,3,,,,,,2,,,,2,,,,,,7,,6,,,3,,2,,,1,14,,,2,2,,1,,9,,,,10,6,4,,,,,,,,,,1
,,Bath Township,"11,621",55,17,37,1,2,1,1,,1,1,1,,,,,,,7,,28,,25,,,18,1,10,5,,2,67,2,,5,17,,15,1,27,8,3,3,30,30,,,,,,,,,,,3
,,Bay City,"34,742",683,144,462,77,1,1,,,9,103,43,18,5,37,1,,1,10,,202,14,500,10,3,83,33,34,13,1,2,577,,2,25,52,1,154,11,332,38,29,16,204,202,2,,,,,,4,,,,40
,,Beaverton,"1,078",4,2,2,,,,,,,8,,1,,7,,,,,,8,1,11,,,3,3,,,,,12,,,1,2,,7,,2,,,1,21,13,8,,,,,,1,,,,3
,,Belding,"5,768",100,7,88,5,,,,,,12,4,,3,5,,,,3,,14,,54,,,13,5,6,2,,,124,,2,6,15,,9,,92,3,1,,21,20,1,,,,,,,1,1,,4
,,Bellaire,"1,076",4,,4,,,,,,,,,,,,,,,,,1,,,,,,,,,,,12,,1,1,4,,2,,4,,,,3,3,,,,,,,,,,,
,,Belleville,"3,954",88,9,47,32,,,,,1,4,,2,,2,,,,2,,32,6,39,,,20,11,4,5,,,72,,1,1,4,,7,1,58,3,1,3,77,55,22,,,,,,,,,,11
,,Benton Harbor,"10,054",780,168,511,101,2,1,1,,1,33,14,5,,14,,,,8,,399,6,411,1,1,81,13,15,49,,4,440,9,7,15,103,,69,9,228,29,53,11,104,104,,1,1,,,,1,3,3,,43
,,Berkley,"15,078",75,4,54,17,,,,,,6,2,,,4,,,,1,,25,6,50,2,,48,20,6,22,,,100,,,21,27,,11,6,35,9,3,5,104,64,40,,,,,,,,,,10
,,Berrien Springs-Oronoko,"9,206",70,11,53,6,,,,,2,8,5,1,,2,,,,1,,21,11,61,3,,43,18,19,5,,1,100,,,11,21,,16,8,44,4,,10,51,51,,,,,,,2,,,,8
,,Beverly Hills,"10,341",25,7,9,9,,,,,,,,,,,,,,,,22,1,27,4,,11,5,,6,,,81,,,7,22,,13,3,36,4,1,,23,16,7,,,,,,,,,,5
,,Big Rapids,"10,703",167,20,143,4,,,,,1,14,7,3,1,3,,,,1,,28,4,102,5,1,49,18,19,9,,3,215,1,,12,59,,46,1,96,5,,,31,31,,,,,,,1,1,1,,1
,,Birch Run,"1,547",25,2,18,5,,,,,,,,,,,,,,,,5,3,24,2,,10,6,1,3,,,86,,1,38,6,1,10,14,16,2,1,,20,19,1,,,,,,2,,,,3
,,Birmingham,"20,250",119,12,79,28,,,,,,4,1,,1,2,,,,2,,62,7,84,4,,104,22,35,43,,4,257,,,32,85,5,67,10,58,15,7,3,59,42,17,,,,,,,,,,7
,,Blissfield,"3,326",22,,17,5,,,,,,4,1,,,3,,,,2,,9,,20,2,,11,1,9,,,1,45,,1,2,26,,3,1,12,5,,2,13,6,7,,,,,,,,,,1
,,Bloomfield Hills,"3,895",20,4,14,2,,,,,,3,1,1,1,,,,,,,5,,11,,1,18,8,4,6,,,33,,1,,5,,9,1,17,,,,51,39,12,,,,,,,,,,9
,,Bloomfield Township,"41,367",147,15,74,58,1,1,,,,5,2,2,,1,,,,,,106,8,51,12,1,212,62,15,134,,1,335,1,1,35,23,,81,19,175,15,4,2,114,83,31,,,,,,,,,,4
,,Boyne City,"3,749",50,5,37,8,,,,,,10,4,,,6,,,,,,11,2,34,1,,10,3,2,2,,3,59,,,10,6,,4,,39,,,1,14,14,,,,,,,,,,,1
,,Breckenridge,"1,318",12,,12,,,,,,,,,,,,,,,,,2,1,15,,,6,1,2,1,,2,21,,,,7,,3,1,10,,,,1,1,,,,,,,,,,,
,,Bridgeport Township,"10,465",127,32,88,7,,,,,,13,6,,1,6,,,,1,,64,1,46,3,,21,15,6,,,,66,,,7,27,,11,5,16,9,2,2,39,38,1,,,,,,,,,,8
,,Bridgman,"2,294",24,4,17,3,,,,,,2,1,1,,,,,,3,,3,1,21,,,4,2,2,,,,42,,,1,8,,12,3,18,2,,1,10,10,,,,,,,,,,,4
,,Brighton,"7,480",47,4,31,12,,,,,1,3,,,,3,,,,,,11,6,55,4,,39,16,11,9,,3,144,,1,40,41,,12,9,41,,2,3,51,51,,,,,,,,,,,3
,,Bronson,"2,349",18,,18,,1,1,,,,6,2,,,4,,,,,,6,1,32,,,4,2,,1,,1,37,,,4,11,,2,1,19,,,,6,6,,,,,,,,,,,1
,,Brown City,"1,312",20,1,18,1,,,,,,3,2,,1,,,,,,,4,,26,,,2,,1,1,,,26,,,,1,,8,1,16,1,,,1,1,,,,,,,,,,,
,,Buena Vista Township,"8,635",315,60,165,90,1,1,,,1,21,11,2,1,7,,,,3,,142,6,122,5,,22,9,7,6,,,183,,1,30,10,,19,19,104,14,15,3,36,30,6,,,,,,,,,,9
,,Burr Oak,828,13,5,7,1,,,,,,,,,,,,,,,,,,6,,,4,1,,3,,,25,,,,2,,6,,17,1,,,,,,,,,,,,,,,
,,Burton,"29,758",404,74,302,28,1,1,,,10,50,15,16,,19,2,,2,25,,301,15,185,16,,121,34,49,38,,,"1,067",2,8,559,25,,143,55,275,59,55,15,93,88,5,,,,,,,,,,17
,,Calumet,728,20,1,17,2,,,,,,4,,1,,3,,,,,,6,,12,,,2,2,,,,,20,,1,2,8,,,,9,1,,,,,,,,,,,,,,,
,,Cambridge Township,"5,710",17,1,13,3,,,,,,1,,,,1,,,,,,1,,5,,,1,,,1,,,35,,,,3,,9,,23,,1,1,10,8,2,,,,,,,,,,
,,Capac,"1,874",41,4,21,16,,,,,,1,,,,1,,,,,,5,4,33,,,11,,11,,,,43,,1,,5,,11,,26,3,,1,26,19,7,,,,,,,,,,1
,,Carleton,"2,339",54,6,27,21,,,,,,5,3,,,2,,,,1,,11,1,30,,,10,4,5,1,,,37,,,1,8,,11,1,16,3,1,,1,1,,,,,,,,,,,2
,,Caro,"4,211",120,15,95,10,,,,,,15,3,1,1,10,,,,,,27,,55,2,,16,9,3,4,,,192,,1,65,9,,21,8,88,2,,2,37,29,8,,,,,,,,,,1
,,Carrollton Township,"6,073",97,13,73,11,,,,,,5,2,1,,2,,,,1,,39,,68,,,10,3,4,3,,,74,,,1,3,,13,,57,3,5,1,14,13,1,,,,,,,,,,5
,,Caseville,767,8,2,6,,,,,,,1,1,,,,,,,,,1,,20,,,6,2,2,,,2,33,,1,,1,,2,,29,1,,,2,2,,,,,,,,,,,
,,Cass City,"2,417",48,2,26,20,,,,,,6,2,1,,3,,,,,,2,1,21,1,,2,2,,,,,46,,,2,7,,10,,27,1,,1,3,3,,,,,,,,,,,2
,,Cassopolis,"1,765",19,1,16,2,,,,,,2,1,,,1,,,,1,,12,,9,,,3,1,1,1,,,22,,,3,5,,1,1,12,4,,1,8,8,,,,,,,,,,,2
,,Cedar Springs,"3,546",142,18,111,13,,,,,,15,5,,,10,,,,1,,29,1,24,1,,15,6,3,4,2,,107,,1,22,21,,9,1,53,1,6,,34,25,9,,,,,,,,,,5
,,Center Line,"8,275",138,24,97,17,,,,,1,8,1,,,7,,,,1,,45,3,98,4,,59,44,3,11,,1,183,,2,42,11,1,21,21,85,43,5,2,92,72,20,,,,,,1,,,,6
,,Central Lake,942,5,,4,1,,,,,,1,,,1,,,,,,,2,,3,1,,2,1,1,,,,12,,,1,,,1,,10,,,,,,,,,,,,,,,,
,,Charlevoix,"2,520",40,3,36,1,,,,,,4,2,,,2,,,,,,11,2,25,,,7,2,4,,,1,103,,,8,13,,11,1,70,1,,,10,10,,,,,,,,,,,3
,,Charlotte,"9,106",118,12,93,13,,,,,1,37,19,8,,10,,,,1,,68,9,75,4,,18,11,2,5,,,215,,2,51,47,,34,12,69,9,2,4,27,22,5,,,,,,,,,,7
,,Cheboygan,"4,830",62,1,53,8,,,,,2,13,3,2,,8,2,,2,,,21,1,38,1,,17,10,3,3,,1,158,,,55,41,,20,,42,4,1,1,9,9,,,,,,,2,,,,1
,,Chelsea,"4,995",33,5,23,5,,,,,,2,1,,,1,,,,1,,23,2,7,3,,10,3,5,1,,1,68,,1,4,16,,24,4,19,2,,5,21,16,5,,,,,,2,,,,2
,,Chesaning,"2,382",26,7,9,10,,,,,,1,,1,,,,,,,,5,,10,1,,1,,,,,1,16,,,,,,3,,13,1,,,26,18,8,,,,,,1,,,,2
,,Chesterfield Township,"43,474",407,100,179,128,,,,,1,33,7,5,3,18,1,,1,4,,130,10,324,21,15,188,120,53,7,,8,720,4,1,180,101,4,91,94,245,49,14,11,110,104,6,,,,,,,,,,7
,,Chocolay Township,"5,966",47,,29,18,,,,,,3,2,,,1,,,,,,11,,29,,,15,11,3,1,,,57,,,2,4,,11,,40,2,,,13,13,,,,,,,,,,,
,,Clare,"3,130",61,1,47,13,,,,,2,8,3,2,2,1,,,,,,14,,22,2,,13,7,3,2,,1,71,,,6,4,,17,2,42,1,,,10,10,,,,,,,,1,1,,
,,Clawson,"11,909",73,8,45,20,,,,,,1,1,,,,,,,,,15,1,26,3,,11,9,1,1,,,91,,1,6,16,,21,9,38,10,4,1,43,25,18,,,,,,,,,,1
,,Clayton Township,"7,438",36,4,25,7,,,,,,2,,,,2,,,,,,33,,22,,,18,6,5,7,,,61,,,,2,,13,4,42,2,2,,3,2,1,,,,,,,,,,1
,,Clay Township,"8,994",85,7,72,6,,,,,,2,1,,,1,,,,2,,20,,47,,,16,8,5,,,3,99,,,6,1,,18,5,69,3,1,3,28,22,6,,,,,,,,,,2
,,Clinton,"2,326",15,1,14,,,,,,1,1,,,1,,,,,,,5,1,18,,,3,1,2,,,,19,,,,4,,4,,11,1,,,17,9,8,,,,,,,,,,
,,Clinton Township,"97,001","1,351",195,811,345,,,,,7,69,38,4,,27,,,,8,,482,20,612,33,2,507,444,17,46,,,"1,585",,2,322,62,,566,68,565,183,58,26,190,160,30,,,,,,5,1,,1,40
,,Clio,"2,625",45,7,34,4,,,,,,5,,1,,4,,,,2,,21,2,23,1,,6,1,3,2,,,93,,,,21,2,36,4,30,1,,1,11,9,2,,,,,,,,,,
,,Coleman,"1,250",18,2,12,4,,,,,,3,1,,,2,,,,,,4,1,10,,,1,,,1,,,32,,,,1,,6,1,24,,2,3,11,11,,,,,,,,,,,1
,,Coloma Township,"6,515",116,5,63,48,,,,,1,14,2,4,,8,,,,1,,17,2,41,,,18,9,5,2,2,,74,5,,17,4,,10,1,37,1,,1,22,22,,,,,,,,,,,4
,,Colon,"1,171",13,1,11,1,,,,,,3,1,1,,1,,,,,,2,2,14,,,1,,1,,,,23,,,2,7,,1,,13,,,,7,7,,,,,,,,,,,1
,,Columbia Township,"7,401",82,11,63,8,,,,,,2,,,,2,1,,1,1,,12,2,69,,,26,19,4,3,,,72,,,7,10,,16,3,36,2,2,4,21,15,6,,,,,,,,,,2
,,Constantine,"2,073",43,4,38,1,,,,,1,11,6,2,,3,1,,1,,,9,,38,,,12,6,3,3,,,75,1,,7,8,,22,2,35,3,,1,18,18,,,,,,,,,,,1
,,Corunna,"3,462",33,7,23,3,,,,,,3,,,,3,,,,1,,7,1,24,,,6,1,1,3,,1,39,,,1,9,,11,,18,1,1,,11,9,2,,,,,,,,,,2
,,Covert Township,"2,886",66,13,41,12,,,,,,4,1,,,3,,,,,,43,2,26,1,,10,2,2,6,,,50,,1,2,11,,3,3,30,6,,5,10,10,,,,,,,,,,,10
,,Croswell,"2,420",78,8,48,22,,,,,,7,4,,1,2,,,,1,,13,1,53,1,,18,7,8,3,,,94,3,2,6,14,,19,5,45,2,,1,8,7,1,,,,,,,,,,2
,,Crystal Falls,"1,467",14,1,11,2,,,,,,,,,,,,,,,,3,2,11,,,3,1,,2,,,16,,,,4,,2,1,9,,,,1,1,,,,,,,,,,,1
,,Davison,"5,132",36,4,30,2,,,,,,3,1,,,2,,,,2,,14,1,27,,,15,7,6,2,,,80,,1,15,19,,21,8,16,3,1,2,5,3,2,,,,,,1,,,,1
,,Davison Township,"19,415",257,27,196,34,,,,,,16,7,2,2,5,,,,,,83,,103,7,,57,20,10,21,,6,260,,2,88,43,1,68,11,47,9,4,1,58,44,14,,,,,,2,,,,12
,,Dearborn,"97,215","1,521",192,887,442,1,1,,,2,81,25,8,5,43,,,,20,,464,65,650,42,2,648,486,67,87,1,7,"2,498",4,2,824,228,,326,203,911,358,108,83,"1,083",874,209,,,,,,7,6,3,3,118
,,Dearborn Heights,"57,228",873,132,620,121,3,3,,,9,36,16,7,1,12,,,,9,,379,12,379,13,3,272,165,18,88,,1,681,,4,58,84,,229,57,249,222,43,22,268,234,34,,,,,,2,1,,1,28
,,Decatur,"1,816",82,5,56,21,,,,,,7,1,,,6,,,,,,9,2,35,,,4,3,1,,,,62,,,7,4,,5,1,45,1,1,,20,18,2,,,,,,,,,,4
,,Denton Township,"5,553",22,1,20,1,,,,,1,2,1,,,1,,,,,,13,,19,1,,7,4,3,,,,86,,,37,5,,21,,23,4,,,1,1,,,,,,,,,,,
,,Detroit,"707,096","27,276","9,447","11,693","6,136",411,386,,25,193,851,445,147,21,238,6,1,5,562,2,"13,575",150,"11,722",39,112,"5,247","4,381",50,759,7,50,"16,146",120,233,347,"3,207",5,"4,249","2,796","5,189","11,364","4,860",236,"2,850","2,810",40,4,4,,,,5,8,8,,"1,497"
,,Dewitt,"4,514",19,3,14,2,,,,,,2,,,,2,,,,,,5,,5,,,11,1,4,3,,3,14,,,,4,,2,1,7,,1,1,4,3,1,,,,,,,,,,
,,Dryden Township,"4,758",25,4,16,5,,,,,,5,2,3,,,,,,,,10,,17,,,5,1,4,,,,23,,,1,11,,3,,8,,,,17,17,,,,,,,,,,,1
,,East Jordan,"2,358",25,1,17,7,,,,,,1,1,,,,,,,,,8,1,21,2,,,,,,,,34,,,5,2,,8,,19,,,,9,9,,,,,,,,,,,3
,,East Lansing,"48,701",262,80,164,18,,,,,2,34,17,5,1,11,,,,60,,216,16,374,1,2,77,30,36,8,,3,699,9,1,100,216,,182,25,166,83,19,11,109,109,,,,,,,,,,,16
,,Eastpointe,"32,511",761,142,446,173,,,,,5,47,15,9,5,18,,,,8,,269,23,253,8,3,151,109,20,20,,2,509,4,,69,70,1,96,41,228,216,48,25,277,212,65,,,,,,1,,,,31
,,Eaton Rapids,"5,233",57,2,49,6,,,,,,7,2,2,,3,,,,2,,14,,34,2,,6,1,3,1,,1,89,,,25,18,,12,,34,2,,2,45,30,15,,,,,,,,,,6
,,Eau Claire,626,12,,4,8,,,,,,1,,,,1,,,,1,,1,,5,,,,,,,,,15,,,1,6,1,,,7,,,,1,1,,,,,,,,,,,
,,Elk Rapids,"1,624",21,,17,4,,,,,,1,1,,,,,,,,,3,1,13,1,,2,,2,,,,41,,1,1,6,,9,,24,,,,15,14,1,,,,,,,,,,1
,,Elkton,798,7,1,6,,,,,,,,,,,,,,,,,4,1,14,,,2,,,2,,,7,,,,,,2,,5,,,,3,3,,,,,,,,,,,1
,,Elsie,968,5,,5,,,,,,2,,,,,,,,,,,4,,3,,,,,,,,,8,2,,,1,,1,,4,1,,,6,6,,,,,,,,,,,
,,Emmett Township,"11,722",198,36,149,13,1,1,,,1,23,7,5,2,9,,,,3,,63,13,117,9,,50,14,29,6,,1,483,,5,270,49,,38,17,104,6,15,7,142,122,20,1,1,,,,,2,2,,14
,,Escanaba,"12,636",648,41,312,295,,,,,,15,10,2,,3,,,,2,,66,24,212,9,,62,32,18,8,1,3,706,1,3,130,131,9,152,6,274,21,4,12,88,87,1,,,,,,3,,,,8
,,Essexville,"3,459",30,11,16,3,,,,,1,1,,,,1,,,,,,18,1,27,1,,7,5,2,,,,41,,,,1,,12,1,27,2,,,8,7,1,,,,,,,,,,12
,,Evart,"1,902",47,7,39,1,,,,,,3,1,,,2,,,,,,10,,23,,,5,4,,,1,,57,,,8,10,,7,1,31,3,,,5,5,,,,,,,,,,,
,,Farmington,"10,446",97,14,59,24,,,,,,5,2,1,,2,1,,1,,,21,3,36,4,,17,4,1,12,,,123,,,8,41,,48,4,22,10,,5,80,48,32,,,,,,,,,,5
,,Farmington Hills,"80,316",717,48,412,257,1,1,,,,38,15,4,2,17,,,,8,,233,29,287,27,5,444,137,89,205,,13,919,1,1,111,224,,254,122,206,125,12,11,433,285,148,,,,,,2,3,3,,31
,,Fenton,"11,662",101,6,82,13,,,,,,13,9,1,,3,,,,,,47,3,74,5,,123,108,8,4,,3,282,1,1,80,41,1,76,24,58,14,4,7,62,56,6,,,,,,,,,,5
,,Ferndale,"20,045",348,64,237,47,,,,,2,3,1,1,,1,,,,1,,113,8,97,10,,141,61,2,78,,,325,,,8,72,2,92,4,147,84,19,17,138,95,43,,,,,,1,1,1,,18
,,Flat Rock,"9,785",174,14,105,55,,,,,,7,2,,,5,,,,,,41,1,116,3,,10,4,5,1,,,150,1,,5,28,,42,11,63,14,4,7,43,32,11,,,,,,,,,,3
,,Flint,"101,632","4,969","1,961","2,185",823,65,63,2,,67,264,108,39,10,107,5,,5,226,,"3,002",29,"1,594",10,1,338,81,52,198,1,6,"2,222",12,16,47,237,2,459,219,"1,230",490,678,62,403,345,58,1,1,,,,,7,7,,236
,,Flint Township,"31,677",790,155,503,132,2,2,,,7,54,25,7,6,16,,,,12,,500,16,304,22,,175,88,42,40,2,3,"1,401",3,9,603,28,1,243,67,447,121,129,42,215,176,39,,,,,,1,,,,50
,,Flushing,"8,322",57,4,49,4,,,,,,3,1,,,2,2,,2,,,35,3,72,,,18,4,6,8,,,95,,1,15,10,,25,3,41,3,1,,29,29,,,,,,,,,,,3
,,Forsyth Township,"6,230",80,4,69,7,,,,,,5,3,,1,1,,,,1,,32,,37,1,,8,1,6,,,1,89,,,,39,,17,1,32,5,,,8,8,,,,,,,,,,,4
,,Fowlerville,"2,900",63,3,42,18,,,,,1,7,5,,,2,,,,,,15,3,57,,,43,16,22,4,,1,123,,,30,11,1,25,6,50,2,1,2,17,16,1,,,,,,,,,,3
,,Frankenmuth,"4,936",28,1,16,11,,,,,,5,2,,,3,,,,,,16,1,34,7,,24,10,7,6,,1,86,1,1,6,8,,14,2,54,5,1,,10,10,,,,,,,,,,,1
,,Frankfort,"1,281",15,4,9,2,,,,,,,,,,,,,,,,1,1,3,,,2,1,1,,,,32,,,1,5,,8,,18,,,,3,3,,,,,,,,,,,
,,Franklin,"3,173",8,,8,,,,,,,1,1,,,,,,,,,14,,10,,,1,1,,,,,35,,,,18,,7,5,5,1,3,,5,4,1,,,,,,,,,,
,,Fraser,"14,512",185,14,99,72,,,,,,6,4,1,,1,1,,1,1,,48,4,80,8,,101,75,11,14,,1,310,,,65,22,,81,5,137,23,10,16,198,180,18,,,,,,,2,2,,12
,,Fremont,"4,081",84,1,59,24,,,,,,4,2,,1,1,,,,1,,10,7,52,5,,15,8,6,,,1,128,,,35,32,,19,1,41,4,,,58,37,21,,,,,,1,,,,4
,,Fruitport,"1,088",224,14,100,110,,,,,,18,7,2,4,5,,,,2,,59,4,141,12,,51,20,25,5,,1,607,,6,346,46,1,43,1,164,12,2,3,45,40,5,,,,,,3,,,,8
,,Garden City,"27,428",328,52,230,46,1,1,,,,19,8,,,11,,,,2,,178,1,174,,,106,73,13,20,,,369,,,51,21,,89,15,193,67,14,6,86,57,29,3,2,1,,,2,,,,14
,,Gaylord,"3,635",93,11,79,3,,,,,,14,4,1,,9,,,,,,45,9,45,7,,29,17,6,6,,,241,,,98,44,,48,3,48,11,2,2,36,36,,,,,,,1,,,,4
,,Genesee Township,"21,407",303,77,189,37,,,,,7,16,5,1,1,9,2,2,,10,,223,3,165,3,,42,16,8,13,,5,262,,1,17,16,2,60,13,153,46,13,11,52,50,2,,,,,,,,,,16
,,Gerrish Township,"2,991",42,1,26,15,,,,,,2,,,,2,,,,,,3,,12,,,4,1,1,2,,,21,,,,3,,1,1,16,1,,1,7,7,,,,,,,,,,,9
,,Gibraltar,"4,611",85,7,39,39,,,,,,1,,,1,,,,,1,,13,2,31,,,11,5,6,,,,56,,,3,25,1,13,1,13,2,2,,32,19,13,,,,,,,,,,4
,,Gladstone,"4,982",66,6,41,19,,,,,,6,2,2,,2,,,,,,11,1,35,1,,8,5,2,1,,,81,,,6,6,,14,3,52,5,1,,9,9,,,,,,,1,,,,8
,,Gladwin,"2,952",88,16,61,11,,,,,1,8,2,,,6,,,,1,,22,1,29,1,,7,4,1,2,,,102,,,19,18,1,21,,43,8,,1,55,55,,,,,,,,,,,4
,,Grand Beach,272,,,,,,,,,,,,,,,,,,,,,,4,,,,,,,,,6,,,,,,4,,2,,,1,1,1,,,,,,,,,,,
,,Grand Blanc,"8,210",133,15,101,17,,,,,,4,1,,,3,,,,2,,53,3,53,2,,27,5,15,6,,1,102,3,1,22,40,1,6,1,28,4,3,1,39,38,1,,,,,,,,,,8
,,Grand Blanc Township,"37,206",402,58,260,84,,,,,1,36,17,4,,15,,,,4,,158,8,211,6,,142,60,36,45,,1,545,2,1,201,49,1,97,62,132,53,14,11,371,265,106,,,,,,4,,,,23
,,Grand Haven,"10,519",220,8,177,35,,,,,,19,9,2,,8,,,,3,,31,8,157,6,,28,18,5,4,,1,322,,2,25,43,,53,8,191,2,2,4,123,88,35,,,,,,1,,,,9
,,Grand Ledge,"7,814",49,4,41,4,,,,,1,7,,1,1,5,,,,5,,27,3,43,,,11,4,3,3,,1,112,1,,22,27,2,37,,23,4,,2,47,47,,,,,,,,,,,5
,,Grand Rapids,"189,953","4,988",941,"3,617",430,16,16,,,13,193,47,36,16,94,5,1,4,90,,"1,917",175,"1,886",54,7,325,170,130,3,10,12,"4,448",55,35,"1,110",245,10,"1,053",124,"1,816",268,462,30,"1,606","1,606",,1,1,,,,7,97,96,1,267
,,Grandville,"15,538",228,4,169,55,1,1,,,1,21,4,3,2,12,,,,5,,88,14,97,16,,71,29,29,13,,,553,2,3,308,75,1,67,8,89,5,3,10,41,34,7,,,,,,2,,,,8
,,Grayling,"1,877",65,7,39,19,,,,,,8,4,2,,2,,,,1,,,2,32,3,,4,4,,,,,50,,,12,8,2,5,4,19,,,,39,38,1,,,,,,1,1,,1,2
,,Green Oak Township,"17,561",61,9,45,7,,,,,1,12,7,2,,3,,,,,,42,6,88,1,,35,5,11,19,,,156,,1,55,20,,23,10,47,7,3,5,6,6,,,,,,,,,,,1
,,Greenville,"8,466",251,23,195,33,,,,,,18,8,3,,7,,,,1,,64,8,120,4,,42,17,17,7,,1,424,,,118,75,,124,1,106,5,6,5,69,64,5,,,,,,2,,,,6
,,Grosse Ile Township,"10,271",15,1,14,,,,,,,,,,,,,,,,,11,,14,,,1,,1,,,,76,,,,21,,35,1,19,1,,1,12,6,6,,,,,,1,,,,
,,Grosse Pointe,"5,369",29,3,13,13,,,,,,1,1,,,,,,,1,,20,2,16,2,1,32,6,8,18,,,78,1,,7,5,,19,10,36,4,2,4,19,11,8,,,,,,,,,,1
,,Grosse Pointe Farms,"9,389",44,3,21,20,,,,,,,,,,,,,,,,25,,23,1,,46,11,16,19,,,81,,,7,22,,20,8,24,8,2,2,56,39,17,,,,,,1,,,,9
,,Grosse Pointe Park,"11,444",35,10,23,2,1,1,,,,3,2,1,,,,,,2,,60,,39,,,1,1,,,,,190,,,3,15,,53,32,87,45,6,6,14,12,2,,,,,,,,,,6
,,Grosse Pointe Shores,"2,981",6,1,3,2,,,,,,,,,,,,,,,,7,,6,,,7,,2,5,,,9,,,,4,,1,,4,1,,2,9,5,4,,,,,,,,,,5
,,Grosse Pointe Woods,"15,981",124,1,69,54,,,,,2,3,1,,,2,,,,1,,33,3,63,1,,73,39,19,13,,2,172,,2,2,8,,29,14,117,53,3,8,26,20,6,,,,,,,,,,5
,,Hamburg Township,"21,269",67,7,53,7,,,,,1,12,3,,1,8,,,,1,,28,3,64,1,,29,4,4,19,,2,71,,,1,17,,24,2,27,8,,,43,43,,,,,,,,,,,3
,,Hampton Township,"9,601",139,4,81,54,,,,,,13,2,5,,6,,,,,,31,,71,2,,19,11,3,5,,,231,,1,89,,,49,3,89,6,1,2,14,12,2,,,,,,2,,,,2
,,Hamtramck,"22,214",546,126,353,67,2,2,,,13,21,5,4,,12,,,,16,,256,21,245,4,1,315,276,11,27,,1,326,1,4,25,34,,47,31,184,189,105,25,190,90,100,,,,,,,,,,30
,,Hancock,"4,638",34,3,27,4,,,,,,4,,1,,3,,,,,,8,5,25,1,,10,2,4,2,,2,33,1,,1,13,,4,1,13,1,1,,4,4,,,,,,,,,,,
,,Harbor Beach,"1,682",23,1,22,,,,,,1,2,,1,,1,,,,,,8,,11,,,8,4,,3,,1,16,,,,3,,3,,10,1,,1,38,36,2,,,,,,,,,,
,,Harbor Springs,"1,200",13,,11,2,,,,,,,,,,,,,,,,2,,16,,,5,1,3,,,1,26,,,3,8,,5,,10,1,,,9,8,1,,,,,,,,,,9
,,Harper Woods,"14,102",464,75,277,112,1,1,,,4,16,5,1,,10,,,,6,,153,12,173,21,,175,95,29,50,,1,730,2,3,430,65,,77,27,126,211,54,10,82,61,21,1,,1,,,,,,,43
,,Hart,"2,124",104,4,46,54,1,1,,,,5,2,,,3,,,,,,15,2,28,,,7,3,2,1,,1,93,,,3,4,,3,,83,,,,15,15,,,,,,,,,,,5
,,Hartford,"2,686",49,6,38,5,,,,,,3,,,2,1,,,,,,9,1,6,,,1,1,,,,,45,,,5,2,,23,,15,1,,3,14,14,,,,,,,,,,,2
,,Hastings,"7,313",133,19,113,1,,,,,,12,8,2,,2,,,,,,14,7,48,3,,14,5,6,3,,,169,,,30,39,,30,4,66,3,1,,41,41,,,,,,,1,,,,2
,,Hazel Park,"16,542",300,65,215,20,,,,,4,13,2,3,1,7,,,,1,,119,10,103,5,,57,20,11,26,,,295,1,,54,80,,58,26,76,98,19,10,115,82,33,,,,,,1,1,,1,15
,,Highland Park,"11,672",346,120,190,36,6,6,,,7,15,8,2,1,4,,,,16,,176,16,183,7,1,58,14,13,30,,1,278,31,14,67,70,1,50,12,33,200,96,5,123,116,7,,,,,,,3,,3,17
,,Hillsdale,"8,284",144,9,110,25,,,,,,7,2,2,,3,,,,1,,34,4,144,5,,18,13,5,,,,184,,,27,15,1,47,2,92,5,1,1,63,63,,,,,,,,,,,8
,,Holland,"33,294",902,86,578,238,,,,,4,75,32,6,2,35,1,,1,7,,209,17,446,15,2,153,67,39,31,4,12,"1,045",1,4,206,109,9,205,38,473,36,19,20,229,165,64,,,,,,3,3,2,1,34
,,Holly,"6,128",93,12,62,19,1,1,,,,10,5,2,,3,,,,2,,23,2,49,,,11,9,2,,,,98,,,5,9,,28,4,52,3,3,1,37,32,5,,,,,,,,,,2
,,Houghton,"7,716",69,4,45,20,,,,,,7,2,,,5,,,,,,9,1,56,4,,13,8,2,3,,,141,,,63,17,2,6,2,51,,,2,29,26,3,,,,,,,,,,1
,,Howard City,"1,805",24,3,19,2,,,,,,2,,,1,1,,,,1,,20,3,19,3,,9,1,5,2,,1,44,,,11,7,,6,1,19,3,,1,6,6,,,,,,,,,,,1
,,Hudson,"2,298",38,2,22,14,,,,,,6,4,,1,1,,,,1,,3,4,25,1,,7,3,1,1,1,1,48,,,7,6,1,3,1,30,3,,1,14,9,5,,,,,,,,,,2
,,Huntington Woods,"6,285",11,,5,6,,,,,,,,,,,,,,,,7,,6,1,,26,16,3,6,,1,39,,,1,7,,7,1,23,1,1,1,27,20,7,,,,,,1,,,,6
,,Huron Township,"15,728",121,15,89,17,,,,,,18,8,5,1,4,,,,2,,80,1,66,1,,39,5,17,15,,2,151,,,,23,,55,1,72,15,2,3,36,29,7,,,,,,,,,,4
,,Imlay City,"3,590",86,5,61,20,,,,,,15,11,,,4,,,,2,,19,1,33,2,,8,4,4,,,,84,,2,7,17,,20,6,32,2,1,5,24,24,,,,,,,,,,,6
,,Inkster,"25,129","1,086",255,624,207,11,10,1,,4,69,33,9,2,25,,,,19,,471,3,429,1,3,140,106,8,25,,1,415,149,6,19,54,,40,18,129,139,84,20,40,36,4,,,,,,,2,1,1,43
,,Ionia,"11,410",139,8,123,8,,,,,1,28,8,4,2,14,,,,1,,25,4,89,2,,14,11,1,2,,,166,,,6,19,,15,,126,7,,,45,45,,,,,,,2,,,,8
,,Iron River,"3,027",33,1,29,3,,,,,,4,2,1,,1,,,,,,29,7,41,,,15,9,4,2,,,67,,1,10,17,,9,2,28,8,,2,5,5,,,,,,,,,,,
,,Ironwood,"5,339",239,6,77,156,,,,,,4,1,3,,,,,,1,,12,4,91,,,34,29,3,2,,,138,,,20,18,,23,2,75,,,,,,,,,,,,,,,,
,,Ishpeming,"6,536",80,3,74,3,1,1,,,,7,4,3,,,,,,,,7,,40,,,5,3,2,,,,87,,,30,20,,17,3,17,3,1,,26,25,1,,,,,,,,,,7
,,Ishpeming Township,"3,551",3,,3,,,,,,,1,,,,1,,,,,,1,,3,,,1,1,,,,,9,,,1,1,,3,,4,,,,,,,,,,,,,,,,
,,Jonesville,"2,252",62,6,40,16,,,,,,4,,1,,3,,,,,,5,1,10,,,4,1,2,1,,,72,,,30,1,,3,2,36,1,,,6,6,,,,,,,,,,,1
,,Kalamazoo,"74,797","2,555",408,"1,993",154,9,9,,,18,200,79,27,5,89,,,,33,,847,56,"1,284",16,3,333,186,106,34,1,6,"2,159",9,12,275,476,4,378,101,904,163,165,40,"1,648","1,582",66,9,7,2,,,3,8,6,2,124
,,Kalamazoo Township,"23,909",337,30,285,22,3,1,2,,1,41,15,2,,24,,,,8,,151,4,188,5,,66,29,28,8,1,,388,1,,50,94,,154,4,85,38,15,14,187,168,19,,,,,,,,,,36
,,Kalkaska,"2,023",16,,9,7,,,,,,1,1,,,,,,,1,,1,2,12,1,,6,2,3,1,,,44,,,3,14,1,9,1,16,,,2,2,2,,,,,,,1,,,,4
,,Keego Harbor,"2,992",42,3,27,12,,,,,,1,1,,,,,,,,,8,1,26,,,11,4,1,6,,,42,,,,4,,7,1,30,3,,1,22,14,8,,,,,,,,,,4
,,Kingston,439,12,,9,3,,,,,,,,,,,,,,,,8,,11,,,1,1,,,,,15,,,,,,5,,10,2,,,2,2,,,,,,,,,,,
,,Kinross Township,"7,595",25,2,23,,,,,,,2,,1,,1,,,,,,3,,18,,,,,,,,,13,,,1,,,4,,8,,,,2,2,,,,,,,,,,,
,,Lake Odessa,"2,023",27,6,14,7,,,,,,1,,,,1,,,,,,6,,13,,,3,3,,,,,20,,,4,1,,4,,11,1,,,1,1,,,,,,,,,,,
,,Lake Orion,"2,994",22,2,8,12,,,,,,6,1,1,,4,,,,,,4,3,18,1,,8,4,2,2,,,43,,,3,5,,10,5,20,,,,13,9,4,,,,,,1,,,,2
,,Lansing,"114,688","2,634",773,"1,726",135,13,13,,,33,222,96,36,13,77,,,,39,,"1,295",66,"1,188",24,3,444,154,166,105,1,18,"2,225",10,20,409,102,12,546,130,996,273,204,43,585,452,133,,,,,,5,6,6,,180
,,Lapeer,"8,825",246,21,140,85,,,,,1,17,7,,,10,,,,,,41,7,83,7,,29,10,9,9,,1,351,1,1,159,29,1,74,4,82,7,2,11,52,50,2,,,,,,,,,,6
,,Lapeer Township,"5,047",3,,3,,,,,,,1,,,,1,,,,,,2,,12,,,,,,,,,24,,,1,7,,3,,13,1,,,,,,,,,,,,,,,
,,Lathrup Village,"4,104",44,3,24,17,,,,,,2,1,,,1,,,,,,14,1,14,,,14,6,1,7,,,27,,,3,2,,4,2,16,11,1,1,22,21,1,,,,,,,,,,2
,,Laurium,"1,978",11,1,8,2,,,,,,11,2,3,,6,,,,,,2,,8,,,,,,,,,16,,,1,6,,1,,8,2,,,,,,,,,,,,,,,
,,Lawton,"1,897",34,3,31,,1,,,1,,2,2,,,,,,,1,,9,,37,1,,5,4,,1,,,43,,,9,13,,5,1,15,,,2,8,6,2,,,,,,1,,,,
,,Leslie,"1,857",4,,4,,,,,,,2,1,1,,,,,,,,8,,14,1,,2,,1,1,,,19,,,2,2,,7,1,7,1,1,,,,,,,,,,,,,,
,,Lincoln Park,"37,779",842,157,650,35,1,1,,,,40,11,11,4,14,,,,7,,386,20,382,13,,64,20,20,19,1,4,974,1,1,302,130,3,177,91,269,193,54,4,411,360,51,,,,,,,2,2,,27
,,Lincoln Township,"14,714",79,1,64,14,,,,,2,10,5,2,1,2,,,,,,13,2,59,5,,60,16,31,10,1,2,169,2,,32,21,,49,1,64,2,2,1,17,17,,,,,,,,,,,
,,Linden,"3,960",16,1,13,2,,,,,,5,1,1,1,2,,,,,,1,,11,,,6,2,4,,,,43,,,2,3,,9,,29,2,,,3,1,2,,,,,,,,,,2
,,Litchfield,"1,366",24,2,14,8,,,,,,1,,,,1,,,,,,4,2,20,,,3,2,1,,,,17,,,2,4,,5,1,5,,,,,,,,,,,,,,,,
,,Livonia,"96,028",696,92,508,96,3,3,,,6,52,19,4,2,27,,,,13,,324,38,411,57,,530,183,172,165,1,9,"1,632",7,5,621,256,,293,133,317,199,32,30,"1,180",766,414,,,,,,2,5,5,,57
,,Lowell,"3,822",109,9,47,53,,,,,,10,1,,1,8,,,,1,,13,2,28,1,,18,8,3,6,,1,125,,,5,14,,12,,94,,,2,45,40,5,,,,,,,,,,37
,,Luna Pier,"1,434",20,2,15,3,,,,,,1,,,,1,,,,,,7,,20,,,4,,4,,,,44,1,,,11,,12,3,17,2,,3,5,2,3,,,,,,1,,,,3
,,Mackinac Island,489,25,,20,5,,,,,,3,1,,,2,,,,,,2,,8,,,6,2,2,1,,1,255,,,6,21,3,,,225,1,,,4,4,,,,,,,,,,,
,,Mackinaw City,808,16,,15,1,,,,,,3,2,,,1,,,,,,2,,11,1,,3,,3,,,,34,,,5,9,,1,,19,1,,,,,,,,,,,,,,,
,,Madison Heights,"29,909",374,40,208,126,1,1,,,4,15,7,1,,7,,,,9,,153,16,186,23,,193,153,18,21,1,,671,1,1,226,27,,156,53,207,133,30,3,74,60,14,,,,,,,1,,1,9
,,Madison Township,"8,599",18,2,16,,,,,,,2,,,,2,,,,,,10,,27,1,,12,11,,,,1,92,,,44,6,,14,,28,1,,1,5,5,,,,,,,1,,,,1
,,Mancelona,"1,376",5,2,3,,,,,,,2,2,,,,,,,,,2,1,11,,,,,,,,,40,,,3,5,,14,,18,1,,2,,,,,,,,,,,,,
,,Manistique,"3,100",78,2,55,21,,,,,1,8,5,,,3,1,,1,2,,18,2,53,2,,9,6,,1,1,1,76,,,10,11,,7,1,47,1,1,1,11,11,,,,,,,,,,,3
,,Marenisco Township,"1,722",2,,2,,,,,,,,,,,,,,,,,5,,,,,,,,,,,2,,,,,,,,2,,,,1,1,,,,,,,,,,,
,,Marine City,"4,215",72,12,46,14,,,,,,7,4,1,1,1,,,,,,14,3,63,1,,16,4,4,8,,,106,,,16,23,,10,,57,5,,3,43,29,14,,,,,,,,,,6
,,Marlette,"1,855",38,10,20,8,,,,,3,8,4,,,4,,,,,,5,1,51,1,,5,2,2,1,,,32,,,2,12,1,1,,16,,,1,3,3,,,,,,,,,,,2
,,Marquette,"21,540",182,12,151,19,,,,,,15,9,1,1,4,,,,,,31,6,177,6,1,47,12,28,5,1,1,400,,1,30,86,,106,10,167,9,,,96,77,19,,,,,,1,,,,9
,,Marshall,"7,058",139,9,95,35,,,,,1,3,,,1,2,2,1,1,1,,20,2,53,5,,47,5,37,5,,,173,,,20,36,,54,3,60,2,,,66,55,11,,,,,,1,,,,3
,,Marysville,"9,881",41,2,39,,,,,,,8,1,1,,6,,,,3,,14,2,64,4,,30,8,11,11,,,143,,,37,12,,48,1,45,6,,1,31,25,6,1,,1,,,,,,,
,,Mason,"8,278",63,5,57,1,,,,,,10,4,1,,5,,,,,,11,2,48,1,,18,5,8,3,,2,96,,,25,19,,15,3,34,2,,3,32,32,,,,,,,1,1,1,,2
,,Mattawan,"1,994",6,,6,,,,,,,,,,,,,,,1,,5,,7,,,1,1,,,,,36,,,1,1,,15,,19,2,,,4,4,,,,,,,,,,,
,,Mayville,945,14,,7,7,,,,,,,,,,,,,,,,1,,11,,,6,6,,,,,8,,,,1,2,3,,2,,,,4,3,1,,,,,,,,,,1
,,Melvindale,"10,612",186,24,155,7,,,,,,17,5,4,1,7,,,,3,,90,7,124,3,,55,7,26,14,,8,258,,2,7,28,6,38,18,159,52,12,4,75,53,22,,,,,,1,,,,12
,,Meridian Township,"39,824",467,39,328,100,,,,,1,36,12,3,4,17,,,,9,,164,26,175,27,1,144,55,69,17,,3,733,1,,286,168,1,155,24,98,40,13,10,60,58,2,,,,,,6,,,,13
,,Metamora Township,"4,241",21,3,13,5,,,,,,3,1,2,,,,,,,,13,,25,1,,7,2,2,2,,1,34,,,1,9,,11,,13,4,,1,18,18,,,,,,,,,,,1
,,Midland,"42,106",206,17,184,5,1,1,,,,32,15,1,1,15,,,,3,,55,7,159,15,,92,51,33,7,,1,402,,,21,51,,111,3,216,1,5,4,62,62,,,,,,,,,,,3
,,Milan,"5,870",78,13,44,21,1,1,,,,16,1,2,4,9,,,,2,,22,4,67,1,,15,6,5,4,,,118,,,11,34,,24,4,45,7,1,6,38,26,12,,,,,,,,,,6
,,Milford,"15,848",67,3,52,12,,,,,,9,3,3,,3,,,,1,,35,2,55,4,,32,10,11,11,,,111,,,10,25,,41,2,33,6,1,4,148,88,60,,,,,,,,,,4
,,Monroe,"20,687",554,73,463,18,1,1,,,3,36,11,4,5,16,,,,8,,235,11,252,4,,69,13,33,21,,2,561,5,5,47,135,1,165,7,196,37,25,9,245,174,71,2,2,,,,2,,,,20
,,Montague,"2,350",56,2,30,24,,,,,,3,,,,3,,,,1,,8,,37,,,,,,,,,69,,,5,7,,16,,41,,,1,16,11,5,,,,,,,,,,
,,Montrose Township,"7,818",89,5,82,2,,,,,3,9,,,3,6,,,,,,56,1,39,,,8,,3,3,2,,75,,,2,10,,23,3,37,4,2,2,23,23,,,,,,,,,,,1
,,Morenci,"2,211",33,3,30,,1,,1,,,5,1,,,4,,,,,,7,,29,,,7,4,2,1,,,39,,,1,15,,5,,18,1,,,10,7,3,,,,,,1,1,1,,1
,,Mount Morris,"3,061",113,13,94,6,,,,,,2,1,,,1,,,,3,,37,2,44,,,13,4,4,4,,1,98,,2,,,,28,2,66,6,3,,40,34,6,,,,,,1,,,,12
,,Mount Morris Township,"21,326",167,78,86,3,2,2,,,3,30,15,2,,13,,,,21,,383,2,204,8,,28,3,16,9,,,520,,1,,125,,70,3,321,61,57,23,84,75,9,,,,,,,,,,31
,,Mundy Township,"14,960",120,11,80,29,,,,,,11,6,2,1,2,,,,1,,101,5,85,5,,71,11,28,32,,,230,1,1,42,57,,66,19,44,19,6,4,38,38,,,,,,,,,,,8
,,Munising,"2,331",19,3,15,1,,,,,,3,,,,3,,,,,,4,1,10,,,1,,1,,,,30,,,1,3,,5,1,20,2,,,10,10,,,,,,,,,,,
,,Muskegon Heights,"10,806",492,132,332,28,1,1,,,2,26,15,,,11,1,1,,15,,275,6,464,,,24,1,8,14,1,,360,10,2,17,77,,74,2,178,59,52,8,41,38,3,,,,,,1,3,2,1,55
,,Napoleon Township,"6,759",32,2,30,,,,,,,2,1,,,1,,,,,,8,2,15,1,,7,4,2,1,,,33,,,,,,5,,28,,,,4,4,,,,,,,,,,,1
,,Nashville,"1,619",23,2,18,3,,,,,,,,,,,,,,,,4,1,12,,,1,1,,,,,27,,,9,5,,1,,12,2,,,20,16,4,,,,,,,,,,3
,,Negaunee,"4,615",69,7,40,22,,,,,,5,2,1,,2,,,,,,17,,46,3,1,10,4,4,2,,,93,,1,10,27,,21,3,31,8,,1,13,13,,,,,,,,,,,1
,,Newaygo,"1,975",78,2,49,27,,,,,,13,2,2,,9,,,,2,,15,9,48,3,,11,8,2,,1,,98,,5,16,18,,21,1,37,6,,,25,17,8,,,,,,1,,,,3
,,New Baltimore,"12,109",64,9,46,9,,,,,,5,2,,2,1,,,,,,10,1,20,1,,10,7,2,1,,,44,,,1,14,,4,3,22,4,,1,86,80,6,,,,,,,,,,4
,,New Buffalo,"1,885",57,1,32,24,,,,,,3,2,,,1,,,,1,,13,,33,4,,7,4,1,2,,,48,,,8,17,,5,1,17,2,,1,21,18,3,,,,,,1,,,,2
,,New Era,450,1,,1,,,,,,,,,,,,,,,,,2,,2,,,1,1,,,,,9,,,,1,,,,8,,,,4,4,,,,,,,,,,,
,,New Haven,"4,650",90,10,33,47,,,,,,7,3,,,4,1,,1,,,23,1,40,,,17,13,,4,,,59,3,,3,7,,11,1,34,3,1,1,21,16,5,,,,,,,,,,2
,,North Branch,"1,031",20,6,12,2,,,,,,1,1,,,,,,,,,3,,8,,,2,,1,,,1,6,,,2,2,,1,,1,,,,2,2,,,,,,,,,,,
,,Northfield Township,"8,329",124,19,79,26,,,,,,9,2,,,7,,,,,,30,2,51,1,,35,6,8,17,1,3,97,1,1,11,10,,35,4,35,13,,1,28,17,11,,,,,,,,,,
,,North Muskegon,"3,769",17,5,11,1,,,,,,3,,1,,2,,,,,,5,2,32,,,9,3,6,,,,103,,,22,27,,19,1,34,2,1,,10,10,,,,,,,,,,,1
,,Northville,"5,968",41,1,25,15,,,,,,4,1,,,3,,,,1,,11,5,44,2,2,26,6,9,11,,,65,,,2,14,,28,,21,3,,2,37,17,20,,,,,,,,,,7
,,Norton Shores,"23,884",344,33,200,111,1,,,1,,32,11,4,1,16,,,,2,,139,24,274,9,,123,40,54,17,1,11,657,2,1,173,84,,129,14,254,23,11,3,54,50,4,,,,,,3,,,,11
,,Novi,"55,623",298,24,249,25,,,,,,13,4,,1,8,,,,2,,72,7,284,32,,197,55,91,50,,1,950,5,1,354,148,1,216,120,105,42,9,9,167,119,48,,,,,,,1,1,,17
,,Oak Park,"29,532",537,94,269,174,1,1,,,1,28,10,4,,14,,,,8,,201,15,171,16,,218,134,15,69,,,408,,,129,49,,69,14,147,106,59,5,140,113,27,1,,1,,,,,,,33
,,Olivet,"1,609",13,,13,,,,,,,3,1,1,,1,,,,,,,,,,,,,,,,,9,,,1,1,,4,,3,1,,,2,2,,,,,,,,,,,
,,Orchard Lake,"2,391",21,,4,17,,,,,,1,1,,,,,,,,,7,,16,,,9,6,,3,,,27,,,,5,,7,,15,,,1,16,9,7,,,,,,,,,,3
,,Oscoda Township,"6,907",77,13,60,4,,,,,1,15,4,3,,8,1,,1,1,,109,4,92,4,,29,14,11,3,,1,170,,,9,44,,43,6,68,3,1,2,19,19,,,,,,,1,,,,4
,,Otsego,"3,953",60,3,53,4,,,,,1,13,4,1,3,5,,,,,,13,1,25,2,,9,4,4,,,1,53,,,5,31,,13,,4,1,,,15,15,,,,,,,,,,,4
,,Ovid,"1,607",19,1,17,1,,,,,,1,,,,1,,,,,,5,,9,,,3,1,1,1,,,9,,,1,3,,4,,1,,,,6,6,,,,,,,,,,,
,,Owendale,238,3,,3,,,,,,,,,,,,,,,,,,,5,,,,,,,,,7,,,,,,,,7,,,,,,,,,,,,,,,,
,,Owosso,"15,035",376,43,319,14,2,1,1,,,32,14,4,1,13,2,,2,4,,79,7,181,1,,41,8,14,19,,,403,,,22,57,,124,8,192,10,4,1,71,71,,,,,,,,,,,10
,,Oxford,"3,462",12,,7,5,,,,,,,,,,,,,,,,8,1,16,,,12,10,,2,,,31,,,2,,,10,,19,3,,1,32,19,13,,,,,,,,,,2
,,Paw Paw,"3,532",126,6,110,10,1,,1,,,7,,3,,4,1,,1,,,14,7,34,1,,13,7,5,1,,,128,1,,29,25,,28,5,40,2,1,2,40,38,2,,,,,,,,,,2
,,Pentwater,856,11,,2,9,,,,,,4,3,,,1,,,,,,,,9,,,1,,1,,,,9,,,1,1,,1,,6,,,,1,1,,,,,,,,,,,1
,,Petoskey,"5,700",67,3,50,14,,,,,,3,1,,1,1,1,,1,,,9,2,30,4,1,19,11,7,,1,,70,,,10,1,,11,,48,4,,2,66,66,,,,,,,1,,,,6
,,Pinckney,"2,439",24,4,16,4,,,,,,1,,,,1,,,,,,4,2,11,2,,5,2,2,1,,,23,,,4,3,,6,1,9,,1,1,13,12,1,,,,,,,,,,1
,,Pinconning,"1,300",6,,6,,,,,,,1,,,,1,,,,,,7,,10,,,,,,,,,11,,,4,,,2,1,4,,1,,28,27,1,,,,,,,,,,1
,,Pittsfield Township,"35,020",314,28,243,43,,,,,1,18,8,2,,8,,,,1,,169,30,178,22,1,195,67,88,39,,1,714,1,1,315,82,,139,67,109,61,20,17,263,145,118,,,,,,2,,,,10
,,Plainwell,"3,802",59,2,54,3,1,1,,,,7,1,,,6,,,,,,9,2,32,2,,9,5,4,,,,52,1,,13,,,8,,30,1,,,22,20,2,,,,,,1,,,,1
,,Pleasant Ridge,"2,545",6,1,5,,,,,,,,,,,,,,,,,4,,8,,,4,1,2,1,,,14,,,1,2,,3,,8,1,,1,14,13,1,,,,,,,,,,2
,,Plymouth,"9,047",86,9,71,6,,,,,,5,2,,,3,,,,,,22,2,40,2,,24,7,9,8,,,75,2,,9,17,,22,4,21,5,,3,50,35,15,,,,,,,,,,7
,,Portage,"46,658",606,41,531,34,,,,,2,61,24,6,1,30,,,,7,,178,29,265,32,,194,53,113,21,1,6,"1,433",3,7,667,136,,183,33,404,42,15,20,398,278,120,,,,,,4,,,,35
,,Port Austin,655,10,4,6,,,,,,,1,,,,1,,,,,,4,1,23,,,,,,,,,16,,,,1,,,,15,,,,,,,,,,,,,,,,
,,Potterville,"2,627",23,3,20,,,,,,,3,,2,,1,,,,,,5,1,7,,,2,1,1,,,,54,,,1,4,,8,1,40,,,1,20,17,3,,,,,,,,,,
,,Prairieville Township,"3,387",5,,5,,,,,,,1,1,,,,,,,,,2,,3,,,2,,2,,,,10,,,,1,,,,9,,,,1,1,,,,,,,,,,,
,,Raisin Township,"7,529",13,1,12,,,,,,,2,,,,2,,,,,,7,,12,,,8,2,5,1,,,18,,,1,4,,8,,5,1,1,,6,5,1,,,,,,,,,,
,,Reading,"1,075",3,,3,,,,,,,,,,,,,,,,,2,,5,,,,,,,,,5,,,,,,1,,4,,,,1,1,,,,,,,,,,,
,,Reed City,"2,425",65,9,42,14,,,,,,2,1,,,1,,,,1,,7,,24,1,,6,2,3,1,,,62,,,9,17,,14,1,21,,,1,8,8,,,,,,,1,,,,5
,,Reese,"1,447",1,,,1,,,,,,1,,,,1,,,,,,3,,1,,,,,,,,,3,,,,,,1,,2,,,,1,1,,,,,,,,,,,3
,,"Richfield Township, Genesee County","8,659",78,4,69,5,,,,,2,12,5,1,1,5,,,,,,46,1,26,,,16,8,4,3,,1,62,,,1,2,,16,8,35,6,,4,32,24,8,,,,,,1,,,,8
,,"Richfield Township, Roscommon County","3,728",50,5,45,,,,,,,4,2,,,2,,,,,,9,1,24,,,5,2,1,2,,,45,,,3,14,,3,2,23,3,,,8,8,,,,,,,,,,,1
,,Richland,758,4,,3,1,,,,,,,,,,,,,,,,2,3,,,,1,,1,,,,5,,,3,1,,,,1,,,,33,33,,,,,,,,,,,2
,,"Richland Township, Saginaw County","4,124",15,,13,2,,,,,,,,,,,,,,1,,11,,7,,,2,1,1,,,,14,,,,1,,4,1,8,3,,,3,3,,,,,,,,,,,
,,Richmond,"5,747",107,27,35,45,,,,,,6,1,,,5,,,,1,,3,1,44,4,,19,4,8,2,,5,66,,,7,15,,15,,29,2,,2,21,15,6,,,,,,1,,,,8
,,Riverview,"12,371",78,6,54,18,,,,,,4,,1,,3,,,,,,10,,89,,,26,19,5,2,,,78,,,6,,,10,12,50,4,5,1,55,34,21,,,,,,,,,,4
,,Rochester,"12,802",64,6,35,23,,,,,,3,1,,,2,,,,1,,24,2,77,1,,49,22,12,14,,1,101,,,3,11,,30,4,53,7,2,1,127,78,49,,,,,,1,,,,5
,,Rockwood,"3,257",46,7,21,18,,,,,,4,,1,2,1,,,,,,8,,20,2,,7,5,2,,,,50,2,,1,14,,12,2,19,6,1,,9,6,3,,,,,,,,,,1
,,Rogers City,"2,783",31,2,15,14,,,,,2,1,,,,1,,,,,,10,1,30,,,3,,1,1,,1,44,,,1,21,,1,,21,3,,1,3,3,,,,,,,,,,,1
,,Romeo,"3,605",53,,21,32,,,,,,2,,,,2,,,,1,,3,4,29,1,,15,7,3,5,,,40,,,,11,,8,3,18,2,,1,43,29,14,,,,,,,,,,2
,,Roseville,"47,400","1,192",140,622,430,,,,,9,63,32,4,3,24,,,,5,,282,18,467,31,,383,264,42,73,1,3,"1,465",,5,568,56,3,174,107,552,207,59,19,243,202,41,,,,,,2,37,19,18,40
,,Rothbury,431,4,,2,2,,,,,,1,,,,1,,,,,,5,,4,,,,,,,,,26,,,,1,,,1,24,1,1,,3,3,,,,,,,,,,,
,,Royal Oak,"57,649",459,51,271,137,,,,,1,32,9,3,1,19,,,,4,,180,11,314,16,1,267,226,29,10,,2,756,,2,60,75,,267,57,295,89,12,18,363,214,149,,,,,,1,2,2,,21
,,Saginaw,"51,267","2,379",965,"1,239",175,29,27,1,1,25,161,69,18,5,69,,,,26,,"1,057",27,693,3,4,171,119,32,17,,3,622,5,10,16,13,,86,21,471,106,169,20,437,378,59,2,,2,,,1,2,1,1,106
,,Saginaw Township,"40,642",521,47,269,205,1,1,,,5,20,7,3,1,9,,,,9,,120,19,303,14,,151,50,57,39,,5,685,1,4,296,60,,119,7,198,22,34,6,116,82,34,,,,,,2,,,,13
,,Saline,"8,899",96,15,53,28,,,,,,5,1,,,4,1,,1,1,,22,7,62,1,,32,20,9,3,,,122,,,16,23,,37,4,42,5,3,4,35,31,4,,,,,,,,,,4
,,Sand Lake,504,6,,6,,,,,,,,,,,,,,,,,2,1,7,,,1,,1,,,,5,,,1,,,2,,2,,,,6,6,,,,,,,,,,,
,,Sandusky,"2,652",49,4,39,6,,,,,,6,3,,,3,,,,,,14,,39,2,1,4,1,2,1,,,47,,1,12,8,,9,1,16,2,1,2,16,12,4,,,,,,3,,,,
,,Saugatuck-Douglas,"2,156",76,6,38,32,,,,,,6,2,2,,2,,,,1,,20,2,22,3,,6,3,1,2,,,56,,,1,9,,4,,42,3,1,,12,12,,,,,,,,,,,
,,Sebewaing,"1,736",5,1,4,,,,,,,3,1,1,,1,,,,1,,3,,13,,,,,,,,,16,,,3,7,,3,,3,1,,,1,1,,,,,,,,,,,
,,Shelby Township,"73,960",534,57,328,149,,,,,5,48,21,5,1,21,,,,9,,165,19,319,23,,300,203,35,61,1,,852,3,1,140,74,1,278,40,315,45,9,9,195,158,37,,,,,,3,,,,8
,,Shepherd,"1,524",15,1,14,,,,,,,4,2,,,2,,,,,,2,,10,,,4,,3,1,,,35,1,,1,11,,9,1,12,,,,3,3,,,,,,,,1,1,,1
,,Somerset Township,"4,609",9,,8,1,,,,,,,,,,,,,,,,5,,13,,,5,4,,,,1,22,,,,9,,2,,11,,,,1,,1,,,,,,,,,,
,,Southfield,"72,253","1,263",185,758,320,3,2,,1,9,70,34,12,2,22,2,1,1,9,,630,56,460,58,4,646,236,137,264,,9,"1,546",5,9,418,233,1,289,185,406,396,140,32,214,202,12,,,,,,3,8,2,6,53
,,Southgate,"29,761",175,54,107,14,2,1,1,,1,22,4,,3,15,,,,6,,154,8,326,11,,125,25,57,38,,5,935,1,3,369,94,,217,42,209,110,24,12,239,219,20,,,,,,1,,,,30
,,South Haven,"4,399",151,14,126,11,,,,,3,13,3,4,,6,,,,,,34,6,86,5,,26,11,6,3,3,3,283,,,106,32,,46,2,97,13,7,9,50,50,,,,,,,,,,,
,,South Lyon,"11,408",51,1,37,13,,,,,,5,2,1,,2,,,,1,,21,3,60,1,,26,20,1,5,,,93,,1,6,7,1,34,11,33,3,1,,85,57,28,,,,,,,,,,2
,,South Rockwood,"1,676",10,4,5,1,,,,,,,,,,,,,,,,8,1,8,,,4,1,2,1,,,27,1,,,6,,10,,10,1,1,2,27,17,10,,,,,,,,,,5
,,Sparta,"4,183",60,5,54,1,,,,,,11,7,1,,3,1,,1,,,5,1,43,3,,8,3,1,3,,1,90,,,26,18,,21,1,24,3,,,23,21,2,,,,,,,,,,2
,,Spring Arbor Township,"8,250",31,,26,5,,,,,,1,,,,1,1,,1,,,4,,30,,,8,3,3,2,,,32,,,3,5,,4,1,19,,1,,5,4,1,,,,,,1,,,,
,,Springfield,"5,238",110,19,90,1,,,,,,8,1,2,,5,,,,1,,28,1,38,1,,6,,4,2,,,87,,1,1,15,1,28,6,35,12,3,,57,46,11,1,1,,,,,,,,5
,,Spring Lake-Ferrysburg,"5,269",52,2,40,10,,,,,,7,1,1,1,4,,,,,,14,2,28,1,,16,5,10,1,,,74,,,14,4,,27,,29,2,,3,108,64,44,,,,,,2,,,,4
,,St. Charles,"2,043",37,6,27,4,,,,,,1,,,,1,,,,,,14,,23,1,,2,1,1,,,,18,,,2,1,,2,,13,,,,5,4,1,,,,,,,,,,1
,,St. Clair,"5,442",68,6,40,22,,,,,,5,2,,,3,,,,,,13,1,39,,,14,5,6,1,,2,43,1,,3,8,,5,,26,,,1,32,24,8,,,,,,,,,,3
,,St. Clair Shores,"59,841",588,118,384,86,,,,,2,50,20,4,1,25,,,,4,,282,15,318,9,1,144,115,8,21,,,833,2,1,110,82,,196,101,341,94,13,35,325,271,54,,,,,,3,1,1,,27
,,Sterling Heights,"129,974","1,098",182,598,318,4,4,,,3,66,16,8,5,37,,,,9,,361,28,564,40,2,482,110,166,186,1,19,"2,108",4,8,751,370,,410,314,251,158,31,20,200,170,30,1,1,,,,2,1,1,,33
,,St. Ignace,"2,437",41,5,26,10,,,,,,7,1,3,1,2,2,,2,,,6,2,14,,,3,2,,1,,,48,,,9,14,,2,,23,1,,,8,7,1,,,,,,,,,,1
,,St. Johns,"7,879",43,3,39,1,,,,,,7,2,,,5,,,,,,29,2,43,1,,18,18,,,,,80,,,1,14,,29,5,31,3,,,54,39,15,,,,,,,,,,
,,St. Joseph Township,"10,043",81,11,56,14,,,,,,6,1,1,1,3,,,,,,33,3,50,,,41,7,24,10,,,111,,,12,9,,38,7,45,5,3,3,22,21,1,,,,,,,,,,5
,,Stockbridge,"1,222",10,1,9,,,,,,,4,1,,,3,,,,,,4,4,9,2,,2,1,,,,1,34,,,3,12,,,,19,,,,5,5,,,,,,,,,,,
,,Sumpter Township,"9,457",92,9,82,1,1,,1,,,7,2,,,5,,,,1,,53,,55,1,,8,1,3,3,,1,107,,,2,20,,28,1,56,11,1,3,24,20,4,,,,,,,,,,5
,,Suttons Bay,611,,,,,,,,,,,,,,,,,,,,,,1,,,,,,,,,13,,,,2,,2,,9,,,,,,,,,,,,,,,,
,,Swartz Creek,"5,712",60,4,51,5,,,,,,,,,,,,,,,1,29,1,51,1,,20,8,7,3,1,1,71,,1,1,9,,23,12,25,5,2,1,17,16,1,,,,,,,,,,6
,,Sylvan Lake,"1,732",15,1,12,2,,,,,,,,,,,,,,,,7,3,4,1,,8,3,3,2,,,23,,,2,7,,7,1,6,,1,1,26,14,12,,,,,,,,,,3
,,Tawas,"4,580",41,1,39,1,,,,,3,14,4,,3,7,,,,,,20,5,24,4,,9,7,1,1,,,101,,,42,15,,27,,17,1,2,,10,10,,,,,,,,,,,1
,,Taylor,"62,534",982,212,677,93,1,1,,,4,71,31,8,5,27,,,,27,2,573,23,548,32,2,313,103,86,123,,1,"1,611",13,10,686,171,1,221,158,351,253,60,39,392,294,98,,,,,,2,1,1,,54
,,Tecumseh,"8,487",102,5,73,24,,,,,,12,4,3,,5,,,,2,,18,5,39,3,,21,8,8,5,,,88,,1,7,31,,15,1,33,3,,4,44,28,16,,,,,,1,,,,4
,,Thetford Township,"6,991",35,9,13,13,1,1,,,,1,,,,1,,,,,,21,1,8,,,,,,,,,17,,,,3,,3,4,7,4,,1,,,,,,,,,,,,,
,,Thomas Township,"11,927",151,10,100,41,,,,,,7,3,,,4,,,,,,28,3,82,3,,41,12,19,10,,,183,,1,65,6,,21,7,83,8,1,1,16,13,3,,,,,,1,,,,30
,,Tittabawassee Township,"9,688",46,3,20,23,,,,,1,5,1,2,,2,,,,,,13,4,40,1,1,12,5,7,,,,70,,1,2,9,,17,2,39,1,,,28,20,8,,,,,,,,,,2
,,Trenton,"18,676",200,14,86,100,,,,,,8,3,2,2,1,,,,1,,58,1,154,3,,35,15,12,4,,4,163,1,1,4,19,2,38,5,93,10,4,1,91,68,23,,,,,,,,,,1
,,Troy,"81,567",532,36,268,228,2,2,,,1,19,9,2,1,7,,,,14,,182,26,348,70,1,164,55,74,28,,7,"1,396",4,1,548,269,,225,192,157,111,13,21,400,258,142,,,,,,4,2,1,1,29
,,Tuscarora Township,"3,013",25,4,20,1,,,,,,4,,1,1,2,,,,,,7,1,22,,,2,,2,,,,128,,,12,7,,2,2,105,1,,2,7,7,,,,,,,,,,,4
,,Unadilla Township,"3,383",20,3,11,6,,,,,,2,,1,,1,,,,,,19,,26,2,,3,1,1,1,,,27,,,,6,,3,,18,4,,2,8,8,,,,,,,,,,,
,,Union City,"1,598",18,,18,,,,,,,4,1,,,3,,,,,,5,,30,1,,5,2,2,,,1,55,,,6,,,2,,47,,,2,15,15,,,,,,,,,,,
,,Utica,"4,766",94,10,55,29,,,,,,6,,2,,4,,,,2,,32,4,60,3,,41,33,3,5,,,222,,,67,11,,48,12,84,8,4,10,78,43,35,,,,,,1,1,1,,5
,,Van Buren Township,"28,548",468,77,323,68,1,1,,,3,39,21,5,1,12,,,,1,,172,9,277,4,1,133,102,15,15,,1,566,,1,161,14,2,115,58,215,74,10,7,239,198,41,,,,,,2,7,6,1,10
,,Vassar,"2,685",24,2,17,5,,,,,,1,,,,1,,,,,,2,1,9,,,1,1,,,,,24,,,4,,,1,1,18,,,,8,8,,,,,,,,,,,1
,,Vicksburg,"2,929",51,3,41,7,,,,,,7,,,4,3,,,,1,,19,,30,,,3,3,,,,,75,,,28,,,,,47,2,,,21,19,2,,,,,,,,,,1
,,Walker,"23,783",248,33,140,75,1,1,,,,18,5,5,2,6,,,,2,,75,8,145,12,,77,22,44,11,,,726,2,6,377,41,1,138,16,145,22,7,9,59,44,15,,,,,,1,1,1,,11
,,Walled Lake,"7,049",95,10,50,35,,,,,,5,2,1,,2,,,,1,,20,3,36,3,,39,13,10,16,,,84,2,,3,14,,22,5,38,3,,2,24,16,8,,,,,,,2,1,1,
,,Warren,"134,340","2,037",477,"1,346",214,,,,,27,210,91,29,3,87,6,4,2,53,,"1,007",65,"1,213",43,3,694,282,161,241,,10,"2,117",12,16,321,462,5,335,451,515,740,148,73,"1,655","1,241",414,1,,1,,,6,41,39,2,168
,,Waterford Township,"72,224",771,93,449,229,,,,,5,57,19,6,5,27,,,,11,,299,25,439,22,4,259,85,85,84,,5,964,2,4,227,216,2,245,60,208,94,32,10,157,100,57,,,,,,7,,,,19
,,Watervliet,"1,737",24,5,9,10,,,,,,5,2,,,3,1,1,,,,2,1,23,,,,,,,,,31,,,3,5,,9,,14,1,,,1,1,,,,,,,,,,,1
,,Wayne,"17,427",541,78,392,71,,,,,,32,18,6,,8,,,,9,,142,10,189,4,1,61,30,8,22,,1,347,,2,23,34,,93,15,180,74,23,7,128,93,35,,,,,,,,,,26
,,West Bloomfield Township,"65,157",362,23,182,157,2,2,,,3,11,2,2,,7,2,,2,4,,150,8,257,10,4,340,120,37,179,,4,534,1,,55,148,,169,10,151,14,9,2,115,84,31,,,,,,4,2,2,,7
,,West Branch,"2,129",27,5,19,3,,,,,,4,2,2,,,1,,1,,,9,2,22,2,,5,2,2,1,,,69,,,6,13,,34,,16,3,,1,10,8,2,,,,,,1,,,,1
,,Westland,"83,299","1,541",200,"1,178",163,1,1,,,9,144,69,13,4,58,,,,20,,581,20,599,34,1,491,306,108,69,,8,"1,530",278,15,485,125,3,208,115,301,328,80,47,732,532,200,7,1,6,,,1,2,,2,104
,,White Cloud,"1,407",56,6,40,10,,,,,,2,2,,,,,,,,,13,1,24,,,8,3,5,,,,51,,,12,10,,11,1,17,2,,1,6,6,,,,,,,,,,,6
,,Whitehall,"2,694",67,2,49,16,,,,,,4,3,,,1,,,,1,,12,1,47,,,9,1,5,3,,,51,,,8,14,,3,,26,2,2,,33,24,9,,,,,,,,,,3
,,White Lake Township,"30,236",213,16,170,27,,,,,1,19,6,8,1,4,,,,2,,57,4,122,3,,126,18,28,79,,1,366,1,,120,53,,113,12,67,19,2,6,138,88,50,,,,,,1,,,,7
,,White Pigeon,"1,519",26,,26,,,,,,,2,2,,,,,,,,,1,,4,,,3,2,,,,1,16,,,1,2,,1,,12,1,,,3,2,1,,,,,,,,,,1
,,Williamston,"3,868",17,1,15,1,,,,,,2,2,,,,,,,,,7,,5,1,,2,1,1,,,,21,,,1,6,,8,3,3,1,1,,1,1,,,,,,,,,,,
,,Wixom,"13,597",119,31,62,26,,,,,,9,4,2,,3,,,,1,,44,5,82,7,,68,33,16,19,,,258,,,45,19,16,63,30,85,31,4,2,25,18,7,,,,,,,,,,2
,,Wolverine Lake,"4,343",29,,18,11,,,,,,4,,,,4,,,,1,,8,,10,,,5,3,,2,,,25,,,1,3,,9,1,11,,1,1,2,1,1,,,,,,,,,,
,,Woodhaven,"12,752",64,10,25,29,,,,,,4,2,,,2,,,,,,15,4,40,4,,25,16,7,,,2,201,,,86,32,,37,11,35,19,4,,6,5,1,,,,,,,,,,1
,,Woodland Township,"2,037",1,,1,,,,,,,,,,,,,,,,,,,1,,,,,,,,,,,,,,,,,,,,,3,3,,,,,,,,,,,
,,Wyandotte,"25,637",304,26,205,73,,,,,1,13,4,2,2,5,,,,2,,129,2,283,3,,74,19,32,19,2,2,546,,1,42,98,,159,15,231,62,7,7,143,116,27,,,,,,1,,,,12
,,Ypsilanti,"19,610",589,110,398,81,2,2,,,1,34,19,7,,8,,,,15,,375,18,270,1,,95,61,18,14,,2,561,3,4,44,54,2,174,38,242,39,41,19,98,96,2,,,,,,,,,,22
,,Zeeland,"5,560",103,7,63,33,,,,,1,8,4,,,4,,,,2,,40,1,55,1,,17,13,2,2,,,67,,,,15,1,17,1,33,2,,1,63,44,19,,,,,,3,,,,11
,,Zilwaukee,"1,650",6,,5,1,,,,,,,,,,,,,,,,2,1,7,,,1,,1,,,,13,,,1,,,,,12,1,,,2,2,,,,,,,,,,,
,Universities and Colleges,Central Michigan University,"28,194",17,2,12,3,,,,,,4,3,,1,,,,,,,15,2,111,,1,6,1,5,,,,167,,,7,53,,41,4,62,4,,1,78,77,1,,,,,,2,,,,
,,Delta College,"11,478",10,1,6,3,,,,,,,,,,,,,,,,,,6,,,,,,,,,41,,,,32,,8,,1,,,,1,1,,,,,,,1,,,,
,,Eastern Michigan University,"23,419",75,7,51,17,,,,,,4,3,,,1,,,,8,,11,8,80,2,,24,6,15,3,,,215,,,2,112,,35,7,59,9,1,15,183,90,93,,,,,,1,,,,7
,,Ferris State University,"14,560",14,,12,2,,,,,,1,1,,,,,,,,,3,,26,,,9,1,4,2,,2,68,,,,32,,10,5,21,1,,2,35,25,10,,,,,,,,,,2
,,Grand Rapids Community College,"17,575",4,,3,1,,,,,,,,,,,,,,,,,1,68,,,4,2,2,,,,94,,,7,62,1,5,,19,,,,1,1,,,,,,,,,,,
,,Grand Valley State University,"24,662",13,2,3,8,,,,,,7,4,,,3,,,,,,3,,33,,,8,4,4,,,,142,,,10,51,2,11,1,67,,,2,51,50,1,,,,,,,,,,
,,Kalamazoo Valley Community College,"11,395",6,,5,1,,,,,,,,,,,,,,2,,,,12,,,10,2,4,1,,3,36,,,,24,,6,1,5,,,,9,7,2,,,,,,,,,,
,,Kellogg Community College,"6,071",1,,1,,,,,,,,,,,,,,,,,,,,,,1,,1,,,,3,,,,2,,,,1,,,,,,,,,,,,,,,,
,,Lansing Community College,"20,640",5,,5,,,,,,1,1,,,,1,,,,,,1,1,20,3,,3,1,1,1,,,107,,,3,72,2,8,,22,1,3,1,20,10,10,,,,,,,,,,6
,,Macomb Community College,"23,969",14,,7,7,,,,,,1,,,,1,,,,,,1,,11,,,1,1,,,,,45,,,1,24,,6,11,3,2,,1,,,,,,,,,,,,,2
,,Michigan State University,"47,825",68,5,54,9,,,,,,12,8,1,1,2,,,,1,1,47,2,72,3,,33,4,22,5,,2,586,1,2,1,162,2,27,5,386,11,1,6,185,185,,,,,,,,1,1,,7
,,Michigan Technological University,"7,022",7,,6,1,,,,,,1,1,,,,,,,,,2,,9,,,6,2,4,,,,58,,,,31,2,4,1,20,1,,,10,9,1,,,,,,,,,,
,,Mott Community College,"11,760",29,7,10,12,,,,,,3,1,,,2,,,,1,,1,2,13,,1,1,1,,,,,85,,2,1,46,2,9,3,22,2,3,2,11,10,1,,,,,,,,,,1
,,Northern Michigan University,"9,405",27,1,25,1,,,,,,2,2,,,,,,,,,4,,30,,,81,80,,1,,,105,,,,62,,13,,30,,,5,42,42,,,,,,,,,,,
,,Oakland Community College,"29,158",6,1,3,2,,,,,,5,1,,,4,,,,,,,,11,1,,4,1,1,,,2,49,,,2,31,,4,1,11,5,1,,2,1,1,,,,,,,,,,1
,,Oakland University,"19,379",39,4,12,23,,,,,,1,,,1,,,,,,,8,2,22,1,,8,4,3,1,,,69,,,2,42,,9,1,15,2,,1,17,16,1,,,,,,1,,,,2
,,Saginaw Valley State University,"10,790",45,3,19,23,,,,,,3,,,,3,,,,,,5,2,33,1,,13,9,2,2,,,79,,,,23,,5,4,47,2,,1,31,31,,,,,,,,,,,1
,,University of Michigan:,,,,,,,,,,,,,,,,,,,,,,,,,,,,,,,,,,,,,,,,,,,,,,,,,,,,,,,,
,,Ann Arbor,"42,716",99,9,68,22,,,,,,18,3,,3,12,1,,1,6,,36,13,173,5,2,40,19,17,2,,2,740,2,,17,523,4,26,9,159,10,3,13,173,170,3,,,,,,,,,,10
,,Flint,"8,262",11,,11,,,,,,,2,,,,2,,,,,,1,,30,,,1,1,,,,,102,,2,1,80,,6,2,11,3,3,,3,3,,,,,,,,,,,
,,Western Michigan University,"25,086",25,3,19,3,,,,,,3,,,1,2,,,,2,,8,1,85,1,,24,12,5,,,7,117,,,1,37,4,5,2,68,2,1,1,70,68,2,,,,,,,1,1,,3
,Metropolitan Counties,Bay,,307,31,196,80,,,,,2,25,11,1,1,12,,,,3,,122,4,192,6,,53,23,19,6,1,4,554,2,,131,45,,142,7,227,31,5,8,49,48,1,,,,,,,,,,10
,,Berrien,,557,69,429,59,2,2,,,1,62,15,8,4,35,,,,2,,196,9,307,9,,63,37,20,3,3,,426,1,,37,41,4,130,13,200,29,6,26,375,349,26,,,,,,3,,,,40
,,Clinton,,82,5,65,12,,,,,,14,4,7,,3,,,,1,,68,1,67,1,,29,9,5,13,,2,105,,1,20,20,2,18,5,39,15,1,5,111,111,,,,,,,,1,,1,8
,,Ingham,,478,76,379,23,1,1,,,,56,16,17,1,22,,,,6,,199,17,258,7,,120,34,45,28,,13,447,,,19,108,1,120,17,182,31,5,11,326,264,62,,,,,,3,,,,23
,,Jackson,,497,86,322,89,4,4,,,1,41,9,10,4,18,,,,2,,164,9,247,9,,80,36,28,13,,3,414,1,3,29,120,,78,14,169,27,5,9,114,101,13,,,,,,2,,,,22
,,Kent,,"3,056",245,"2,098",713,1,1,,,7,200,59,42,15,84,5,,5,13,,873,69,802,51,5,543,322,94,105,1,21,"2,083",3,4,675,243,9,408,36,705,109,57,28,797,764,33,,,,,,19,1,1,,101
,,Lapeer,,303,34,202,67,,,,,,29,15,3,1,10,,,,1,,125,4,132,1,,79,16,22,35,1,5,248,,1,,70,1,40,13,123,19,2,16,122,122,,,,,,,,1,1,,11
,,Livingston,,325,20,286,19,,,,,5,52,18,5,4,25,,,,3,,191,13,182,8,1,139,25,63,45,,6,558,,,173,77,2,138,28,140,52,4,14,147,146,1,,,,,,,,,,26
,,Macomb,,"1,892",222,"1,102",568,,,,,1,108,48,13,3,44,,,,20,1,447,33,"1,034",20,2,644,395,100,142,,7,"1,693",203,2,144,177,,484,146,537,151,38,37,502,391,111,,,,,,8,6,3,3,46
,,Midland,,267,26,239,2,1,1,,,1,57,25,7,4,21,2,,2,3,,125,4,150,2,,55,36,15,4,,,276,,,10,34,,49,5,178,8,,2,39,39,,,,,,,,,,,15
,,Monroe,,"1,145",107,893,145,5,4,1,,7,97,48,9,7,33,,,,23,,709,19,539,16,,253,41,120,74,2,16,"1,745",15,9,331,334,3,503,61,489,161,58,40,162,159,3,,,,,,7,1,1,,53
,,Montcalm,,324,30,283,11,1,1,,,6,46,11,8,1,26,,,,4,,141,9,175,4,,56,16,25,9,1,5,304,,1,23,40,1,51,11,177,20,1,5,49,45,4,,,,,,3,,,,20
,,Muskegon,,417,37,362,18,,,,,,44,8,7,,29,,,,5,,200,7,335,2,,59,17,24,15,,3,582,,,9,89,,84,23,377,28,1,3,91,88,3,,,,,,1,,,,21
,,Oakland,,"3,501",739,"2,102",660,20,19,1,,20,162,66,27,7,62,,,,82,,"1,638",93,"1,777",91,4,"1,182",422,295,426,1,38,"3,442",14,25,599,748,7,"1,022",240,787,330,205,66,"1,784","1,517",267,2,,2,,,5,16,12,4,185
,,Ottawa,,"2,278",179,"1,714",385,2,2,,,7,342,118,50,20,154,3,1,2,24,,868,85,"1,161",38,4,645,248,186,160,4,47,"2,468",3,6,417,228,5,738,106,965,72,21,61,498,470,28,,,,,,35,4,2,2,128
,,Saginaw,,572,66,352,154,,,,,3,40,11,9,1,19,,,,1,,145,7,226,11,2,75,41,17,14,,3,421,,4,177,16,,54,12,158,31,15,5,148,144,4,,,,,,,,,,22
,,St. Clair,,884,103,502,279,3,2,1,,2,77,21,9,5,42,2,,2,17,1,345,21,442,11,1,225,79,79,64,1,2,978,1,,341,172,2,159,21,282,87,8,26,723,711,12,,,,,,9,1,1,,41
,,Washtenaw,,"1,326",316,869,141,1,1,,,12,176,66,15,4,91,,,,29,,872,42,666,22,1,343,192,73,71,,7,"1,190",1,6,153,267,2,336,53,372,174,67,76,360,269,91,,,,,,7,51,32,19,63
,,Wayne,,123,,123,,,,,,,1,,,,1,,,,,,,,1,,,61,61,,,,,1,,,,,,,,1,,,,2,2,,,,,,,,,,,1
,Nonmetropolitan Counties,Alcona,,132,11,75,46,,,,,2,6,2,1,,3,,,,,,69,,64,,,19,2,4,11,,2,128,,1,1,23,,14,,89,2,,1,31,31,,,,,,,,,,,7
,,Alger,,1,1,,,,,,,,1,,1,,,,,,1,,1,,,,,,,,,,,4,,,,1,,,1,2,,,,2,2,,,,,,,,,,,
,,Allegan,,914,73,595,246,,,,,3,107,20,11,4,72,1,,1,3,,264,11,317,10,,152,58,51,42,,1,619,,,69,19,1,112,17,401,30,2,11,225,207,18,,,,,,12,,,,69
,,Alpena,,43,1,39,3,,,,,,8,,,1,7,,,,,,21,,20,1,,1,,1,,,,54,,,29,5,,6,,14,,,2,2,1,1,,,,,,,,,,2
,,Antrim,,184,15,163,6,,,,,1,17,7,1,,9,,,,,,75,3,129,2,,19,13,3,3,,,162,,,5,35,,22,,100,21,,3,71,71,,,,,,,2,,,,5
,,Arenac,,143,13,122,8,,,,,2,9,3,1,,5,,,,3,,66,5,47,,,12,5,4,3,,,115,,,9,12,2,25,1,66,12,1,13,62,62,,,,,,,1,,,,3
,,Baraga,,10,2,8,,,,,,,,,,,,,,,,,2,1,6,,,1,1,,,,,15,,,1,1,,2,1,10,,,,2,1,1,,,,,,,,,,1
,,Branch,,122,15,105,2,,,,,,12,6,,1,5,,,,,,82,1,89,,,20,4,9,3,,4,135,,,3,26,1,17,2,86,6,,2,80,62,18,,,,,,1,,,,3
,,Charlevoix,,112,4,97,11,,,,,,23,7,7,,9,,,,2,,25,1,47,,14,17,4,8,3,,2,108,,1,8,23,1,8,2,65,8,,3,58,58,,,,,,,,,,,7
,,Cheboygan,,73,6,62,5,,,,,,16,9,5,,2,,,,1,,60,3,44,,,10,5,5,,,,59,1,,1,13,,7,4,33,3,,2,23,23,,,,,,,,,,,2
,,Chippewa,,94,9,74,11,,,,,1,9,1,2,,6,,,,3,,48,3,36,,,5,3,1,1,,,64,,,3,11,,5,2,43,4,,1,19,19,,,,,,,1,,,,5
,,Crawford,,102,20,74,8,,,,,1,11,5,3,,3,,,,,,69,3,45,2,,8,6,1,1,,,76,,1,,4,,6,3,62,6,,7,38,38,,,,,,,,,,,6
,,Emmet,,132,14,94,24,,,,,1,13,9,1,,3,,,,1,,35,7,53,4,,44,32,7,2,,3,182,,,30,20,,19,7,106,3,,1,77,77,,,,,,,1,,,,9
,,Gladwin,,137,16,119,2,1,1,,,,16,7,4,,5,,,,2,,108,4,37,1,,6,2,2,2,,,109,,,1,3,,21,4,80,6,1,6,43,41,2,,,,,,1,,,,8
,,Gogebic,,83,3,68,12,1,1,,,,,,,,,,,,3,,11,3,42,1,,20,12,3,3,,2,84,1,2,15,20,,8,3,35,4,,3,27,27,,,,,,,,,,,8
,,Grand Traverse,,648,63,507,78,,,,,4,87,37,15,4,31,,,,5,,195,12,263,20,1,116,65,23,20,,8,656,1,,187,118,3,110,27,210,32,8,11,162,132,30,,,,,,9,1,1,,16
,,Gratiot,,130,3,91,36,,,,,3,18,6,4,1,7,,,,1,,50,,75,,,33,17,9,6,,1,149,,2,15,26,,21,3,82,8,,,29,29,,,,,,,,,,,5
,,Houghton,,93,2,77,14,,,,,,7,,3,1,3,,,,,,16,1,45,,,17,15,2,,,,78,,1,1,15,2,6,1,52,2,,,2,2,,,,,,,1,,,,2
,,Huron,,119,9,87,23,,,,,,12,6,2,,4,,,,,,77,6,120,2,,17,6,3,7,,1,123,,1,1,18,,7,4,92,7,,4,33,31,2,,,,,,,,,,4
,,Ionia,,258,15,223,20,1,1,,,,36,12,4,4,16,1,,1,4,,123,3,111,4,1,55,23,13,13,,6,236,1,2,24,24,,53,7,125,25,1,1,44,43,1,,,,,,2,,,,15
,,Iosco,,8,1,6,1,,,,,,,,,,,,,,1,,4,1,8,,,,,,,,,10,,,1,1,,4,1,3,1,,,3,3,,,,,,,,,,,1
,,Iron,,27,8,17,2,,,,,,3,1,,,2,,,,,,25,2,25,1,,8,6,2,,,,30,6,,,3,,3,,18,2,,2,14,13,1,,,,,,,,,,2
,,Isabella,,294,33,250,11,1,1,,,,35,12,1,1,21,,,,2,,123,7,174,4,1,56,7,39,8,,2,278,,3,35,54,,69,5,112,18,1,3,44,42,2,,,,,,,,,,11
,,Kalkaska,,152,11,110,31,1,,1,,1,19,11,3,,5,1,,1,1,,133,3,69,1,,19,10,8,1,,,238,,,8,8,,16,4,202,15,1,,25,25,,,,,,,2,,,,19
,,Keweenaw,,15,,9,6,,,,,,,,,,,,,,1,,10,,13,,,,,,,,,14,,,,3,,1,,10,2,,,3,2,1,,,,,,,,,,
,,Luce,,21,2,15,4,,,,,,6,4,,,2,,,,,,4,1,9,,,2,,,,,2,21,,,1,7,,1,,12,,,1,10,10,,,,,,,,,,,3
,,Mackinac,,45,3,33,9,,,,,,3,,1,,2,,,,,,30,1,38,,,5,2,2,1,,,57,,,2,19,,6,2,28,3,,,1,1,,,,,,,1,,,,1
,,Manistee,,121,16,97,8,1,1,,,,10,4,2,,4,,,,1,,31,4,59,5,,18,7,10,1,,,102,,,10,19,,18,2,53,4,2,4,64,58,6,,,,,,1,,,,8
,,Marquette,,70,2,43,25,1,1,,,,6,4,1,,1,,,,1,,29,6,25,2,,27,18,8,,1,,152,,1,85,8,,17,3,38,7,,2,15,15,,,,,,,,,,,3
,,Mason,,155,16,104,35,2,2,,,6,37,19,4,4,10,,,,3,,93,7,121,4,,60,24,18,13,,5,396,1,,38,62,1,22,9,263,18,1,5,33,30,3,,,,,,3,,,,8
,,Mecosta,,332,187,139,6,,,,,2,30,6,1,4,19,,,,3,1,119,4,180,2,,163,122,40,1,,,335,,,79,6,,23,2,225,16,,4,51,50,1,,,,,,2,,,,12
,,Menominee,,66,9,51,6,,,,,,11,6,,,5,,,,,,69,3,40,,,19,7,9,2,,1,91,1,,,21,2,7,,60,2,,2,22,22,,,,,,,,,,,6
,,Montmorency,,16,2,13,1,,,,,,5,1,,,4,,,,,,21,,9,,,1,1,,,,,3,,,,1,,,,2,,,,6,6,,,,,,,,,,,4
,,Oceana,,156,10,131,15,2,2,,,3,23,6,5,,12,,,,1,,102,,85,1,,20,2,7,7,,4,169,1,,,21,1,16,1,129,8,2,3,48,48,,,,,,,3,,,,9
,,Ogemaw,,119,19,94,6,,,,,,5,1,2,,2,,,,2,,93,1,66,1,,24,20,,3,,1,141,,,22,5,2,21,5,86,14,1,9,43,43,,,,,,,,,,,8
,,Ontonagon,,9,2,5,2,,,,,,,,,,,,,,1,,8,,4,,,1,1,,,,,10,,,2,1,,1,,6,,,1,6,6,,,,,,,,,,,
,,Osceola,,203,12,189,2,,,,,1,13,2,1,1,9,,,,1,,48,,44,,,31,18,9,4,,,126,,,1,25,2,14,,84,10,2,,19,19,,,,,,,,,,,4
,,Oscoda,,125,12,79,34,,,,,,3,1,,,2,,,,1,,84,1,60,2,,17,11,4,2,,,142,,1,3,5,,8,1,124,10,,2,44,44,,,,,,,3,,,,6
,,Otsego,,34,3,31,,,,,,,6,5,1,,,,,,1,,10,,10,1,,5,2,3,,,,33,,,2,14,,7,,10,2,,,4,4,,,,,,,,,,,
,,Presque Isle,,34,5,27,2,,,,,,3,,2,,1,,,,1,,35,,5,1,,1,1,,,,,26,1,,,8,,2,,15,,,,5,5,,,,,,,1,,,,2
,,Roscommon,,174,12,124,38,,,,,,23,8,7,4,4,,,,2,,62,2,73,3,,41,25,10,6,,,160,,,12,30,1,26,1,90,6,2,3,80,80,,,,,,,3,,,,15
,,Sanilac,,178,24,119,35,,,,,1,13,6,1,2,4,,,,5,,93,3,116,,,28,16,10,1,,1,157,1,1,,17,,8,1,129,12,1,3,46,46,,,,,,,,,,,8
,,Shiawassee,,289,36,239,14,1,1,,,7,38,13,1,3,21,1,,1,2,,110,8,114,3,,74,13,39,14,1,7,318,1,,66,28,,63,18,142,13,5,3,35,35,,,,,,,1,,,,15
,,Tuscola,,281,24,219,38,,,,,,43,14,8,2,19,,,,1,,133,7,140,,,39,19,1,18,,1,245,1,1,3,3,,29,6,202,18,1,4,43,42,1,,,,,,4,,,,23
,State Police Agencies,State Police:,,,,,,,,,,,,,,,,,,,,,,,,,,,,,,,,,,,,,,,,,,,,,,,,,,,,,,,,
,,Alger County,,41,9,32,,1,1,,,,2,1,,,1,,,,,,26,2,13,,,7,4,2,1,,,28,,,3,4,,4,3,14,2,1,,62,62,,,,,,,1,,,,8
,,Allegan County,,226,38,160,28,,,,,1,39,22,8,,9,,,,2,,82,5,106,1,,58,20,20,14,,4,186,,,25,29,,32,7,93,8,1,4,225,225,,,,,,,3,1,1,,14
,,Alpena County,,69,8,47,14,,,,,,7,4,2,,1,,,,1,,36,4,23,7,,27,8,10,7,1,1,77,,,31,8,,8,2,28,2,1,2,83,83,,,,,,,2,,,,3
,,Antrim County,,21,5,11,5,,,,,,10,4,4,,2,,,,2,,6,2,3,1,,,,,,,,13,,,3,,,,,10,3,,1,53,53,,,,,,,1,2,1,1,2
,,Arenac County,,15,,11,4,,,,,,4,4,,,,,,,1,,2,,2,1,,3,1,1,1,,,10,,,,3,,,,7,,,,38,38,,,,,,,,,,,3
,,Baraga County,,37,12,18,7,,,,,,3,1,,,2,,,,,,14,1,7,,,12,11,1,,,,14,,,1,2,,,,11,1,,,36,36,,,,,,,,,,,3
,,Barry County,,139,18,101,20,,,,,,18,11,2,1,4,,,,3,,39,,41,1,,27,8,12,6,,1,80,,,17,20,,12,2,29,7,,5,122,122,,,,,,,3,,,,15
,,Bay County,,165,21,130,14,,,,,2,29,17,6,,6,,,,1,,63,4,60,3,,42,11,19,9,1,2,135,,,18,22,,27,3,65,10,5,1,160,160,,,,,,,1,,,,8
,,Benzie County,,9,1,8,,,,,,,2,,,,2,,,,,,3,,5,1,,4,3,,1,,,8,,,1,2,,,1,4,,,,20,20,,,,,,,,,,,1
,,Berrien County,,179,18,126,35,,,,,3,24,11,7,,6,,,,,,56,8,65,6,,70,36,24,6,,4,178,1,,13,30,,42,6,86,17,1,15,194,193,1,1,,1,,,1,1,1,,29
,,Branch County,,100,14,65,21,,,,,,35,18,5,2,10,,,,4,,38,2,28,4,,15,4,4,4,1,2,54,,,,16,,3,,35,3,1,2,89,89,,,,,,,1,,,,5
,,Calhoun County,,106,8,75,23,,,,,2,25,13,6,1,5,,,,5,,39,2,35,4,,25,18,3,3,1,,65,2,,2,15,1,9,2,34,9,,9,204,204,,,,,,,1,,,,21
,,Cass County,,51,5,44,2,,,,,,11,6,,,5,,,,1,,13,3,13,1,1,10,6,3,1,,,28,,,,7,,9,,12,1,1,5,29,29,,,,,,,2,,,,2
,,Charlevoix County,,29,,20,9,,,,,,30,15,2,,13,,,,,,5,1,9,2,,4,2,1,,1,,12,,,,1,,2,,9,,,1,22,22,,,,,,,,,,,1
,,Cheboygan County,,41,1,31,9,,,,,1,7,3,,,4,,,,,,16,2,12,,,5,4,1,,,,23,,,,5,,8,2,8,2,,1,55,55,,,,,,,,1,,1,1
,,Chippewa County,,90,24,48,18,1,1,,,,20,6,4,,10,,,,1,,27,1,34,,,16,9,2,2,1,2,48,,,1,10,,1,1,35,6,1,,119,119,,,,,,,1,,,,48
,,Clare County,,44,5,33,6,1,,1,,,20,6,5,,9,,,,,,21,,13,3,,14,5,2,6,,1,25,,,2,4,,4,,15,3,,2,59,59,,,,,,,1,,,,2
,,Clinton County,,10,,8,2,,,,,,6,4,,,2,,,,,,4,,4,1,,2,,1,1,,,8,,,1,2,,,,5,,,,22,22,,,,,,,,,,,6
,,Crawford County,,13,,10,3,,,,,,5,2,1,,2,,,,,,6,1,5,,,5,4,,1,,,7,,,,1,,,,6,,,,153,153,,,,,,,,,,,7
,,Delta County,,51,5,43,3,,,,,,10,7,2,,1,,,,1,,23,,17,,,7,3,2,1,,1,27,,,1,7,,4,,15,1,,,69,69,,,,,,,,,,,1
,,Dickinson County,,34,4,22,8,,,,,1,13,6,2,,5,,,,,,8,,18,,,2,1,1,,,,17,,,,2,,,,15,2,,,24,24,,,,,,,,,,,2
,,Eaton County,,56,6,42,8,,,,,,17,6,1,,10,,,,1,,15,3,24,2,1,32,7,3,3,18,1,32,,,3,6,,6,,17,2,1,,118,118,,,,,,,4,,,,5
,,Emmet County,,81,5,59,17,,,,,,26,11,2,1,12,,,,,,24,1,26,2,,28,16,5,6,1,,114,,1,29,18,,22,1,43,2,,,112,112,,,,,,,3,,,,5
,,Genesee County,,118,22,76,20,,,,,5,20,13,1,1,5,,,,2,,75,5,47,6,,33,10,10,12,,1,81,,,3,12,,12,7,47,8,3,23,841,841,,11,7,4,,,21,,,,193
,,Gladwin County,,27,4,15,8,,,,,,17,8,2,,7,,,,2,,19,,7,3,,7,3,1,3,,,24,,,1,8,,5,,10,2,,,22,22,,,,,,,,,,,6
,,Gogebic County,,29,3,17,9,,,,,,7,4,,,3,,,,,,4,1,3,2,,6,4,2,,,,15,,1,1,3,,2,,8,1,,1,29,29,,,,,,,,,,,
,,Grand Traverse County,,20,2,15,3,2,,2,,,25,19,2,1,3,,,,,,8,3,15,3,1,10,3,3,2,,2,40,1,,8,9,,9,,13,2,,1,64,64,,,,,,,1,1,,1,4
,,Gratiot County,,80,14,57,9,,,,,,14,6,4,2,2,,,,1,,22,1,29,1,,12,8,,4,,,48,,,12,6,,10,1,19,1,,2,219,219,,,,,,,,,,,30
,,Hillsdale County,,129,28,92,9,,,,,1,21,11,2,2,6,,,,5,,53,,58,2,,12,5,4,,2,1,61,,,2,11,,13,2,33,7,1,4,60,60,,,,,,,2,,,,3
,,Houghton County,,110,3,81,26,,,,,1,15,7,4,,4,,,,2,,28,2,16,,,17,10,2,4,,1,41,,,6,8,,4,1,22,3,,,33,33,,,,,,,,,,,3
,,Huron County,,30,3,25,2,,,,,,9,3,3,1,2,,,,,,11,1,7,2,,1,1,,,,,15,,,2,1,,1,,11,1,,1,35,35,,,,,,,,,,,2
,,Ingham County,,75,9,51,15,,,,,1,12,10,1,,1,,,,1,,37,4,22,,,15,7,6,2,,,26,,,2,3,1,1,1,18,7,,2,222,221,1,2,,2,,,4,,,,14
,,Ionia County,,180,15,137,28,,,,,2,36,9,8,1,18,,,,1,,63,3,70,4,,35,22,5,3,1,4,167,,,33,26,1,20,5,82,13,,4,129,128,1,,,,,,6,,,,13
,,Iosco County,,137,16,114,7,,,,,,31,12,5,,14,,,,13,,65,2,46,3,,14,6,7,1,,,100,,,5,12,,17,2,64,10,,6,85,85,,,,,,,2,,,,8
,,Iron County,,18,2,14,2,,,,,,5,3,,1,1,,,,,,5,1,3,1,,1,,1,,,,3,,,,1,,1,,1,2,,,23,23,,,,,,,,,,,
,,Isabella County,,144,23,98,23,1,,1,,2,37,21,3,1,12,,,,,,51,8,62,,,47,20,18,9,,,104,,,17,30,,13,,44,5,,2,190,190,,,,,,,2,1,1,,10
,,Jackson County,,240,56,176,8,,,,,2,47,26,9,1,11,,,,6,1,60,4,72,,,61,40,14,6,,1,115,2,,10,23,,18,,62,17,4,7,245,244,1,1,,1,,,2,1,1,,33
,,Kalamazoo County,,49,4,41,4,,,,,,17,7,1,2,7,,,,1,,14,1,4,3,,32,28,3,1,,,27,1,,6,5,1,7,,7,18,,13,76,76,,,,,,,1,,,,5
,,Kalkaska County,,40,4,30,6,,,,,2,25,17,6,,2,,,,,,28,3,11,,,9,4,2,3,,,30,,,2,7,,1,,20,3,,,51,51,,,,,,,2,,,,3
,,Kent County,,21,5,13,3,,,,,1,18,9,1,1,7,,,,,,,1,17,,,60,25,1,5,27,2,20,,,2,,,7,7,4,,,7,172,172,,,,,,,23,1,,1,7
,,Lake County,,27,6,16,5,,,,,,19,12,3,,4,,,,,,16,1,12,5,,3,2,,1,,,22,,,1,3,,,,18,,,,14,14,,,,,,,,,,,4
,,Lapeer County,,130,14,75,41,,,,,,34,8,11,2,13,,,,2,,40,4,31,3,,21,12,3,4,1,1,42,,,,19,,8,,15,6,1,2,99,99,,1,1,,,,1,1,,1,5
,,Lenawee County,,135,29,95,11,3,3,,,1,20,4,8,,8,,,,4,,29,2,25,2,1,16,10,3,3,,,65,,1,12,12,,10,3,27,8,1,1,85,85,,,,,,,,1,1,,11
,,Livingston County,,183,26,121,36,,,,,1,26,10,5,2,9,,,,3,,74,1,90,6,,58,23,16,17,2,,212,,1,42,40,,64,2,63,24,1,7,171,171,,,,,,,,,,,10
,,Luce County,,57,12,36,9,,,,,,6,,1,1,4,,,,,,20,,4,1,,2,,1,1,,,24,,,1,6,,3,1,13,2,1,,17,17,,,,,,,1,,,,15
,,Mackinac County,,61,10,38,13,,,,,1,5,5,,,,,,,,,12,1,13,1,,9,4,3,,1,1,35,,,1,7,,2,,25,2,,2,81,81,,,,,,,1,,,,3
,,Macomb County,,56,3,31,22,,,,,1,19,8,4,,7,,,,1,,21,1,51,2,,12,7,4,1,,,38,1,1,1,5,,9,,21,9,,3,255,255,,1,,1,,,1,3,3,,12
,,Manistee County,,68,16,48,4,,,,,1,9,5,1,,3,,,,,,52,,26,1,,7,3,,4,,,29,,2,4,1,,7,,15,5,1,1,100,100,,,,,,,,,,,5
,,Marquette County,,184,39,125,20,,,,,,19,11,,,8,,,,3,,56,,48,,,14,7,5,,,2,191,,,71,22,,26,1,71,12,1,1,108,108,,,,,,,,,,,50
,,Mason County,,41,3,35,3,,,,,,4,2,,,2,,,,1,,12,1,15,3,,13,9,2,1,,1,65,,,26,2,,1,,36,3,,,68,68,,,,,,,,,,,5
,,Mecosta County,,54,9,36,9,,,,,,21,6,1,,14,,,,,,13,2,18,1,,19,7,7,3,,2,49,,1,12,4,,7,,25,3,,,96,96,,,,,,,1,,,,2
,,Menominee County,,30,3,23,4,,,,,,8,,6,1,1,,,,,,15,,14,,,6,1,3,1,,1,13,,,1,1,,1,,10,1,,,63,63,,1,,1,,,1,,,,5
,,Midland County,,31,1,27,3,,,,,1,7,6,1,,,,,,,,17,1,4,1,,8,3,4,,,1,14,,,,2,,2,,10,4,,1,69,69,,,,,,,1,1,1,,2
,,Monroe County,,188,39,125,24,,,,,5,33,14,2,,17,,,,2,,70,2,48,7,1,20,14,3,2,1,,159,,1,71,25,,27,2,33,17,7,8,268,268,,2,,2,,,,2,2,,17
,,Montcalm County,,193,13,167,13,,,,,,53,18,11,2,22,,,,4,,114,5,114,6,,25,9,12,2,,2,159,,,7,15,,26,2,109,13,,9,79,79,,,,,,,2,,,,6
,,Montmorency County,,18,3,11,4,,,,,,2,1,1,,,,,,,,13,,2,1,,5,2,2,1,,,6,,,2,,,,,4,1,,,15,15,,,,,,,,,,,
,,Muskegon County,,216,36,172,8,,,,,2,53,26,8,2,17,,,,2,,84,6,84,3,,32,12,10,7,,3,187,1,1,7,22,,43,3,110,11,,1,264,264,,2,,2,,,4,,,,34
,,Newaygo County,,239,24,196,19,,,,,2,54,26,6,2,20,,,,2,,82,4,56,,2,16,9,5,2,,,158,,,5,22,,33,2,96,18,2,6,70,69,1,,,,,,1,,,,11
,,Oakland County,,135,25,80,30,2,2,,,2,23,6,3,1,13,,,,1,,85,3,88,,1,40,23,13,3,,1,112,,3,3,19,,19,15,53,17,3,12,143,142,1,2,,2,,,1,18,18,,38
,,Oceana County,,66,4,51,11,,,,,,11,5,,,6,,,,,,24,1,19,2,,13,7,4,2,,,57,,,4,,,10,,43,5,,1,113,112,1,,,,,,1,,,,2
,,Ogemaw County,,104,11,74,19,,,,,,30,13,7,,10,,,,4,,44,1,28,2,,16,6,2,6,1,1,66,,,10,9,,12,1,34,3,2,,78,78,,,,,,,1,,,,5
,,Ontonagon County,,25,4,21,,,,,,,9,4,5,,,,,,,,14,,4,1,,8,4,2,1,,1,28,,1,3,5,,3,,16,3,,,19,19,,,,,,,,,,,3
,,Osceola County,,98,15,81,2,,,,,2,24,7,3,3,11,,,,1,,34,2,19,2,,12,8,1,2,,1,51,,,2,9,,2,,38,5,2,1,39,39,,,,,,,3,,,,5
,,Otsego County,,117,11,91,15,,,,,,22,11,2,3,6,,,,1,,33,4,39,2,,22,4,15,2,,1,74,,1,18,6,,14,1,34,9,,1,236,236,,,,,,,,1,,1,20
,,Ottawa County,,6,3,1,2,,,,,,4,1,1,,2,,,,1,,,,1,,,3,2,,1,,,2,,,,,,1,,1,1,,2,196,195,1,,,,,,1,,,,7
,,Presque Isle County,,8,4,4,,,,,,,3,1,1,,1,,,,,,3,,4,,,2,1,1,,,,2,,,,,,,,2,,,,11,11,,,,,,,,,,,
,,Roscommon County,,65,6,53,6,,,,,2,9,4,1,,4,,,,1,,42,4,31,2,,13,9,3,1,,,80,,,4,11,1,25,2,37,4,,,87,87,,,,,,,4,,,,4
,,Saginaw County,,190,38,130,22,1,1,,,1,42,18,4,2,18,,,,13,,50,2,68,2,1,25,7,10,5,2,1,95,,,5,21,,15,6,48,11,2,7,421,421,,,,,,,2,,,,36
,,Sanilac County,,72,8,53,11,1,1,,,1,30,20,6,,4,,,,,,40,,23,2,,10,2,8,,,,34,,,4,16,,5,1,8,5,,,63,63,,,,,,,,1,1,,7
,,Schoolcraft County,,40,10,25,5,,,,,,8,6,,,2,,,,,,30,,34,1,,3,3,,,,,22,,,,3,,1,1,17,,,,49,49,,,,,,,,,,,3
,,Shiawassee County,,62,3,57,2,,,,,,19,11,,1,7,,,,1,,41,3,27,2,,23,9,10,3,1,,82,,1,24,10,,9,3,35,7,,3,154,154,,,,,,,2,,,,5
,,St. Clair County,,131,15,85,31,,,,,1,21,5,,1,15,,,,,,57,2,84,1,,47,12,15,19,,1,98,,,2,16,,14,2,64,7,,1,45,45,,2,2,,,,,,,,13
,,St. Joseph County,,173,23,125,25,,,,,1,27,9,5,,13,,,,4,,42,2,41,1,1,16,12,2,,,2,71,,,10,17,,3,2,39,12,1,4,47,47,,,,,,,3,,,,11
,,Tuscola County,,152,23,111,18,,,,,1,25,8,7,1,9,,,,2,,43,4,49,1,,14,7,4,1,,2,61,1,,1,15,1,7,2,34,12,1,1,99,99,,,,,,,2,,,,4
,,Van Buren County,,330,32,244,54,,,,,1,32,9,6,3,14,,,,4,,104,4,93,4,,37,15,16,3,,3,145,,,8,25,,31,5,76,18,2,4,200,200,,,,,,,1,,,,23
,,Washtenaw County,,145,34,96,15,,,,,2,13,10,,,3,,,,,,64,4,58,4,,30,9,11,8,1,1,76,,,1,7,,26,4,38,16,2,2,201,200,1,1,,1,,,2,,,,13
,,Wayne County,,94,44,46,4,2,1,1,,2,22,10,5,,7,,,,,,3,14,47,5,1,43,18,9,8,7,1,71,5,,3,16,,10,2,35,19,8,147,456,456,,47,43,4,,,5,8,8,,71
,,Wexford County,,61,6,50,5,,,,,3,22,9,3,,10,,,,1,,29,5,23,2,1,19,7,8,4,,,83,1,,35,13,,4,,30,1,2,1,106,106,,,,,,,4,,,,5
,Other Agencies,Genesee County Parks and Recreation,,4,1,3,,,,,,,1,1,,,,1,,1,,,5,,15,,,,,,,,,21,1,,,1,,17,,2,,,2,11,10,1,,,,,,,,,,3
,,Gerald R. Ford International Airport,,3,,3,,,,,,,,,,,,,,,,,,,2,,,1,1,,,,,13,,,,5,,2,,6,6,,,,,,,,,,,,,,,7
,,Huron-Clinton Metropolitan Authority:,,,,,,,,,,,,,,,,,,,,,,,,,,,,,,,,,,,,,,,,,,,,,,,,,,,,,,,,
,,Kensington Metropark,,1,,1,,,,,,,,,,,,,,,1,,,,9,,,,,,,,,12,,1,,3,,3,,5,,,,10,8,2,,,,,,,,,,1
,,Lower Huron Metropark,,6,,6,,,,,,,1,,,,1,,,,,,,,21,,,,,,,,,14,,,,,1,2,,11,1,,,6,6,,,,,,,,,,,
,,Stony Creek Metropark,,13,4,9,,,,,,,3,,,,3,,,,,,,2,22,,,,,,,,,29,1,,,8,,6,1,13,1,1,,5,5,,,,,,,,,,,2
,,Wayne County Airport,,28,5,17,6,,,,,,2,,,,2,,,,,,2,2,21,2,,24,20,3,1,,,107,,,2,14,,5,4,82,66,1,5,17,16,1,,,,,,,,,,13
,Other Agencies - Tribal,Nottawaseppi Huron Band of Potawatomi,,23,3,20,,,,,,,2,,,,2,,,,,,8,,16,1,,2,,1,1,,,38,,,3,4,,4,,27,1,,2,5,3,2,,,,,,,,,,
MISSISSIPPI,Cities,Biloxi,"45,037","1,495",72,"1,326",97,2,1,1,,6,39,31,2,,6,1,,1,7,,733,83,634,83,4,255,77,73,101,,4,"1,435",1,1,491,2,9,,2,929,116,87,11,704,554,150,,,,,,5,32,31,1,60
,,Byram,"11,653",148,3,138,7,,,,,,,,,,,1,,1,,,52,8,87,7,,33,20,12,1,,,190,,,29,2,1,43,,115,27,4,1,51,35,16,,,,,,1,,,,7
MISSOURI,Cities,Alma,401,2,,2,,,,,,,,,,,,,,,,,,,,,,,,,,,,,,,,,,,,,,,,,,,,,,,,,,,,
,,Blackburn,247,,,,,,,,,,,,,,,,,,,,,,,,,,,,,,,,,,,,,,,,,,,,,,,,,,,,,,,
,,Chillicothe,"9,462",100,10,88,2,,,,,5,12,2,3,1,6,7,2,5,2,,65,25,101,4,,34,20,12,1,,1,231,,,62,43,,41,23,62,16,2,8,131,73,58,,,,,,1,1,1,,5
,,Emma,232,,,,,,,,,,,,,,,,,,,,,,,,,,,,,,,,,,,,,,,,,,,,,,,,,,,,,,,
,,Gladstone,"25,832",232,52,174,6,5,5,,,4,10,3,3,,4,1,,1,8,,126,43,170,,,73,39,27,7,,,536,,,10,1,,13,2,510,81,13,9,150,83,67,,,,,,1,,,,12
,,Grain Valley,"12,922",174,23,131,20,,,,,2,17,5,1,3,8,2,,2,1,,43,5,139,,,25,5,8,12,,,174,1,3,3,4,,66,25,72,22,2,8,121,62,59,,,,,,2,,,,7
,,Joplin,"50,654","1,532",189,"1,328",15,3,2,1,,13,82,29,6,,47,11,,11,28,,644,151,668,,,167,87,59,21,,,"2,934",9,14,708,241,1,664,37,"1,260",264,70,84,"1,015",645,370,,,,,,26,7,7,,66
,,Kansas City,"464,073","11,357","3,912","6,900",545,106,105,1,,49,526,247,174,2,103,16,1,15,262,,"6,951",517,"5,124",154,1,"1,718",585,472,399,1,261,"15,827",86,61,"2,761","2,936",53,"4,396","2,992","2,542","3,486","1,658",182,"2,720","2,009",711,,,,,,14,166,143,23,410
,,Merriam Woods,"1,802",,,,,,,,,,,,,,,,,,,,,,,,,,,,,,,,,,,,,,,,,,,,,,,,,,,,,,,
,,Oak Grove,"7,834",64,4,60,,,,,,,12,2,1,,9,,,,1,,26,11,67,,,17,4,6,7,,,191,,,75,6,1,48,14,47,10,2,2,146,76,70,,,,,,,,,,3
,,Pilot Knob,745,,,,,,,,,,,,,,,,,,,,,,,,,,,,,,,,,,,,,,,,,,,,,,,,,,,,,,,
,,Smithville,"8,563",96,13,83,,,,,,,6,3,,,3,,,,,,16,5,57,,,12,,4,8,,,78,,,8,3,,40,2,25,5,,,55,29,26,,,,,,,,,,4
,,St. Charles,"66,723",674,70,582,22,1,1,,,15,26,7,11,,8,6,,6,16,,224,60,914,,,124,35,71,17,,1,"1,682",8,3,168,334,6,509,55,599,67,24,28,355,176,179,,,,,,4,1,1,,49
,,St. Peters,"53,364",588,99,457,32,,,,,4,23,6,4,,13,5,,5,9,,116,49,411,31,,98,1,48,49,,,"1,257",,,516,156,,199,120,266,27,14,30,754,388,366,1,,1,,,5,,,,37
,,Sturgeon,890,,,,,,,,,,,,,,,,,,,,,,,,,,,,,,,,,,,,,,,,,,,,,,,,,,,,,,,
,,Wellington,809,,,,,,,,,,,,,,,,,,,,,,,,,,,,,,,,,,,,,,,,,,,,,,,,,,,,,,,
,Nonmetropolitan Counties,Laclede,,212,81,86,45,1,1,,,,18,4,,,14,2,,2,4,,73,1,92,,,8,,3,2,,3,189,,,2,53,,17,8,109,20,,10,118,60,58,,,,,,,,,,19
,,Ste. Genevieve,,130,46,79,5,,,,,,5,3,1,,1,2,,2,1,,26,4,58,,,5,2,2,,,1,81,14,,3,27,,5,2,30,7,,3,112,68,44,,,,,,,,,,3
MONTANA,Cities,Baker,"1,792",10,,10,,,,,,1,2,,,,2,,,,,,3,,22,,,4,4,,,,,18,,,,3,,4,2,9,,,,7,4,3,,,,,,,,,,
,,Belgrade,"7,601",87,12,71,4,,,,,,18,5,,,13,1,,1,5,,28,6,78,1,,13,8,,5,,,193,,,,25,,33,5,130,9,1,,58,27,31,,,,,,1,1,1,,
,,Billings,"106,371","1,302",261,"1,028",13,3,3,,,51,118,39,8,6,65,11,,11,14,,774,91,"1,793",,,192,166,,26,,,"3,657",,,669,656,,"1,231",122,979,414,68,4,779,373,406,,,,,,,,,,32
,,Boulder,"1,189",13,2,11,,,,,,1,1,,,,1,,,,,,,1,4,,,,,,,,,8,,,1,1,,4,,2,,,,,,,,,,,,,,,,
,,Bozeman,"38,289",337,59,256,22,1,1,,,10,65,31,4,,30,5,4,1,7,,136,27,624,1,,103,22,47,34,,,"1,174",4,1,224,179,,265,15,486,57,8,,233,128,105,,,,,,2,5,4,1,10
,,Bridger,709,9,1,6,2,,,,,,,,,,,,,,,,2,1,6,,,1,1,,,,,5,,,,2,,,1,2,,,,,,,,,,,,,,,,
,,Colstrip,"2,264",9,2,7,,,,,,1,2,,,,2,,,,,,1,1,17,1,,2,1,1,,,,12,,,2,2,,2,,6,1,,,2,1,1,,,,,,,,,,1
,,Columbia Falls,"4,740",58,4,53,1,,,,,,3,,,,3,,,,1,,4,2,53,,,8,,2,6,,,124,3,2,18,17,,24,3,57,3,,,32,17,15,,,,,,,,,,3
,,Columbus,"1,909",31,7,14,10,,,,,1,1,,,,1,,,,,,4,,21,1,,2,1,1,,,,32,,,,15,,5,,12,2,1,,6,4,2,,,,,,,,,,1
,,Conrad,"2,634",40,8,32,,,,,,,1,,,,1,,,,,,1,1,27,,,3,1,1,1,,,32,,,,6,,2,1,23,2,,,11,6,5,,,,,,,,,,2
,,Cut Bank,"2,939",72,13,59,,,,,,,5,2,,,3,1,,1,,,31,3,47,2,,5,4,,1,,,86,,,19,24,1,17,3,22,3,,1,39,27,12,,,,,,,,,,2
,,Dillon,"4,142",24,4,20,,,,,,1,6,,4,,2,,,,,,5,,22,2,,2,2,,,,,37,,,9,4,,4,2,18,4,,,28,14,14,,,,,,,,,,1
,,East Helena,"2,055",22,1,21,,,,,,1,2,,,,2,,,,,,1,,8,,,1,1,,,,,11,,,1,1,,4,,5,4,,,10,6,4,,,,,,,,,,
,,Ennis,841,1,,1,,,,,,,,,,,,,,,,,,,1,,,4,2,,2,,,2,,,,1,,,,1,,,,5,3,2,,,,,,,,,,
,,Eureka,"1,038",13,,13,,,,,,,2,1,,,1,,,,,,2,4,13,,,1,1,,,,,25,,,,2,,1,1,21,2,,,6,2,4,,,,,,,,,,
,,Fort Benton,"1,470",9,5,4,,,,,,,,,,,,,,,,,,1,10,,,1,,,1,,,9,,,,,,,,9,2,,,,,,,,,,,,,,,1
,,Glasgow,"3,324",52,3,43,6,,,,,1,5,3,,,2,1,1,,,,4,1,82,,,2,2,,,,,34,,,,12,,2,,20,5,,,16,10,6,,,,,,,,,,3
,,Glendive,"4,981",59,11,43,5,1,1,,,1,3,1,,,2,,,,3,,29,3,94,3,,55,40,,15,,,159,1,1,9,19,1,49,3,76,8,,,50,27,23,,,,,,1,,,,2
,,Great Falls,"59,360",775,115,656,4,1,1,,,23,32,10,2,,20,3,2,1,15,1,321,35,"1,135",22,,44,38,4,2,,,"2,381",,,791,48,2,538,181,821,131,25,5,340,172,168,,,,,,,,,,21
,,Hamilton,"4,404",98,25,71,2,1,1,,,2,14,3,1,,10,1,,1,3,,22,2,114,3,,47,36,,11,,,216,,3,24,40,1,60,1,87,8,,1,69,46,23,,,,,,2,1,1,,1
,,Havre,"9,667",248,46,196,6,,,,,8,40,15,2,,23,4,,4,8,1,28,9,227,1,,21,15,,6,,,405,,,51,36,,60,10,248,25,1,,98,47,51,,,,,,,1,1,,5
,,Helena,"28,791",438,89,326,23,,,,,15,91,28,4,,59,2,2,,11,,123,37,481,10,,109,58,31,20,,,891,1,10,255,107,,211,17,290,33,12,2,283,154,129,,,,,,1,2,2,,19
,,Hot Springs,549,18,3,14,1,,,,,,,,,,,,,,,,1,1,5,,,1,,,,1,,16,,,,7,,1,,8,,,,7,3,4,,,,,,,,,,1
,,Joliet,597,,,,,,,,,,,,,,,,,,,,,,3,,,,,,,,,,,,,,,,,,,,,,,,,,,,,,,,,
,,Kalispell,"20,147",262,44,211,7,1,1,,,10,26,17,1,,8,4,,4,,,90,15,406,6,,60,26,23,10,1,,786,1,1,179,122,2,245,20,216,34,7,2,333,171,162,,,,,,1,1,1,,8
,,Laurel,"6,861",87,10,77,,,,,,,1,1,,,,,,,3,,18,5,117,,,9,2,2,5,,,155,,4,20,10,,47,10,64,16,,5,50,25,25,,,,,,,,,,
,,Lewistown,"5,899",45,14,28,3,,,,,,20,3,,,17,2,2,,1,,5,2,56,,,10,6,,4,,,71,,,,4,,22,,45,7,,,4,1,3,,,,,,,,,,
,,Libby,"2,630",39,4,35,,,,,,1,,,,,,,,,,,7,,27,1,,2,2,,,,,61,1,2,16,13,,7,1,21,3,,1,7,2,5,,,,,,,,,,1
,,Livingston,"7,017",102,20,79,3,,,,,3,6,3,,,3,2,1,1,1,,15,,74,,,4,1,2,1,,,119,,,21,15,,23,4,56,10,1,,118,65,53,,,,,,,,,,2
,,Manhattan,"1,564",11,,10,1,,,,,,5,,,,5,,,,1,,3,,11,2,,3,2,,1,,,14,,,2,,,2,2,8,1,,,6,2,4,,,,,,1,,,,
,,Miles City,"8,497",96,19,76,1,,,,,4,6,3,,,3,,,,2,,15,6,122,1,,21,11,4,5,1,,180,,5,34,3,,16,1,121,12,,,39,20,19,,,,,,1,1,1,,6
,,Missoula,"67,758",968,163,766,39,,,,,17,100,25,6,2,67,5,2,3,10,,373,54,"1,207",23,,225,101,83,37,4,,"2,592",3,1,674,418,5,653,115,723,108,33,1,614,326,288,,,,,,1,5,4,1,28
,,Plains,"1,057",11,2,9,,,,,,,,,,,,1,,1,,,,2,9,,,2,,,2,,,9,,,1,2,,,1,5,1,,,4,2,2,,,,,,,,,,
,,Polson,"4,555",130,20,108,2,,,,,3,6,3,2,,1,,,,3,,25,21,188,5,,13,10,1,2,,,228,2,5,44,24,,49,9,95,15,,1,79,41,38,,,,,,,,,,6
,,Red Lodge,"2,129",27,10,15,2,,,,,2,4,2,,,2,,,,2,,10,,36,,,4,2,,2,,,58,,,3,5,,3,1,46,4,,,19,10,9,,,,,,,,,,
,,Ronan City,"1,896",54,17,35,2,,,,,1,3,2,,,1,,,,,,11,2,20,,,5,3,,1,1,,87,,,21,18,,24,5,19,4,1,1,47,25,22,,,,,,,,,,5
,,Sidney,"5,474",109,22,84,3,,,,,,4,1,,,3,3,1,2,,,33,3,112,1,,15,4,,11,,,118,,,1,36,2,27,4,48,12,2,,41,20,21,,,,,,1,,,,2
,,Stevensville,"1,833",18,7,10,1,,,,,,4,1,,,3,1,1,,1,,4,1,10,,,4,4,,,,,14,,,2,3,,2,1,6,3,,,2,1,1,,,,,,,,,,
,,St. Ignatius,855,3,2,1,,,,,,,,,,,,,,,,,1,1,3,,,,,,,,,13,,,1,3,,3,,6,,,,5,3,2,,,,,,,,,,
,,Thompson Falls,"1,326",12,,11,1,,,,,,,,,,,,,,1,,7,,12,,,2,2,,,,,25,,,,7,,5,,13,1,,,4,3,1,,,,,,,,,,
,,Troy,939,7,1,6,,,,,,,1,1,,,,,,,,,5,,5,,,,,,,,,27,,,5,7,,4,4,7,,,,8,6,2,,,,,,,,,,
,,West Yellowstone,"1,307",9,2,7,,,,,,,2,,2,,,,,,,,,1,1,,,1,1,,,,,7,,,1,3,1,1,,1,,,,,,,,,,,,,,,,
,,Whitefish,"6,428",67,12,54,1,,,,,4,9,4,1,,4,,,,,,14,2,99,,,24,12,8,4,,,158,1,,17,25,,49,4,62,9,1,,37,20,17,,,,,,,,,,1
,,Wolf Point,"2,664",112,17,95,,,,,,,7,5,,,2,,,,2,,41,10,68,,,2,1,1,,,,155,,,55,21,,14,3,62,4,1,,6,5,1,,,,,,,,,,2
,Universities and Colleges,Montana State University,"13,671",22,4,17,1,,,,,,1,1,,,,1,,1,18,,20,16,128,,,27,24,3,,,,220,,,4,47,,35,3,131,2,,2,150,78,72,,,,,,,,,,
,,University of Montana,"15,669",,,,,,,,,,,,,,,,,,,,3,,38,,,,,,,,,93,,,3,30,,11,,49,,,,44,24,20,,,,,,,,,,
,Metropolitan Counties,Carbon,,26,12,10,4,,,,,,10,1,,,9,,,,,,12,2,34,,,14,5,,9,,,31,,,,7,,2,1,21,5,,,37,17,20,,,,,,,,,,1
,,Cascade,,120,32,86,2,,,,,2,10,6,,,4,1,1,,2,,71,7,186,,,17,8,5,4,,,252,,1,3,38,,55,10,145,28,1,,61,30,31,,,,,,,,,,4
,,Golden Valley,,6,2,4,,,,,,,1,,,,1,,,,,,2,,2,,,,,,,,,,,,,,,,,,,,,1,1,,,,,,,,,,,
,,Missoula,,293,79,194,20,,,,,15,46,16,1,,29,5,4,1,7,1,81,14,245,1,,62,37,7,18,,,388,,2,15,64,,99,14,194,39,5,1,213,119,94,,,,,,,,,,3
,,Yellowstone,,260,50,209,1,1,1,,,3,35,1,3,1,30,,,,8,,164,11,208,,,28,16,,12,,,416,,,6,70,,106,19,215,53,1,,141,63,78,,,,,,1,,,,2
,Nonmetropolitan Counties,Beaverhead,,9,1,7,1,1,1,,,,2,,1,,1,,,,4,,7,2,23,,,4,3,,1,,,26,,,,8,,1,2,15,1,1,1,9,6,3,,,,,,,,,,
,,Blaine,,35,18,14,3,,,,,,1,1,,,,,,,,,3,2,19,,,,,,,,,22,,,4,4,,2,,12,2,,,8,4,4,,,,,,,,,,
,,Broadwater,,49,14,35,,,,,,,3,2,,,1,,,,2,,3,,42,,,2,1,,1,,,42,,1,4,6,,6,,25,2,,1,40,23,17,,,,,,,,,,
,,Carter,,1,,1,,,,,,,,,,,,,,,,,1,,1,,,,,,,,,1,,,,,,,,1,,,,,,,,,,,,,,,,
,,Chouteau,,9,1,2,6,,,,,,,,,,,,,,,,1,,5,,,1,,,1,,,9,,,,5,,1,1,2,1,,,4,2,2,,,,,,,,,,
,,Custer,,11,2,9,,,,,,,1,,,,1,,,,,,3,,32,,,,,,,,,29,,,,2,,6,1,20,5,,,6,2,4,,,,,,,,,,
,,Daniels,,3,2,1,,,,,,,,,,,,,,,,,,,5,,,,,,,,,5,,,3,2,,,,,,,,4,2,2,,,,,,,,,,
,,Dawson,,31,7,23,1,,,,,,4,,,,4,1,1,,,,14,1,55,,,25,18,2,5,,,84,,1,6,10,1,22,7,37,9,,2,20,12,8,,,,,,,,,,2
,,Deer Lodge,,95,21,72,2,1,1,,,1,15,7,1,,7,2,,2,,,13,2,74,3,,7,3,1,3,,,158,,,14,25,,31,7,81,8,,,41,20,21,,,,,,,,,,3
,,Fallon,,4,,4,,,,,,,,,,,,,,,,,,1,1,,,1,,,1,,,4,,,,2,,,,2,,,,,,,,,,,,,,,,
,,Fergus,,29,11,14,4,,,,,,6,1,,,5,,,,1,,12,2,31,,,3,2,,1,,,46,4,,,7,,5,3,27,4,,,10,6,4,,,,,,,,,,
,,Flathead,,404,133,250,21,,,,,,45,13,4,,28,,,,8,,261,37,362,2,,91,32,12,46,1,,949,,,26,125,3,249,27,519,66,5,3,210,120,90,,,,,,,1,1,,1
,,Gallatin,,144,35,96,13,,,,,1,53,17,2,1,33,3,3,,8,1,54,8,195,3,,48,7,26,15,,,320,,1,1,64,,73,4,177,17,1,3,142,101,41,1,,1,,,,,,,2
,,Garfield,,2,,2,,,,,,,,,,,,,,,,,1,,,,,,,,,,,1,,,,1,,,,,,,,,,,,,,,,,,,,
,,Glacier,,91,32,57,2,1,1,,,1,,,,,,,,,,,9,,31,,,1,1,,,,,54,,3,7,10,,6,2,26,8,,,56,34,22,,,,,,,,,,3
,,Granite,,16,,16,,,,,,,3,,,,3,,,,,,3,1,22,,,5,3,1,1,,,46,,,,7,,4,1,34,2,,,7,5,2,,,,,,,,,,
,,Hill,,86,21,60,5,,,,,4,5,1,,,4,2,,2,3,,12,7,70,1,,7,4,,3,,,144,,,52,11,,16,1,64,11,,1,58,31,27,1,,1,,,,,,,3
,,Jefferson,,55,11,43,1,,,,,1,17,,,,17,,,,5,,13,2,45,,,10,4,,6,,,72,,,1,23,,12,2,34,6,,1,47,22,25,,,,,,,,,,
,,Judith Basin,,7,2,5,,,,,,1,2,1,,,1,,,,,,1,,,,,1,,,1,,,1,,,,,,,,1,3,,,8,5,3,,,,,,,,,,
,,Lake,,183,53,125,5,,,,,3,24,7,2,,15,6,3,3,2,,75,5,125,2,,47,28,8,10,,1,230,1,1,9,66,,43,10,100,48,,1,143,77,66,,,,,,,1,1,,3
,,Lewis and Clark,,146,42,101,3,3,3,,,4,55,12,2,1,40,1,1,,,,79,6,153,2,,76,13,46,17,,,310,,,2,90,,61,15,142,28,2,,74,37,37,,,,,,,,,,3
,,Lincoln,,78,32,46,,3,3,,,1,2,1,,,1,2,2,,2,,30,1,65,,,9,4,4,,1,,101,1,,3,36,,19,1,41,4,,,98,57,41,,,,,,,,,,3
,,Madison,,32,4,28,,,,,,,2,,,,2,,,,3,,4,,27,2,,3,1,1,1,,,43,,,2,9,,8,3,21,2,,1,21,11,10,,,,,,,,,,
,,McCone,,5,,3,2,1,1,,,,,,,,,,,,1,,,,7,,,,,,,,,5,,,,,,,1,4,,,,4,2,2,,,,,,,,,,
,,Meagher,,10,3,6,1,,,,,1,2,,,,2,,,,,,2,,19,,,1,1,,,,,19,,,,6,,2,1,10,1,,,5,4,1,,,,,,,,,,
,,Mineral,,9,1,7,1,,,,,,,,,,,,,,,,1,,1,,,,,,,,,4,,,1,,,,,3,,,,,,,,,,,,,,,,
,,Musselshell,,34,11,21,2,,,,,,9,6,,,3,1,1,,1,,11,,39,,,4,4,,,,,74,,,,3,,8,,63,5,,,36,23,13,,,,,,1,,,,1
,,Park,,55,13,39,3,,,,,1,4,2,,,2,,,,4,,8,1,33,1,,9,1,3,5,,,46,,,4,12,,4,1,25,9,,,68,43,25,,,,,,,1,,1,3
,,Phillips,,31,7,19,5,,,,,1,3,,,,3,1,,1,,,3,1,43,1,,9,3,1,5,,,68,,,4,5,,11,,48,6,,,33,19,14,,,,,,,,,,
,,Pondera,,5,,5,,,,,,,,,,,,,,,,,,,4,,,,,,,,,5,,,,1,,,1,3,1,,,,,,,,,,,,,,,
,,Powell,,52,12,40,,1,1,,,,10,2,2,,6,,,,,,7,2,44,,,1,1,,,,,55,,,3,21,,8,4,19,2,,2,15,9,6,,,,,,,,,,
,,Prairie,,5,2,2,1,,,,,,,,,,,,,,,,,,7,,,3,3,,,,,4,,,,1,,,,3,2,,,,,,,,,,,,,,,
,,Ravalli,,158,39,113,6,1,1,,,2,14,3,,,11,1,1,,2,,33,6,200,1,,54,27,5,22,,,321,1,1,35,74,,55,15,140,17,1,5,108,58,50,,,,,,,,,,2
,,Richland,,44,6,37,1,,,,,,3,,,,3,,,,1,,18,,63,,,6,1,2,3,,,68,,,1,16,,4,4,43,13,,,13,7,6,,,,,,,,,,3
,,Roosevelt,,79,14,59,6,,,,,,2,,,,2,,,,,,7,1,29,,,2,1,,,,1,24,,,,6,,8,1,9,5,,,29,19,10,,,,,,,,,,3
,,Rosebud,,24,5,18,1,,,,,,3,1,,,2,,,,,,5,2,28,,,1,,,1,,,28,,1,2,4,,1,5,15,5,1,1,16,9,7,,,,,,,,,,1
,,Sanders,,30,7,22,1,2,2,,,,2,1,,,1,1,1,,1,,9,1,39,,,10,3,2,5,,,63,,,5,14,,12,1,31,10,1,2,29,18,11,,,,,,,,,,1
,,Sheridan,,53,14,39,,,,,,,6,3,,,3,2,,2,,,7,,42,1,,2,1,1,,,,55,,,4,10,,9,1,31,6,,,34,21,13,,,,,,,,,,3
,,Silver Bow,,412,79,325,8,,,,,3,18,3,,,15,,,,4,,154,18,647,9,,85,27,11,47,,,"1,008",2,2,270,81,,191,19,443,103,6,12,253,126,127,,,,,,,,,,11
,,Stillwater,,49,18,31,,,,,,1,9,4,,,5,,,,1,,50,,72,,,1,1,,,,,60,,,1,19,,2,1,37,4,,,29,14,15,,,,,,,,,,
,,Sweet Grass,,16,5,8,3,,,,,,8,1,,,7,,,,,,6,2,20,,,3,2,1,,,,37,,,1,3,,2,3,28,9,,,14,5,9,,,,,,,,,,
,,Teton,,19,3,16,,1,1,,,1,3,1,,,2,,,,,,6,1,38,,,5,2,,2,1,,45,,,2,5,,14,2,22,3,,,13,9,4,,,,,,,,,,1
,,Toole,,,,,,,,,,,,,,,,,,,1,,14,,88,,,7,2,,5,,,81,,,4,29,,18,4,26,10,,2,67,43,24,,,,,,,,,,2
,,Valley,,29,5,20,4,,,,,1,7,1,1,,5,,,,,,5,,18,,,1,,,1,,,18,,,,2,,2,1,13,5,,,23,14,9,,,,,,,,,,
,,Wheatland,,10,4,6,,,,,,,,,,,,,,,1,,1,,,,,,,,,,,2,,,,2,,,,,1,,,5,5,,,,,,,,,,,1
,,Wibaux,,1,,1,,,,,,,,,,,,,,,,,2,,6,,,,,,,,,1,,,,,,,,1,,,,,,,,,,,,,,,,
NEBRASKA,Cities,Auburn,"3,499",32,,28,4,,,,,1,4,4,,,,,,,,,3,1,5,,,1,,,1,,,13,,,1,,1,4,,7,3,,,29,18,11,,,,,,,,,,2
,,Aurora,"4,484",36,6,28,2,,,,,1,5,1,,1,3,,,,,,21,,19,,1,,,,,,,24,,,5,3,,9,1,6,1,,,37,22,15,,,,,,,,,,3
,,Beatrice,"12,388",177,26,134,17,,,,,,30,10,1,7,12,,,,1,3,104,12,212,89,,28,17,6,2,,3,344,,,57,31,6,85,24,141,6,2,3,96,51,45,,,,,,1,,,,20
,,Bellevue,"51,678",717,21,466,230,1,1,,,18,83,20,1,,62,10,,10,8,,155,43,640,,,138,56,52,30,,,902,,,216,,,264,36,386,97,13,27,733,428,305,1,,1,,,21,1,1,,44
,,Blair,"8,069",71,3,55,13,,,,,1,11,2,,,9,,,,,,19,3,54,,,19,5,1,12,1,,93,,,16,9,,29,5,34,11,2,3,105,61,44,,,,,,,,,,3
,,Broken Bow,"3,571",26,1,14,11,,,,,3,5,2,1,,2,,,,,,8,3,25,1,,1,,1,,,,49,,,10,2,,2,,35,4,,1,59,32,27,,,,,,,,,,3
,,Central City,"2,912",23,,22,1,,,,,3,8,,,,8,,,,,,5,,37,,,2,,2,,,,52,,,11,13,,7,,21,3,,,13,8,5,,,,,,,,,,3
,,Chadron,"5,901",81,2,67,12,,,,,,7,3,,1,3,,,,1,,16,4,101,,,6,5,1,,,,141,,1,15,10,,31,3,81,8,2,1,40,26,14,,,,,,,,,,2
,,Columbus,"22,537",128,11,102,15,,,,,2,23,7,,1,15,,,,1,,68,19,402,,,35,22,9,4,,,391,,,75,40,,90,11,175,18,2,8,178,100,78,,,,,,1,,,,19
,,Cozad,"4,014",46,1,43,2,,,,,,3,,1,,2,,,,,,8,5,23,,,,,,,,,31,,,5,3,,7,2,14,3,,2,27,13,14,,,,,,,,,,2
,,Emerson,845,4,,4,,,,,,,,,,,,,,,,,1,,,,,,,,,,,4,,,,2,,1,,1,,,,2,1,1,,,,,,,,,,
,,Fremont,"26,641",357,18,264,75,,,,,2,45,11,4,1,29,2,1,1,6,,102,36,421,7,,94,26,38,30,,,564,,,133,55,1,96,34,245,35,1,15,209,112,97,,,,,,3,3,1,2,25
,,Gordon,"1,600",71,10,52,9,,,,,,7,2,,,5,,,,,,2,,21,,,1,1,,,,,28,,,22,,,,,6,1,,,1,1,,,,,,,,,,,2
,,Gothenburg,"3,608",18,3,8,7,,,,,,5,3,1,,1,,,,1,,5,,54,,,1,,1,,,,61,,,3,15,,8,1,34,4,,,1,1,,,,,,,,,,,
,,Hastings,"24,961",495,23,381,91,,,,,4,60,24,3,6,27,5,1,4,2,,149,15,391,8,,75,29,30,15,1,,742,,,91,140,3,170,46,292,36,10,7,223,126,97,,,,,,3,3,2,1,16
,,Holdrege,"5,531",66,2,56,8,,,,,,7,1,,,6,,,,,,10,2,51,,,12,4,7,,,1,106,,,5,33,,23,2,43,5,,,36,19,17,,,,,,1,,,,
,,Kearney,"31,392",372,24,332,16,1,1,,,5,29,15,2,1,11,5,,5,9,,117,24,415,26,,152,43,80,22,,7,756,,,147,142,1,209,57,200,15,3,12,434,224,210,,,,,,4,2,2,,26
,,La Vista,"16,242",115,2,69,44,,,,,6,26,5,,,21,,,,,,36,10,130,1,,22,9,8,5,,,198,,,21,,,50,23,104,32,3,20,168,92,76,,,,,,3,6,6,,11
,,Lexington,"10,329",153,9,104,40,,,,,,20,8,,2,10,,,,1,,79,6,291,1,,33,6,20,6,,1,223,,1,25,28,,33,13,123,9,,1,62,41,21,,,,,,,,,,8
,,Madison,"2,458",26,1,21,4,,,,,,1,,1,,,,,,,,5,,8,,1,4,1,,3,,,14,,,,1,,1,1,11,,,,,,,,,,,,,,,,1
,,McCook,"7,735",96,4,78,14,,,,,,8,3,,,5,1,,1,3,,38,14,194,,,11,5,5,1,,,194,,,13,31,1,55,17,77,12,1,2,58,34,24,,,,,,,,,,6
,,Minden,"2,985",28,1,17,10,,,,,,2,1,,,1,,,,,,18,1,88,,,10,5,3,2,,,85,,,4,,1,39,4,37,2,,1,7,4,3,,,,,,,,,,
,,Mitchell,"1,717",11,,11,,,,,,,4,1,,,3,,,,,,13,,6,,,2,1,1,,,,12,,,3,1,,3,,5,1,,,5,3,2,,,,,,,,,,1
,,Nebraska City,"7,366",100,1,73,26,,,,,,16,2,,,14,,,,2,,38,5,70,1,,17,5,9,3,,,156,,,21,13,,35,15,72,10,1,3,78,47,31,,,,,,,,,,3
,,Norfolk,"24,418",233,10,194,29,,,,,4,50,18,4,,28,,,,3,,108,43,380,,,86,17,41,28,,,681,,,164,58,2,152,17,288,37,,12,257,160,97,,,,,,4,,,,20
,,North Platte,"24,806",733,39,412,282,,,,,2,59,19,1,1,38,2,,2,9,,122,22,666,,1,153,95,38,18,1,1,959,1,,220,113,2,149,36,438,43,7,11,222,141,81,,,,,,5,,,,29
,,Ogallala,"4,732",88,2,77,9,,,,,1,7,1,,,6,,,,,,10,1,61,,,8,2,5,1,,,102,,,6,12,,18,7,59,3,2,1,57,28,29,,,,,,,,,,5
,,Papillion,"19,466",178,5,131,42,,,,,3,13,2,1,1,9,,,,4,,34,12,135,3,,83,27,36,20,,,390,,1,217,10,,55,1,106,21,1,3,192,116,76,,,,,,2,,,,11
,,Plattsmouth,"6,534",89,,62,27,,,,,1,8,3,2,,3,,,,1,,13,6,71,1,1,26,16,8,2,,,157,,,10,21,,28,7,91,13,1,4,52,31,21,,,,,,,,,,4
,,Ralston,"6,077",86,4,79,3,,,,,1,11,,,11,,,,,,,34,4,90,,,6,3,3,,,,147,,,13,38,,32,23,41,39,3,1,97,46,51,,,,,,,,,,7
,,Seward,"6,995",66,4,55,7,,,,,2,5,2,,,3,,,,,,10,1,32,,,10,2,6,2,,,79,,,10,12,,12,2,43,5,,3,54,32,22,,,,,,,,,,10
,,Valentine,"2,779",98,11,74,13,,,,,2,3,2,,,1,,,,,,2,,14,,,1,,1,,,,17,,,5,4,,1,1,6,6,,1,20,11,9,,,,,,1,,,,1
,,Wahoo,"4,560",33,,27,6,,,,,,1,1,,,,,,,,,9,1,27,1,,1,1,,,,,49,,,7,12,,20,,10,2,,,35,15,20,,,,,,,,,,2
,,Wilber,"1,888",2,,2,,,,,,,2,,,,2,,,,,,2,1,20,,,6,3,,3,,,13,,,,2,,4,1,6,1,,,5,3,2,,,,,,,,,,1
,,Wymore,"1,449",17,,17,,,,,,,,,,,,,,,,,2,,13,,,,,,,,,20,,,2,2,,5,1,10,,,,3,2,1,,,,,,,,,,1
,Metropolitan Counties,Cass,,113,8,72,33,,,,,,22,12,,1,9,1,,1,1,,50,4,153,1,,25,6,11,4,1,3,234,,,3,22,,48,9,152,22,,4,48,24,24,,,,,,7,,,,6
,,Dixon,,21,6,15,,,,,,,4,3,,,1,,,,3,,25,1,36,,,21,17,,4,,,58,,,2,6,2,21,4,23,2,,,10,4,6,,,,,,,,,,3
,,Hall,,65,4,61,,,,,,,3,2,,,1,1,,1,,,50,3,81,,,3,2,1,,,,173,,,2,16,1,30,15,109,11,,1,67,33,34,,,,,,,,,,3
,,Hamilton,,15,,12,3,,,,,1,3,,,,3,,,,1,,44,,30,1,,3,2,1,,,,45,,,,12,,7,1,25,1,,1,8,5,3,,,,,,,,,,
,,Sarpy,,393,5,329,59,,,,,,29,8,1,,20,5,,5,,,101,9,393,1,,108,30,63,15,,,554,,,23,20,,167,28,316,49,5,5,180,103,77,,,,,,3,,,,13
,,Seward,,23,2,20,1,,,,,,5,1,2,2,,,,,,,7,,5,,,2,1,1,,,,8,,,,,,,,8,5,,,48,33,15,,,,,,,,,,4
,Nonmetropolitan Counties,Adams,,37,1,31,5,,,,,2,7,,,,7,,,,,,47,4,80,,2,12,4,5,3,,,87,,,,20,2,11,5,49,8,,4,19,11,8,,,,,,2,,,,5
,,Buffalo,,66,8,45,13,,,,,2,5,3,1,1,,1,,1,1,,35,7,86,2,,23,13,3,6,,1,103,,,2,21,,20,12,48,3,1,1,36,23,13,,,,,,,,,,3
,,Custer,,23,6,14,3,,,,,,6,,4,,2,,,,1,,11,2,35,,,,,,,,,36,,,,,,2,,34,1,,1,14,6,8,,,,,,5,,,,5
,,Dawson,,57,5,46,6,,,,,,8,4,,2,2,,,,,,12,2,35,2,,12,1,6,5,,,55,,,3,12,,8,2,30,5,,3,44,30,14,,,,,,,,,,9
,,Gage,,41,5,36,,,,,,,7,,,7,,,,,,,32,1,73,,,5,3,2,,,,83,,,1,,,5,1,76,9,,,30,17,13,,,,,,,1,1,,2
,,Gosper,,7,,7,,,,,,,4,1,,1,2,,,,1,,6,,3,,,2,,,,,2,25,,,,7,,,,18,1,,2,10,7,3,,,,,,,,,,2
,,Jefferson,,44,,19,25,,,,,,3,,,1,2,,,,,,15,1,70,,,3,2,,1,,,31,,,,2,,5,1,23,2,,1,13,8,5,,,,,,,,,,1
,,Kearney,,40,4,31,5,,,,,,1,,1,,,,,,1,,12,,37,,,3,,3,,,,70,,,,3,,11,8,48,3,,,5,3,2,,,,,,,,,,4
,,Keith,,19,,19,,,,,,2,2,1,,,1,,,,,,5,,9,,,8,2,6,,,,17,,,,2,,2,3,10,2,1,,9,4,5,,,,,,,,,,1
,,Lincoln,,62,1,51,10,,,,,1,12,3,,,9,1,,1,,,29,,93,,,13,8,1,3,,1,100,,,5,8,1,14,8,64,5,1,4,32,14,18,,,,,,,1,,1,4
,,Madison,,43,1,37,5,,,,,,5,,,,5,1,,1,,,17,,26,,,5,4,,1,,,35,,,,3,,2,5,25,2,,1,29,15,14,,,,,,1,,,,5
,,Nemaha,,11,2,9,,,,,,,2,2,,,,1,,1,,,7,2,13,,,1,,1,,,,11,,,1,2,,3,,5,1,,,26,20,6,,,,,,,,,,1
,,Otoe,,32,2,24,6,,,,,,3,,,,3,1,,1,,,5,,34,,,1,1,,,,,53,,,,9,,8,,36,4,,2,27,16,11,,,,,,1,,,,4
,,Perkins,,8,,8,,,,,,,2,2,,,,,,,,,4,,9,,,,,,,,,8,,,,3,,,,5,,,,24,15,9,,,,,,,,,,1
,,Phelps,,30,3,21,6,,,,,,5,4,,,1,,,,,,6,1,27,,,8,5,2,1,,,36,,,,6,,6,4,20,1,,6,50,28,22,,,,,,1,,,,2
,,Platte,,58,3,45,10,,,,,,,,,,,,,,1,,19,3,123,,,15,2,7,6,,,124,,,,12,1,13,5,93,10,,1,21,12,9,,,,,,,,,,1
,,Polk,,10,,9,1,,,,,,1,,,,1,,,,2,,11,6,30,,,,,,,,,28,,,,6,,3,3,16,1,,,9,3,6,,,,,,,,,,
,,Saline,,41,4,36,1,,,,,,4,1,,2,1,,,,,,25,,33,,,3,,,3,,,20,,,,2,,2,2,14,5,,1,82,52,30,,,,,,,,,,4
,,Scotts Bluff,,70,3,64,3,,,,,,2,1,,,1,,,,,,23,1,51,1,,7,1,4,2,,,56,,,2,4,,12,4,34,13,,2,73,44,29,,,,,,,,,,4
,,Sherman,,8,,6,2,,,,,,1,,1,,,,,,,,5,,18,,,,,,,,,18,,,1,5,,2,,10,,,1,2,1,1,,,,,,,,,,1
,,Wayne,,11,3,6,2,,,,,,,,,,,1,,1,1,,5,,18,,,1,,,1,,,16,,,,3,,,,13,2,,1,7,3,4,,,,,,,,,,
,,York,,19,,14,5,,,,,,7,2,1,,4,,,,,,20,1,21,,,3,1,2,,,,34,,,,8,,1,3,22,4,1,2,57,30,27,,,,,,,,,,1
NEW HAMPSHIRE,Cities,Alexandria,"1,612",15,2,8,5,,,,,1,,,,,,,,,,,21,,8,,,8,4,1,3,,,29,,,,9,,4,2,14,2,,,2,2,,,,,,,,,,,1
,,Alstead,"1,936",5,,4,1,,,,,,3,,,,3,,,,,,2,1,,,,,,,,,,7,,,,1,,4,,2,,,2,,,,,,,,,1,,,,1
,,Amherst,"11,251",62,1,45,16,,,,,2,9,3,,,6,4,,4,2,,18,6,83,,,49,23,12,14,,,201,,,75,47,1,12,9,57,1,,10,78,78,,,,,,,3,,,,2
,,Antrim,"2,649",56,1,27,28,,,,,,4,3,,,1,4,1,3,,,7,2,34,1,,13,8,3,2,,,52,,,1,,,15,1,35,9,,3,25,25,,,,,,,,,,,2
,,Ashland,"2,075",18,1,10,7,,,,,2,,,,,,2,,2,1,,11,1,19,,,6,5,,1,,,28,,,,4,,9,,15,1,1,1,2,2,,,,,,,,,,,3
,,Atkinson,"6,787",8,,8,,,,,,,,,,,,,,,,,11,3,16,,,3,3,,,,,22,,,1,1,,2,1,17,,,,2,2,,,,,,,,,,,
,,Auburn,"4,980",28,4,14,10,,,,,1,,,,,,,,,1,,29,1,37,,,4,1,1,2,,,85,,1,1,18,,29,3,33,1,1,2,6,6,,,,,,,1,,,,2
,,Barnstead,"4,615",54,3,34,17,,,,,2,1,,,,1,2,,2,,,26,1,30,,1,11,3,1,2,,5,41,,,1,1,,6,,33,3,,1,8,8,,,,,,,,,,,1
,,Barrington,"8,647",60,1,32,27,,,,,,,,,,,1,,1,,,22,,43,,,13,11,1,1,,,72,,,,7,1,15,3,46,5,,1,16,16,,,,,,,4,,,,5
,,Bartlett,"2,783",13,,9,4,,,,,,2,1,,1,,,,,,,9,2,18,,1,10,3,6,1,,,31,,,1,8,,2,1,19,2,,1,,,,,,,,,,,,,
,,Bedford,"21,297",107,6,52,49,,,,,,7,1,,1,5,5,4,1,2,,44,12,125,,,67,20,28,19,,,347,,,118,31,,56,,142,6,1,27,58,57,1,,,,,,4,,,,1
,,Belmont,"7,385",153,8,111,34,,,,,3,10,6,,,4,8,3,5,2,,37,8,112,1,,40,22,11,7,,,153,,,1,7,1,14,3,127,7,1,8,44,44,,3,,3,,,3,,,,6
,,Bennington,"1,482",32,1,10,21,,,,,1,1,,,,1,1,1,,5,,19,1,23,1,,8,7,,1,,,45,,,,6,,9,2,28,3,,4,20,20,,,,,,,1,,,,2
,,Berlin,"9,964",195,7,162,26,,,,,3,14,5,,1,8,7,2,5,2,,50,4,108,,,34,28,4,1,,1,117,,,14,50,,9,1,43,3,2,8,49,49,,,,,,,,1,1,,3
,,Bethlehem,"2,525",22,1,20,1,,,,,,4,1,,1,2,2,1,1,,,10,,11,1,,2,1,1,,,,17,,,1,4,,5,,7,3,,2,13,13,,,,,,,,,,,1
,,Boscawen,"3,975",36,3,22,11,,,,,,4,,,3,1,6,2,4,,,4,2,49,,,6,5,,1,,,75,,,1,12,,13,2,47,5,2,,17,17,,,,,,,,,,,2
,,Bow,"7,539",44,1,27,16,,,,,,1,,,,1,5,3,2,,,13,1,41,,,10,3,1,5,,1,61,,1,,10,,24,1,25,3,,1,26,26,,,,,,,,,,,2
,,Bradford,"1,654",8,,8,,,,,,,2,,,,2,,,,,,5,,11,,,1,1,,,,,9,,,,,,,1,8,1,,,3,3,,,,,,,,,,,
,,Brentwood,"4,508",24,3,12,9,,,,,,2,2,,,,,,,,,8,1,17,,,9,7,1,1,,,29,,,,3,,3,1,22,1,,1,9,9,,,,,,,,,,,1
,,Bristol,"3,053",76,4,45,27,,,,,3,3,1,,,2,5,3,2,,,42,3,52,1,,45,36,6,3,,,58,,1,3,16,,7,2,29,3,,7,26,26,,,,,,,2,,,,
,,Campton,"3,331",69,2,34,33,,,,,,5,,,,5,2,1,1,2,,25,1,50,,,11,7,2,2,,,58,,,1,,,,,57,3,,7,30,30,,,,,,,1,,,,2
,,Candia,"3,931",23,2,15,6,,,,,,1,,,,1,,,,,,12,,36,,,16,6,4,4,,2,47,,,,11,,5,6,25,1,,3,7,7,,,,,,,,,,,2
,,Canterbury,"2,360",4,,4,,,,,,1,1,,,,1,1,,1,1,,2,,10,,,2,1,1,,,,17,,,,3,,2,,12,1,,,5,5,,,,,,,,,,,
,,Carroll,756,8,1,4,3,,,,,,1,,,,1,1,,1,,,5,,6,,,3,3,,,,,50,,,,37,,4,1,8,,,,30,30,,,,,,,,,,,
,,Center Harbor,"1,101",4,,4,,,,,,,,,,,,,,,,,13,2,9,,,6,3,2,1,,,19,,,1,2,,1,2,13,1,,1,7,7,,,,,,,,,,,1
,,Charlestown,"5,092",27,4,18,5,,,,,,3,,,,3,2,1,1,2,,13,,17,1,,4,4,,,,,37,,,1,11,,4,3,18,7,,,6,6,,,,,,,1,,,,1
,,Claremont,"13,293",263,30,201,32,1,1,,,4,17,6,1,2,8,5,3,2,3,,66,10,234,3,,34,20,10,4,,,401,,2,48,50,,50,18,233,13,2,16,69,69,,1,,1,,,2,,,,3
,,Colebrook,"2,278",50,,39,11,,,,,1,8,1,1,,6,2,,2,,,6,2,24,,,14,7,5,1,,1,43,,1,13,8,,3,,18,,1,3,8,7,1,,,,,,1,,,,
,,Concord,"42,815",762,51,573,138,,,,,10,66,23,2,13,28,36,12,24,15,,182,38,553,1,2,195,92,62,38,,3,"1,068",1,2,175,30,1,186,11,662,27,19,77,213,211,2,,,,,,10,2,2,,10
,,Conway,"10,096",324,30,145,149,,,,,12,21,6,,11,4,4,1,3,5,,62,12,160,7,,72,49,19,3,1,,370,2,2,69,28,,31,5,233,10,9,22,78,78,,1,,1,,,3,1,,1,14
,,Dalton,969,16,2,10,4,1,1,,,,1,1,,,,,,,,,2,,4,1,,2,1,,1,,,9,,,,3,,1,,5,1,,,,,,,,,,,,,,,1
,,Danville,"4,409",38,2,17,19,,,,,,1,,,,1,,,,,,14,3,41,,,20,11,4,5,,,54,,,,7,,32,,15,5,,1,14,14,,,,,,,,,,,
,,Deerfield,"4,303",21,,12,9,,,,,,1,1,,,,3,2,1,,,13,1,39,,,17,10,3,4,,,41,,,,9,,9,,23,,,2,15,15,,,,,,,,,,,1
,,Deering,"1,920",11,,3,8,,,,,,,,,,,3,,3,1,,6,1,12,,,4,3,1,,,,18,,,,1,,,,17,1,,,14,14,,,,,,,,,,,1
,,Derry,"33,284",667,47,447,173,,,,,5,29,8,,,21,24,8,16,18,,182,43,317,1,,136,61,56,17,,2,587,,1,13,117,,107,9,340,35,5,75,143,142,1,,,,,,13,,,,12
,,Dover,"30,226",262,18,195,49,1,1,,,3,20,10,2,8,,3,1,2,14,,87,18,359,3,,67,9,52,6,,,530,1,2,62,150,,160,10,145,8,9,13,126,73,53,,,,,,1,,,,1
,,Dublin,"1,596",5,1,2,2,,,,,,1,,1,,,,,,,,6,,13,,,1,,1,,,,12,,,,1,,5,,6,,,,15,14,1,,,,,,,,,,
,,Dunbarton,"2,766",21,4,7,10,,,,,,2,,,,2,,,,,,6,1,14,,,8,4,2,2,,,12,,,,2,,1,,9,,,2,6,6,,,,,,,1,,,,
,,Durham,"14,712",70,16,40,14,,,,,4,5,5,,,,,,,2,,18,,98,,,16,6,5,5,,,97,,,2,10,,12,5,68,2,,1,53,50,3,,,,,,1,,,,1
,,Effingham,"1,463",8,2,5,1,,,,,,1,,,,1,3,,3,,,17,1,16,,,2,1,1,,,,21,,,,5,,1,2,13,2,,,,,,,,,,,,,,,
,,Enfield,"4,578",57,5,40,12,,,,,1,3,,,1,2,1,1,,,,18,,28,1,,8,,7,1,,,37,,,,,,,,37,1,,,75,75,,,,,,,,,,,1
,,Epping,"6,443",94,7,48,39,,,,,,12,3,4,,5,3,1,2,4,,23,4,74,1,,38,17,15,5,,1,199,,,1,58,,30,6,104,4,1,8,36,35,1,,,,,,2,,,,5
,,Epsom,"4,580",35,6,14,15,,,,,3,5,1,1,,3,,,,1,,18,1,27,,,44,34,6,4,,,38,,,3,6,,3,2,24,7,2,6,36,35,1,,,,,,1,,,,1
,,Exeter,"14,380",114,7,83,24,,,,,,9,8,,,1,6,5,1,5,,19,8,84,1,,28,13,10,5,,,132,,1,5,34,,73,6,13,6,1,15,129,110,19,,,,,,2,,,,5
,,Farmington,"6,840",188,6,113,69,2,2,,,7,10,7,,,3,4,1,3,2,,72,7,120,,,49,14,30,4,,1,131,,,5,5,,32,,89,7,1,17,44,44,,,,,,,3,1,1,,5
,,Fitzwilliam,"2,395",9,1,8,,,,,,,,,,,,,,,1,,10,,10,,,5,2,2,,,1,21,,,,,,5,,16,4,,,3,3,,,,,,,1,,,,
,,Franconia,"1,104",11,,7,4,,,,,,3,1,2,,,,,,,,4,1,8,,,12,10,1,1,,,26,,,,2,,3,1,20,1,,1,,,,,,,,,,,,,
,,Fremont,"4,305",43,5,28,10,,,,,1,3,1,,,2,,,,,,13,1,34,1,,14,5,5,4,,,45,,,,3,,13,2,27,,,,12,12,,,,,,,,,,,
,,Gilford,"7,156",129,11,84,34,,,,,,9,5,,1,3,5,3,2,,,38,12,64,,,24,9,10,5,,,170,,2,2,2,3,2,7,152,6,,9,48,48,,,,,,,1,,,,2
,,Gilmanton,"3,791",8,1,6,1,,,,,,2,,,2,,,,,1,,24,,16,,,1,,1,,,,18,,,,4,,2,,12,3,,,3,3,,,,,,,,,,,
,,Goffstown,"17,723",117,5,75,37,,,,,1,1,1,,,,1,,1,,,48,8,138,,,45,,33,12,,,196,,,1,17,,34,1,143,2,2,2,35,35,,,,,,,,,,,
,,Grantham,"2,972",9,,4,5,1,1,,,,3,,,,3,3,2,1,,,4,,8,,1,10,8,,2,,,17,,,1,1,,,1,14,,,,5,5,,,,,,,2,,,,
,,Greenland,"3,569",24,7,9,8,2,2,,,1,1,1,,,,1,1,,,,12,2,11,,,12,5,2,5,,,58,,,6,2,,15,,35,,,,10,10,,,,,,,1,1,1,,
,,Hampstead,"8,567",53,2,23,28,,,,,,3,,,1,2,,,,1,,35,5,67,,,20,8,9,3,,,74,1,,,4,,32,,37,10,,4,9,9,,,,,,,,,,,1
,,Hampton,"15,510",197,17,130,50,,,,,1,13,7,2,1,3,6,4,2,1,,40,17,159,2,,36,22,8,6,,,264,1,3,4,17,,36,3,200,17,1,13,164,101,63,,,,,,6,,,,3
,,Hampton Falls,"2,246",10,,8,2,,,,,,1,,1,,,1,,1,,,12,,11,,,4,2,1,1,,,21,,,,3,,1,,17,,,,7,7,,,,,,,,,,,
,,Hancock,"1,661",8,,5,3,,,,,,1,,,,1,1,1,,,,1,1,5,2,,6,2,2,2,,,7,,,,1,,1,,5,,,1,5,5,,,,,,,,,,,
,,Hanover,"11,265",37,3,22,12,,,,,,14,9,,,5,,,,3,,16,1,76,,,30,6,18,4,,2,213,,,,,,,,213,2,,6,43,42,1,,,,,,,,,,1
,,Haverhill,"4,696",86,7,52,27,,,,,,7,,2,,5,3,2,1,1,,23,5,54,1,,16,8,3,5,,,75,1,,8,8,,38,2,18,4,1,3,37,37,,,,,,,5,,,,3
,,Henniker,"4,849",36,7,22,7,,,,,1,16,3,1,,12,,,,3,,13,2,38,,,16,8,2,6,,,67,,,,8,,9,2,48,3,,1,43,43,,,,,,,,,,,1
,,Hillsborough,"6,038",116,6,69,41,,,,,2,6,4,,,2,3,,3,1,,10,5,61,,,20,6,4,8,,2,98,,,5,6,,21,,66,8,1,4,33,33,,,,,,,2,1,1,,4
,,Hinsdale,"4,044",88,6,48,34,,,,,,8,,,,8,1,,1,1,,8,1,40,1,,9,3,3,2,,1,128,,,19,41,,15,1,52,2,2,2,25,24,1,,,,,,5,,,,5
,,Hooksett,"13,489",138,12,88,38,,,,,2,10,6,,,4,,,,1,,49,7,109,18,,24,7,17,,,,377,,,162,5,,79,5,126,6,5,2,54,34,20,,,,,,1,,,,1
,,Hopkinton,"5,606",17,10,,7,,,,,,3,1,,,2,1,,1,,,4,1,36,,,10,2,5,3,,,52,,,,11,,5,1,35,,,,33,33,,,,,,,,1,1,,
,,Hudson,"24,574",256,19,163,74,,,,,3,20,6,,,14,6,1,5,4,,68,29,227,8,,71,34,23,14,,,339,,,60,66,,51,23,139,19,5,30,100,73,27,,,,,,7,3,3,,5
,,Jaffrey,"5,451",51,,46,5,,,,,1,3,1,1,,1,6,2,4,,,25,1,47,,,4,3,,1,,,51,,,,4,,14,,33,2,,2,40,40,,,,,,,1,,,,1
,,Keene,"23,399",418,43,284,91,,,,,7,29,6,1,2,20,8,,8,4,,115,16,416,1,,120,75,34,11,,,693,2,2,1,245,3,100,12,328,30,13,40,248,131,117,,,,,,2,1,1,,6
,,Kingston,"6,058",43,3,28,12,,,,,,3,2,,1,,2,,2,,,17,3,31,,,24,4,16,4,,,47,,,,13,,10,6,18,8,,,18,18,,1,,1,,,1,,,,1
,,Laconia,"16,016",594,42,441,111,,,,,6,29,11,,2,16,15,8,7,5,,121,22,274,2,,66,30,25,8,,3,583,,,84,119,,114,5,261,19,8,32,130,124,6,,,,,,1,,,,3
,,Lancaster,"3,476",62,2,47,13,1,1,,,,7,1,,2,4,1,1,,,,18,4,49,,1,16,13,1,2,,,114,,,2,18,,17,2,75,3,3,12,22,22,,,,,,,,,,,1
,,Lebanon,"13,145",213,21,145,47,,,,,5,35,10,,2,23,3,,3,8,,43,8,142,3,,61,36,16,8,,1,388,1,3,101,8,,42,6,227,5,8,16,158,158,,,,,,,,,,,7
,,Lee,"4,366",24,3,12,9,,,,,1,1,,,,1,2,1,1,1,,5,2,27,,,3,1,2,,,,26,,,1,4,,3,1,17,2,,3,6,6,,,,,,,,,,,
,,Lincoln,"1,661",43,6,27,10,,,,,,2,1,,,1,2,,2,2,,22,6,43,,,13,6,5,2,,,86,,,1,7,,21,,57,2,,3,8,8,,,,,,,,,,,
,,Lisbon,"1,594",24,,12,12,,,,,,1,,,,1,,,,,,7,,5,,,1,1,,,,,15,,,1,,,1,,13,1,,2,19,19,,,,,,,,,,,1
,,Litchfield,"8,307",41,4,24,13,,,,,1,3,1,,,2,1,,1,2,,25,1,36,,,18,2,9,6,,1,53,,,1,4,,15,,33,2,1,3,14,13,1,,,,,,5,,,,1
,,Londonderry,"24,257",208,19,127,62,,,,,8,8,3,,2,3,2,,2,5,,71,15,189,1,1,87,41,23,23,,,324,1,1,27,17,,40,16,222,16,3,27,110,110,,,,,,,3,,,,5
,,Loudon,"5,333",74,3,33,38,,,,,,3,,,,3,2,,2,1,,20,1,88,,,13,8,,5,,,126,,,,3,,6,1,116,2,,1,10,10,,,,,,,,,,,1
,,Madison,"2,496",12,,6,6,,,,,,1,1,,,,1,,1,,,6,1,12,,,6,2,2,2,,,22,,,,2,,,,20,,,1,6,6,,,,,,,,,,,
,,Manchester,"110,040","2,597",348,"1,517",732,1,1,,,54,172,75,7,1,89,25,7,18,55,,854,92,"1,392",1,1,617,329,187,101,,,"2,874",4,3,271,47,,612,158,"1,779",152,205,85,413,410,3,,,,,,13,75,75,,22
,,Marlborough,"2,060",12,,12,,,,,,1,1,,,,1,,,,,,11,1,4,,,1,,1,,,,19,,,,7,,2,,10,1,,,11,8,3,,,,,,,,,,1
,,Meredith,"6,267",83,7,56,20,,,,,,2,2,,,,2,,2,,,38,5,85,,,22,12,3,6,,1,148,,,6,,,2,,140,4,,8,25,25,,,,,,,1,,,,
,,Merrimack,"25,606",74,5,60,9,,,,,2,1,,,,1,2,,2,,,33,20,128,6,,35,9,17,9,,,182,,,19,57,,46,2,58,9,1,7,56,33,23,,,,,,,,,,9
,,Middleton,"1,798",20,7,9,4,,,,,,1,1,,,,1,1,,1,,10,,25,,,8,6,2,,,,13,,,,1,,1,,11,,,2,5,5,,,,,,,1,,,,
,,Milford,"15,181",286,21,153,112,,,,,3,26,4,,,22,9,3,6,2,,43,12,239,,,50,12,27,9,,2,276,1,,12,90,,86,8,79,14,8,16,70,68,2,,,,,,1,,,,3
,,Milton,"4,636",123,10,58,55,,,,,,6,4,,,2,1,,1,3,,30,2,49,1,1,40,32,2,4,,2,53,,,3,6,1,4,,39,5,,1,34,34,,,,,,,1,,,,2
,,Mont Vernon,"2,420",16,1,9,6,,,,,,1,1,,,,1,,1,1,,5,,14,,,5,2,1,2,,,10,,,,1,,1,,8,3,1,,4,4,,,,,,,1,,,,
,,Moultonborough,"4,037",30,2,26,2,,,,,1,4,4,,,,1,,1,,,29,1,35,1,,11,5,,6,,,52,,,2,14,,3,3,30,1,,1,33,33,,,,,,,2,,,,1
,,Nashua,"86,870","1,407",120,"1,121",166,1,,1,,22,96,37,11,9,39,17,1,16,31,1,379,76,980,29,,329,123,140,65,,1,"1,938",3,3,462,486,2,535,92,355,86,48,72,380,379,1,1,,1,,,16,11,10,1,16
,,New Boston,"5,345",31,2,23,6,,,,,1,1,,,,1,,,,2,,20,,25,,1,14,8,1,5,,,24,,,,5,1,2,2,14,1,,1,8,8,,,,,,,1,,,,
,,Newbury,"2,078",2,,2,,,,,,,1,,,,1,,,,,,11,,4,,,,,,,,,11,,,,,,,1,10,,,,4,4,,,,,,,,,,,
,,New Durham,"2,659",39,4,19,16,,,,,2,1,,,,1,3,,3,,,18,1,24,,,13,5,6,1,,1,28,,,,5,,5,,18,,,1,12,12,,,,,,,1,,,,2
,,Newfields,"1,688",11,,5,6,,,,,,,,,,,,,,,,7,2,23,,,2,1,1,,,,11,,,,1,,2,1,7,,,,2,2,,,,,,,,,,,1
,,New Hampton,"2,174",12,,7,5,,,,,,3,2,,,1,,,,,,8,,16,,,4,2,2,,,,59,,,,6,,2,,51,1,,,1,1,,,,,,,,,,,
,,Newington,756,6,,6,,,,,,,,,,,,,,,,,7,4,20,,,33,15,14,4,,,239,,,147,25,,50,4,13,,1,13,7,7,,,,,,,1,,,,1
,,New Ipswich,"5,123",17,,17,,,,,,,1,,,,1,1,,1,2,,7,1,15,,,4,1,3,,,,14,,,,3,,1,,10,1,,1,18,18,,,,,,,2,,,,3
,,New London,"4,407",11,,9,2,,,,,,1,,,,1,,,,,,9,1,10,,,20,14,4,2,,,28,,,1,,,1,,26,1,,,9,9,,,,,,,,,,,
,,Newport,"6,476",179,11,115,53,,,,,2,20,6,,,14,3,1,2,,,58,7,130,,,28,12,7,6,,3,225,1,,12,34,,46,24,108,10,,2,47,46,1,,,,,,1,,,,4
,,Newton,"4,628",54,1,27,26,,,,,,3,,,1,2,1,,1,,,10,,26,,,15,7,4,3,,1,57,,,,8,,10,,39,2,,1,15,14,1,,,,,,1,,,,
,,Northfield,"4,842",82,6,52,24,1,,1,,3,2,2,,,,4,1,3,2,,22,1,56,,,16,8,8,,,,90,,,1,12,,22,1,54,9,1,2,23,23,,,,,,,1,,,,4
,,North Hampton,"4,323",28,2,18,8,,,,,,1,1,,,,,,,1,,10,1,33,,,18,8,5,5,,,63,,,,4,,17,4,38,,1,3,32,21,11,,,,,,,,,,1
,,Northumberland,"2,264",46,2,35,9,,,,,1,3,,,,3,1,,1,2,,12,,35,,,7,6,1,,,,23,,,,2,,1,,20,1,,4,11,10,1,,,,,,,,,,
,,Northwood,"4,263",52,8,37,7,,,,,,6,2,,4,,,,,,,19,1,57,,,4,2,1,1,,,65,,,6,9,,14,4,32,5,,2,21,21,,,,,,,,,,,
,,Nottingham,"4,811",19,3,13,3,,,,,,2,1,1,,,2,,2,,,11,,27,,,16,10,1,5,,,34,,,,2,,11,1,20,4,,1,7,7,,,,,,,,,,,
,,Orford,"1,235",5,1,4,,,,,,,,,,,,,,,,,3,1,4,,,,,,,,,10,,,,,,,,10,1,,,5,5,,,,,,,,,,,
,,Ossipee,"4,338",83,4,43,36,,,,,2,4,1,,,3,,,,,,5,1,47,2,,7,2,1,3,,1,91,,,1,12,,7,4,67,9,2,6,18,18,,,,,,,1,,,,
,,Pelham,"12,954",127,9,59,59,,,,,2,4,1,1,,2,7,3,4,1,,41,4,197,,,68,30,21,14,,3,169,,,3,8,,20,2,136,9,1,10,106,103,3,,,,,,2,,,,5
,,Pembroke,"7,137",95,5,75,15,,,,,3,10,1,,6,3,6,5,1,2,,17,3,88,1,,21,9,6,6,,,83,,,,3,,25,1,54,1,1,8,26,26,,,,,,,2,2,2,,2
,,Peterborough,"6,310",56,6,38,12,,,,,,2,,,,2,1,1,,2,,20,5,32,,,49,27,10,11,1,,90,1,,3,12,,8,2,64,3,,1,30,30,,,,,,,,,,,
,,Pittsfield,"4,119",112,7,79,26,,,,,3,9,1,1,,7,1,1,,,,36,3,63,,,19,6,12,1,,,73,,2,1,30,,3,1,36,2,1,2,13,13,,,,,,,2,,,,1
,,Plaistow,"7,651",40,,18,22,,,,,1,1,1,,,,,,,,,22,4,54,,,20,10,9,1,,,187,,4,77,6,,29,1,70,6,,20,99,60,39,,,,,,,,,,1
,,Plymouth,"6,992",113,4,76,33,,,,,5,10,5,1,,4,1,,1,16,,18,2,136,,,13,7,6,,,,209,,1,48,61,,37,4,58,,2,6,54,54,,,,,,,1,,,,3
,,Portsmouth,"20,888",322,18,191,113,,,,,9,18,5,2,2,9,1,,1,1,,60,18,281,1,,86,32,36,17,1,,520,1,4,33,109,,132,11,230,16,11,25,86,86,,,,,,,6,7,6,1,3
,,Raymond,"10,190",141,13,88,40,1,1,,,,12,8,,,4,5,2,3,2,,38,7,101,1,,22,10,8,4,,,145,1,,10,10,,26,6,92,5,1,7,79,79,,,,,,,5,,,,3
,,Rindge,"6,011",31,3,18,10,,,,,,5,2,,,3,2,2,,,,12,6,45,,,10,2,3,4,,1,45,,,6,10,,2,2,25,3,1,2,44,44,,,,,,,1,,,,
,,Rochester,"29,992",649,49,381,219,,,,,10,39,9,4,2,24,17,6,11,7,1,131,28,444,1,,115,59,37,16,1,2,938,3,3,225,68,1,196,7,435,29,19,51,105,99,6,,,,,,11,1,1,,12
,,Rollinsford,"2,548",24,3,10,11,,,,,,1,1,,,,2,2,,,,6,,11,,,1,,1,,,,36,,,,8,,13,,15,1,1,1,13,13,,1,,1,,,,,,,
,,Rye,"5,326",19,1,10,8,,,,,,2,2,,,,,,,,,2,4,44,,,18,5,4,8,,1,85,,,2,9,1,24,2,47,4,,1,8,8,,,,,,,2,,,,
,,Salem,"28,926",270,18,155,97,2,2,,,4,12,6,,2,4,6,3,3,10,,88,37,233,,,183,99,58,24,,2,789,,,370,90,1,97,22,209,44,12,97,391,391,,,,,,,5,4,4,,6
,,Sanbornton,"2,978",13,2,6,5,,,,,,2,1,,,1,,,,,,14,,13,,,7,4,1,2,,,47,,,1,6,,3,,37,4,,1,7,7,,,,,,,,,,,4
,,Sandown,"6,019",48,4,24,20,1,1,,,1,2,,,,2,,,,,,15,,33,,,9,5,3,1,,,34,,,,7,,12,1,14,2,,2,11,11,,,,,,,,,,,
,,Sandwich,"1,324",6,1,3,2,,,,,,,,,,,,,,1,,23,,23,,,5,3,,2,,,36,,,2,2,,1,5,26,,,1,4,3,1,,,,,,,1,1,,1
,,Seabrook,"8,738",134,16,74,44,,,,,2,7,3,2,,2,3,3,,,,36,14,65,,,36,13,13,9,,1,177,,2,13,37,,22,4,99,7,4,27,59,59,,,,,,,4,1,1,,1
,,Somersworth,"11,862",231,29,156,46,,,,,3,27,12,,10,5,2,1,1,4,,62,20,190,,,74,37,31,6,,,502,,,7,,,,,495,9,12,34,202,112,90,,,,,,1,,,,11
,,South Hampton,819,1,,1,,,,,,,,,,,,,,,,,,,,,,,,,,,,1,,,,,,,,1,,,,5,5,,,,,,,,,,,
,,Strafford,"4,024",12,1,6,5,,,,,,2,,,,2,,,,,,3,1,12,,,2,,1,,,1,21,,,,3,,2,,16,1,,,24,24,,,,,,,,,,,
,,Stratham,"7,293",36,3,23,10,,,,,,4,1,,,3,,,,2,,8,4,35,,,19,8,7,4,,,72,,,2,3,,19,1,47,3,,1,13,13,,,,,,,2,,,,
,,Sugar Hill,563,7,,6,1,,,,,,,,,,,,,,,,4,,4,,,2,2,,,,,2,,,,,,,1,1,,,,1,1,,,,,,,,,,,
,,Sunapee,"3,349",16,1,15,,,,,,,,,,,,,,,1,,16,,4,,,7,5,2,,,,28,,,1,15,,1,1,10,,,,23,20,3,,,,,,,1,1,,
,,Thornton,"2,489",28,3,17,8,,,,,,4,1,,,3,,,,,,9,,19,,,9,7,2,,,,23,,,,4,,5,,14,,,3,19,19,,,,,,,,,,,
,,Tilton,"3,581",75,8,51,16,,,,,1,6,3,,,3,2,,2,,,17,8,50,,,50,33,15,2,,,181,1,4,50,21,,11,4,90,5,2,32,56,56,,,,,,,1,4,4,,
,,Troy,"2,142",17,3,13,1,,,,,,1,,,,1,1,,1,,,1,,8,,,1,1,,,,,22,,,1,8,,2,,11,,,2,3,2,1,,,,,,,,,,
,,Wakefield,"5,068",70,3,39,28,,,,,1,3,1,,,2,1,1,,1,,41,2,68,,,16,8,5,3,,,66,,,1,6,,6,1,52,9,1,1,27,27,,,,,,,1,,,,3
,,Washington,"1,117",3,1,2,,,,,,,1,1,,,,,,,,,11,,5,,,,,,,,,10,,,,5,,,1,4,,,,3,3,,,,,,,1,,,,
,,Waterville Valley,246,6,1,3,2,,,,,,,,,,,,,,1,,4,1,16,1,,32,29,1,,,2,20,,,,3,,,,17,1,,,13,12,1,,,,,,,,,,
,,Weare,"8,824",94,7,51,36,,,,,2,9,3,,1,5,7,5,2,1,,35,2,103,2,,19,3,7,9,,,82,,,,6,,11,,65,6,1,5,52,52,,,,,,,3,,,,3
,,Webster,"1,877",22,1,4,17,,,,,,2,,,,2,2,1,1,,1,5,,13,,,10,9,,1,,,32,,,,10,1,2,,19,1,,,4,4,,,,,,,,,,,1
,,Wilton,"3,692",46,6,25,15,,,,,,8,4,1,1,2,4,2,2,3,,20,2,40,,1,19,7,5,7,,,50,,,2,12,,13,,23,3,,4,23,23,,,,,,,2,,,,2
,,Winchester,"4,337",69,8,56,5,,,,,,10,4,1,,5,,,,3,,27,6,55,,,11,4,6,,,1,90,,,3,7,,2,,78,1,2,,67,37,30,,,,,,1,,,,
,,Windham,"13,664",89,7,58,24,,,,,1,8,7,,,1,1,1,,2,,29,5,70,1,,36,6,16,13,,1,108,,,3,17,,25,4,59,5,1,1,18,18,,,,,,,4,,,,5
,,Wolfeboro,"6,258",81,4,51,26,,,,,1,7,4,,,3,,,,1,,23,5,45,,,26,12,9,5,,,73,,,2,20,,8,2,41,5,,5,48,48,,1,,1,,,1,,,,
,,Woodstock,"1,374",43,4,22,17,,,,,1,,,,,,1,,1,,,12,,35,1,,17,15,,2,,,45,,,1,4,,22,2,16,2,1,9,35,35,,,,,,,1,,,,
,Universities and Colleges,University of New Hampshire,"15,128",45,6,20,19,,,,,,13,9,,,4,,,,4,,6,1,163,1,,4,4,,,,,166,,,3,47,,13,6,97,4,1,2,77,76,1,,,,,,,1,1,,
,Metropolitan Counties,Rockingham,,23,5,16,2,,,,,,3,,3,,,,,,,,,1,1,,,1,,,1,,,9,,,,1,,1,,7,,,1,49,49,,,,,,,,,,,2
,Nonmetropolitan Counties,Adams,,14,,5,9,,,,,,,,,,,,,,,,6,1,3,,,,,,,,,3,,,,2,,1,,,,,1,7,4,3,,,,,,,,,,
,,Barnes,,7,,5,2,,,,,,2,2,,,,1,,1,,,11,,13,,,1,,1,,,,26,,,,20,,,,6,2,,,2,1,1,,,,,,1,,,,
,,Carroll,,58,9,29,20,,,,,,4,1,,1,2,2,2,,2,,32,,29,1,1,5,3,1,,1,,36,,,1,4,,3,,28,4,,1,13,13,,,,,,,,,,,4
,,Cheshire,,11,5,3,3,,,,,,,,,,,,,,,,4,,6,1,,2,1,,1,,,5,,,,,,,,5,,,,17,17,,,,,,,,,,,1
,,Merrimack,,16,4,10,2,,,,,,17,2,,2,13,6,5,1,,,1,1,,,,1,1,,,,,8,,,,,,,,8,,,,5,5,,,,,,,1,,,,
,Other Agencies,Liquor Commission,,5,,5,,,,,,,,,,,,,,,,,,3,,,,4,4,,,,,13,,,4,,,,,9,,,,17,17,,1,1,,,,,,,,
NORTH DAKOTA,Cities,Beulah,"3,202",28,4,16,8,1,1,,,2,5,2,,,3,,,,1,,18,1,28,,,3,1,2,,,,50,,,3,11,,9,2,25,6,,1,27,12,15,,,,,,,,,,3
,,Bismarck,"64,103","1,258",171,894,193,1,1,,,11,78,32,,2,44,12,3,9,9,1,307,78,806,22,,337,124,138,69,,6,"1,571",3,1,448,350,,390,28,351,106,16,12,"1,082",550,532,1,,1,,,10,5,3,2,36
,,Burlington,"1,127",14,1,9,4,,,,,,2,,,,2,,,,1,,1,,9,,,,,,,,,4,,,,1,,1,,2,3,,2,6,2,4,,,,,,1,,,,
,,Carrington,"2,111",1,,,1,,,,,,,,,,,,,,,,,,1,1,,1,,1,,,,4,,,1,,,3,,,2,,,2,1,1,,,,,,,,,,
,,Cavalier,"1,319",11,1,9,1,,,,,,1,1,,,,,,,,,3,,10,,,,,,,,,13,,,,6,,1,,6,,,1,4,3,1,,,,,,1,,,,
,,Devils Lake,"7,305",131,8,111,12,,,,,,9,5,,,4,4,1,3,1,,57,13,88,7,,14,11,3,,,,255,,1,62,67,,37,7,81,16,2,1,196,127,69,,,,,,1,,,,1
,,Dickinson,"18,924",206,38,120,48,,,,,1,10,,1,,9,4,,4,,,28,6,276,9,,39,17,18,3,,1,340,5,,26,77,4,53,17,158,22,3,3,160,79,81,,,,,,1,3,3,,14
,,Ellendale,"1,432",2,,2,,,,,,1,,,,,,1,,1,,,4,1,3,,,2,,2,,,,7,,,1,2,,,1,3,,,,1,1,,,,,,,,,,,1
,,Fargo,"109,813","1,769",279,"1,300",190,3,2,1,,22,125,72,2,2,49,28,2,26,16,1,451,89,916,10,1,415,292,24,96,,3,"2,283",,,706,23,2,418,38,"1,096",160,46,60,"1,007",510,497,,,,,,13,11,,11,47
,,Fessenden,493,,,,,,,,,,,,,,,,,,,,1,,3,,,,,,,,,1,,,,1,,,,,,,,,,,,,,,,,,,,
,,Grafton,"4,349",97,16,59,22,,,,,1,10,5,1,,4,1,,1,1,,8,5,65,3,1,13,9,,4,,,115,,,12,4,,12,3,84,9,,3,31,16,15,,,,,,1,,,,5
,,Grand Forks,"53,839",646,99,453,94,,,,,1,60,26,6,1,27,6,,6,2,,230,54,691,22,,176,94,61,20,,1,"1,107",,,259,74,,273,39,462,92,23,19,227,106,121,,,,,,6,4,2,2,19
,,Harvey,"1,836",24,2,11,11,,,,,1,2,2,,,,1,,1,1,,10,,19,,,2,2,,,,,31,,,1,6,,9,1,14,,1,1,,,,,,,,,,,,,2
,,Hillsboro,"1,647",7,1,6,,,,,,,,,,,,,,,,,2,,4,,1,1,1,,,,,10,,,,8,,1,,1,1,,,,,,,,,,,,,,,
,,Jamestown,"15,753",296,20,229,47,,,,,1,20,12,3,,5,1,,1,4,,76,6,232,5,,34,12,16,5,,1,325,,,39,34,,84,9,159,23,,8,158,62,96,,,,,,3,,,,13
,,Kenmare,"1,165",3,,,3,,,,,,,,,,,,,,,,1,,,,,,,,,,,1,,,,,,,,1,1,,,1,1,,,,,,,,,,,
,,Killdeer,806,6,,6,,,,,,,3,2,,,1,,,,,,2,1,7,,,,,,,,,11,,,,4,,2,1,4,3,,2,3,2,1,,,,,,,,,,1
,,Lamoure,901,4,1,1,2,,,,,,,,,,,,,,,,2,,3,,,,,,,,,5,,,,2,,2,1,,2,,1,4,2,2,,,,,,,,,,
,,Lincoln,"2,519",11,2,7,2,,,,,,2,,,,2,,,,,,,2,13,,,1,,1,,,,8,,,,1,,2,,5,1,,1,13,4,9,,,,,,,,,,
,,Lisbon,"2,182",9,1,2,6,,,,,,,,,,,,,,,,12,2,26,,,3,1,2,,,,37,,,1,25,,8,1,2,5,,2,7,3,4,,,,,,,,,,3
,,Mandan,"18,932",410,34,351,25,2,2,,,6,33,9,3,,21,24,5,19,5,,51,6,225,1,,11,2,7,1,,1,430,2,2,34,114,,58,5,215,42,5,,193,105,88,,,,,,3,2,1,1,6
,,Medora,119,3,,2,1,,,,,,,,,,,,,,,,1,,1,,,,,,,,,1,,,,1,,,,,,,,,,,,,,,,,,,,
,,Minot,"43,460",368,75,243,50,,,,,6,49,20,1,4,24,7,,7,6,,78,29,192,1,,107,51,42,13,,1,615,1,1,262,25,,125,5,196,76,6,15,739,372,367,,,,,,2,2,1,1,35
,,Napoleon,808,3,,3,,,,,,,,,,,,,,,,,1,,,,,,,,,,,7,,,,,,2,,5,,,,2,2,,,,,,,,,,,
,,Northwood,963,5,1,3,1,,,,,,,,,,,,,,,,2,,7,,,,,,,,,6,,,,4,,2,,,,,,2,2,,,,,,,,,,,
,,Rolla,"1,335",11,1,10,,,,,,,,,,,,,,,,,5,2,3,,,1,,,1,,,13,,,8,1,,2,2,,4,,2,3,2,1,,,,,,,,,,
,,Rugby,"2,952",18,1,12,5,,,,,,,,,,,1,,1,,,10,,18,,,5,,5,,,,48,,,2,18,,4,,24,4,,,17,8,9,,,,,,,,,,1
,,Sherwood,249,1,,1,,,,,,,,,,,,,,,,,,,,,,,,,,,,1,,,,,,1,,,,,,,,,,,,,,,,,,
,,Stanley,"1,575",1,1,,,,,,,,,,,,,,,,,,,,1,,,,,,,,,5,,,,2,,1,,2,1,,1,1,,1,,,,,,,,,,
,,Steele,725,6,,6,,,,,,,,,,,,,,,1,,4,,2,,,,,,,,,10,,,,5,,2,,3,1,,,,,,,,,,,,,,,
,,Surrey,994,1,1,,,,,,,,,,,,,1,1,,,,1,,,,,,,,,,,,,,,,,,,,,,,3,2,1,,,,,,,2,2,,
,,Thompson,"1,006",2,,1,1,,,,,,,,,,,,,,,,,,1,,,1,1,,,,,1,,,,,,1,,,,,,,,,,,,,,,,,,
,,Valley City,"6,730",85,9,61,15,,,,,,7,1,1,1,4,1,,1,1,,26,6,59,,,5,,4,,,1,98,,,9,45,1,17,1,25,3,,9,76,34,42,,,,,,,,,,3
,,Wahpeton,"7,908",58,5,46,7,,,,,2,10,2,1,,7,,,,,,21,1,69,,,10,3,3,4,,,124,,,16,,,,,108,10,1,1,17,10,7,,,,,,,,,,
,,Watford City,"1,967",45,13,29,3,1,1,,,,1,1,,,,2,,2,1,,5,13,53,,,11,1,6,4,,,52,,,2,14,,8,3,25,9,,3,94,48,46,,,,,,,16,15,1,26
,,West Fargo,"26,894",308,55,194,59,,,,,3,24,3,1,,20,2,,2,6,,77,12,155,,,73,19,27,23,,4,384,,,34,5,,92,10,243,36,5,14,267,131,136,1,,1,,,5,,,,9
,,Williston,"16,373",242,49,153,40,1,1,,,2,21,12,1,,8,6,1,5,3,,44,50,396,3,1,65,9,47,4,,5,625,,8,163,128,,104,16,206,108,2,1,14,12,2,,,,,,,3,2,1,5
,Universities and Colleges,North Dakota State College of Science,"3,127",9,,6,3,,,,,,2,1,,,1,,,,,,10,,9,,,,,,,,,19,,,,,,1,,18,2,,,8,3,5,,,,,,,,,,
,,North Dakota State University,"14,399",10,,8,2,,,,,,4,2,,,2,,,,,,6,,51,,,13,9,1,3,,,72,,,,5,,8,5,54,1,1,1,58,25,33,,,,,,,,,,
,,University of North Dakota,"14,697",58,3,44,11,,,,,2,6,1,,,5,,,,1,,12,,129,,,8,1,5,,,2,157,,,,49,,34,,74,,1,7,204,96,108,,,,,,,,,,6
,Metropolitan Counties,Burleigh,,126,15,82,29,,,,,,10,4,,1,5,4,,4,3,,60,6,67,,,39,12,16,9,,2,125,,,,31,,29,1,64,16,1,1,349,194,155,,,,,,1,,,,6
,,Cass,,118,14,82,22,,,,,,14,7,1,,6,2,,2,1,,74,7,105,,,34,18,3,8,,5,110,,,5,4,1,15,2,83,8,2,2,176,90,86,,,,,,1,,,,3
,,Grand Forks,,44,6,31,7,,,,,1,1,,,,1,,,,,,23,1,9,,,3,3,,,,,39,,,,5,,5,,29,8,,2,240,130,110,,,,,,,,,,3
,,Morton,,61,6,53,2,,,,,,6,4,,,2,1,,1,,,15,,57,,,6,1,3,,2,,69,,,,16,,7,1,45,5,,6,29,16,13,,,,,,,1,1,,11
,,Oliver,,6,1,1,4,,,,,,,,,,,,,,,,,,5,,,1,1,,,,,1,,,,1,,,,,1,,,10,5,5,,,,,,,,,,1
,,Sioux,,,,,,,,,,,,,,,,,,,,,,,,,,,,,,,,,,,,,,,,,,,,,,,,,,,,,,,,
,Nonmetropolitan Counties,Benson,,9,,7,2,,,,,,5,3,,,2,,,,,,4,,6,,,1,,1,,,,13,,,,7,,3,1,2,4,,,5,3,2,,,,,,,,,,
,,Billings,,,,,,,,,,,,,,,,,,,,,5,,2,,,,,,,,,10,,,,1,,1,,8,1,,,,,,,,,,,,,,,
,,Bottineau,,11,3,5,3,2,2,,,,,,,,,,,,,,15,2,23,,,,,,,,,42,,1,10,16,,4,,11,5,,3,5,1,4,,,,,,,,,,2
,,Burke,,11,1,6,4,,,,,,,,,,,,,,,,6,,22,1,,,,,,,,18,,,,10,,6,,2,4,,4,4,,4,,,,,,,,,,4
,,Cavalier,,2,,1,1,,,,,,2,,,1,1,,,,1,,7,1,29,,,1,,1,,,,19,,,,10,,2,,7,1,,,4,2,2,,,,,,,,,,
,,Dickey,,2,1,1,,,,,,,,,,,,,,,,,,,2,,,1,,,1,,,11,,,,4,,2,1,4,,,,1,,1,,,,,,,,,,
,,Divide,,15,,13,2,,,,,,2,,,,2,,,,,,5,,8,,,2,1,,,,1,9,,,1,2,,2,,4,3,,,24,11,13,,,,,,,,,,5
,,Dunn,,27,7,12,8,,,,,,,,,,,,,,1,,8,2,27,2,,,,,,,,20,,,,8,,4,,8,3,,6,19,6,13,,,,,,,,,,7
,,Eddy,,8,1,6,1,,,,,,,,,,,,,,,,3,1,35,,,,,,,,,15,,,,13,,2,,,,,1,2,1,1,,,,,,,,,,
,,Emmons,,6,,6,,,,,,,,,,,,,,,,,7,,14,,,1,1,,,,,19,,,,3,,6,1,9,5,,,8,4,4,,,,,,,,,,
,,Foster,,,,,,,,,,,,,,,,,,,,,,,,,,,,,,,,,,,,,,,,,,,,,,,,,,,,,,,,
,,Golden Valley,,6,,5,1,,,,,,,,,,,,,,,,3,,7,,,,,,,,,4,,1,,1,,,,2,,,,1,1,,,,,,,1,,,,1
,,Grant,,6,3,3,,,,,,,1,1,,,,,,,,,11,,4,,,1,,1,,,,10,,,,1,,3,,6,2,1,,2,1,1,,,,,,,,,,1
,,Griggs,,7,3,,4,,,,,,1,,,,1,,,,,,2,,9,,,1,1,,,,,5,,,,5,,,,,,,,2,1,1,,,,,,,,,,2
,,Hettinger,,40,4,19,17,,,,,,,,,,,,,,1,,3,2,17,,,5,4,,1,,,7,,,,1,,4,,2,4,1,1,1,1,,,,,,,,,,,
,,Kidder,,3,,2,1,,,,,,,,,,,,,,1,,3,,2,,,,,,,,,4,,,,2,,,,2,1,,,1,1,,,,,,,,,,,
,,Lamoure,,1,,1,,,,,,,,,,,,,,,,,,1,,,,1,,,,,1,2,,,,,,,1,1,1,1,,3,2,1,,,,,,,,,,
,,Logan,,,,,,,,,,,,,,,,,,,,,1,,,,,,,,,,,12,,,,8,,,1,3,1,,,,,,,,,,,,,,,
,,McHenry,,20,2,12,6,,,,,1,,,,,,,,,,,11,2,23,,,2,,2,,,,33,,,,15,,9,2,7,5,,6,11,4,7,,,,,,,,,,1
,,McKenzie,,49,7,35,7,,,,,1,,,,,,,,,,,7,2,58,,,,,,,,,76,,,,7,,6,2,61,5,1,,21,14,7,,,,,,,,,,10
,,McLean,,61,6,40,15,,,,,,2,1,,,1,,,,,,37,3,84,,,16,3,8,1,,4,82,,,4,29,,11,3,35,12,1,15,88,29,59,,,,,,2,,,,6
,,Mercer,,8,1,6,1,,,,,,1,,,,1,,,,,,6,1,14,,,,,,,,,17,,,,4,,4,,9,4,,,43,17,26,,,,,,,,,,2
,,Mountrail,,70,10,43,17,4,4,,,,1,,,,1,,,,4,,17,4,82,2,,14,10,1,1,,2,83,,1,,13,,15,1,53,26,,1,39,19,20,,,,,,,,,,21
,,Nelson,,43,4,23,16,,,,,,,,,,,1,1,,,,11,,30,,,1,,1,,,,12,,,,6,,4,1,1,8,,12,8,4,4,,,,,,1,,,,1
,,Pembina,,37,5,22,10,,,,,,1,,,,1,2,1,1,1,,11,,16,,,1,,1,,,,25,,,2,10,,4,,9,3,,3,54,30,24,,,,,,,,,,6
,,Ramsey,,4,,4,,,,,,,,,,,,,,,,,,,2,1,,,,,,,,10,,,,7,,,,3,1,,,6,4,2,,,,,,,,,,2
,,Renville,,6,1,3,2,,,,,,,,,,,1,,1,,,2,1,14,1,,1,,1,,,,18,,,1,6,,2,1,8,,,1,12,6,6,,,,,,,,,,2
,,Richland,,48,4,33,11,,,,,3,4,1,,,3,1,,1,,,23,3,66,1,,10,5,1,4,,,72,,,1,13,,8,1,49,11,,2,95,59,36,,,,,,,,,,2
,,Rolette,,15,1,10,4,,,,,1,3,,,,3,,,,,,8,,8,,,2,,,,,2,4,,,2,2,,,,,4,,4,11,5,6,,,,,,,1,,1,
,,Sargent,,10,,4,6,,,,,,,,,,,,,,,,8,1,13,,,5,1,4,,,,13,,,,6,,6,,1,,,,19,9,10,,,,,,,,,,1
,,Sheridan,,9,,7,2,,,,,,,,,,,,,,,,6,1,12,,,,,,,,,29,,,,15,,4,,10,2,,,7,3,4,,,,,,,,,,
,,Slope,,1,,,1,,,,,,,,,,,,,,,,1,,,,,,,,,,,1,,,,,,,,1,,,,,,,,,,,,,,,,
,,Stark,,47,4,32,11,,,,,1,2,,,,2,1,,1,1,,2,1,22,,,7,5,2,,,,74,1,,,8,1,8,5,51,8,,1,97,48,49,,,,,,,,,,6
,,Steele,,6,,6,,,,,,1,1,1,,,,,,,,,4,,7,,,1,1,,,,,1,,,,1,,,,,1,,1,7,4,3,,,,,,,,,,1
,,Stutsman,,25,1,21,3,,,,,,4,3,,,1,,,,,,13,,23,,,5,4,,1,,,31,,,,3,,3,,25,4,,1,79,37,42,,,,,,,,,,3
,,Towner,,2,,1,1,,,,,,,,,,,,,,,,4,1,9,,,,,,,,,2,,,,,,1,1,,,,,,,,,,,,,,,,,
,,Traill,,8,1,5,2,,,,,,,,,,,,,,1,,14,1,20,,,,,,,,,35,,,1,19,,6,1,8,2,,1,10,2,8,,,,,,1,,,,1
,,Walsh,,57,1,38,18,,,,,,4,,1,,3,2,,2,,,22,3,39,,,7,4,1,1,,1,56,,,,3,,4,2,47,7,,1,24,13,11,,,,,,,,,,4
,,Ward,,156,16,122,18,,,,,,27,7,,,20,2,,2,,,46,1,87,,,15,8,4,3,,,114,,,2,8,,24,2,78,29,,1,69,34,35,,,,,,,,,,8
,,Wells,,12,3,6,3,,,,,,1,1,,,,1,,1,2,,9,,8,1,,1,1,,,,,7,,,,,,3,,4,2,,,9,6,3,,,,,,,,,,3
,,Williams,,145,41,73,31,1,1,,,1,10,5,3,,2,7,,7,2,,48,5,118,2,,9,3,6,,,,187,,,,25,,30,6,126,48,,,278,150,128,,,,,,3,1,1,,14
OHIO,Cities,Ada,"5,947",21,2,12,7,,,,,,3,3,,,,,,,,,18,,29,,,7,1,4,2,,,47,1,1,3,14,1,14,1,12,2,1,,13,8,5,,,,,,,,,,
,,Akron,"198,390","7,749","1,000","3,778","2,971",24,24,,,125,296,169,11,,116,38,10,28,103,1,"3,501",237,"3,458",,6,696,201,225,264,2,4,"5,962",47,33,945,795,8,"1,177",159,"2,798",760,582,244,"3,044","1,880","1,164",,,,,,9,53,5,48,428
,,Amherst,"12,030",59,1,34,24,,,,,,,,,,,,,,2,,31,12,59,,,31,6,11,14,,,162,,1,33,32,,37,1,58,10,3,3,262,136,126,,,,,,,,,,4
,,Arlington Heights,742,13,1,,12,,,,,,1,1,,,,,,,,,4,1,13,,,,,,,,,27,,,,9,,7,1,10,1,,2,82,59,23,,,,,,,,,,4
,,Ashland,"20,366",207,7,67,133,,,,,3,27,10,2,,15,8,5,3,3,,96,18,225,,1,37,6,15,16,,,549,,,85,105,2,112,1,244,8,3,4,249,153,96,,,,,,6,1,1,,6
,,Ashville,"4,120",35,1,24,10,,,,,1,,,,,,,,,1,,15,4,33,,,4,,,4,,,53,,,1,18,,15,1,18,2,,,9,5,4,,,,,,,,,,1
,,Athens,"23,834",153,6,72,75,,,,,4,5,1,,,4,,,,,,89,18,215,,1,14,4,5,5,,,360,3,5,124,24,1,70,7,126,7,8,2,24,11,13,,,,,,,,,,2
,,Austintown,"36,478",451,38,167,246,,,,,8,27,6,,,21,1,1,,1,,325,38,216,,,44,11,18,15,,,915,5,6,117,164,2,234,3,384,58,19,31,187,112,75,,,,,,1,1,,1,12
,,Barnesville,"4,178",35,,2,33,,,,,,,,,,,1,,1,,,7,1,3,,,5,4,1,,,,13,,,,9,,1,,3,2,,2,19,8,11,,,,,,,,,,1
,,Batavia,"1,524",43,,1,42,,,,,,3,2,,,1,,,,,,11,1,25,,,6,1,2,3,,,71,,,1,15,,24,5,26,1,,1,53,26,27,,,,,,,,,,1
,,"Bath Township, Summit County","9,667",42,1,16,25,,,,,2,3,3,,,,,,,,,9,12,26,,,18,4,,14,,,73,,,21,13,,7,2,30,2,2,7,48,27,21,,,,,,2,,,,2
,,Bazetta Township,"5,844",59,6,17,36,,,,,1,1,,,,1,,,,,,46,1,50,,,16,1,13,2,,,205,,4,102,22,,17,,60,6,2,2,24,11,13,,,,,,,,,,2
,,Beachwood,"11,866",69,29,12,28,,,,,1,5,1,,,4,,,,,,13,2,58,,,56,2,29,25,,,548,2,2,296,,,,,248,6,2,20,48,28,20,,,,,,,3,,3,2
,,Beavercreek,"45,563",252,6,148,98,,,,,,16,6,1,,9,,,,3,,114,29,209,,1,112,9,56,47,,,946,2,7,359,88,2,166,61,261,15,13,20,198,146,52,,,,,,4,,,,14
,,Beaver Township,"6,667",49,,18,31,,,,,,,,,,,2,2,,,,45,4,39,,,17,2,3,12,,,82,,,4,21,,19,10,28,6,1,1,97,47,50,,,,,,,,,,4
,,Bellbrook,"7,001",47,1,10,36,,,,,3,5,1,,,4,,,,,,6,3,34,,,10,,3,7,,,93,,,,8,,63,,22,,1,11,22,12,10,,,,,,1,,,,
,,Bellville,"1,903",4,,,4,,,,,,,,,,,,,,,,1,,6,,,,,,,,,46,1,1,2,18,,15,3,6,,,,10,5,5,,,,,,,,,,
,,Bethel,"2,735",41,2,16,23,1,,1,,2,2,1,,,1,,,,5,,15,3,27,,,3,1,2,,,,105,,,18,27,1,12,1,46,3,,1,65,33,32,,,,,,,,,,1
,,Beverly,"1,312",10,,1,9,,,,,,1,1,,,,,,,,,11,1,6,,,,,,,,,39,,,8,9,,8,,14,,,1,6,4,2,,,,,,,,,,2
,,Bexley,"13,220",66,2,38,26,,,,,3,2,1,1,,,,,,1,,121,10,76,,,30,6,1,23,,,255,,,24,27,,107,9,88,8,11,24,44,24,20,,,,,,1,1,,1,7
,,Blanchester,"4,231",31,1,3,27,,,,,2,2,,,,2,3,,3,1,,7,2,14,,,6,1,3,2,,,52,,,10,15,1,10,1,15,3,,1,19,14,5,,,,,,,,,,1
,,Blue Ash,"12,082",75,4,44,27,,,,,1,5,,,,5,1,,1,1,,47,17,69,,,36,1,20,15,,,311,,,59,89,2,59,13,89,9,3,6,205,137,68,,,,,,,6,2,4,3
,,Boardman,"40,608",716,5,100,611,1,1,,,14,18,6,1,,11,1,,1,10,,273,78,384,,3,100,7,90,1,1,1,"1,377",14,7,480,269,,223,13,371,55,31,55,368,235,133,1,,1,,,4,2,,2,34
,,Bowling Green,"30,219",354,39,236,79,1,1,,,3,25,16,1,,8,,,,,,109,65,584,,1,92,37,36,10,,9,718,,,128,1,,166,19,404,15,14,12,392,237,155,,,,,,1,3,,3,10
,,Brecksville,"13,554",24,4,18,2,,,,,,,,,,,,,,,,8,,44,,,19,2,10,7,,,76,,,4,41,,10,,21,1,,6,92,60,32,,,,,,,,,,2
,,Brewster,"2,108",9,1,7,1,,,,,,2,,,,2,,,,,,3,,7,,,1,,1,,,,4,,,,,1,,,3,1,,,10,7,3,,,,,,1,,,,
,,Bridgeport,"1,824",27,,15,12,,,,,,2,,,,2,,,,,,4,1,9,,,1,,,1,,,18,,1,6,7,,1,,3,1,,2,17,9,8,,,,,,,,,,1
,,Broadview Heights,"19,246",31,4,19,8,,,,,,2,,,,2,,,,,,6,2,37,,,19,4,5,10,,,9,,,,1,,3,,5,2,,,106,61,45,,,,,,1,1,,1,10
,,Brookfield Township,"8,809",132,9,71,52,,,,,3,5,2,,,3,2,,2,5,,67,1,73,,,16,4,1,11,,,136,2,,9,30,,22,,73,10,3,9,29,15,14,,,,,,1,,,,2
,,Brook Park,"19,062",113,5,73,35,,,,,,6,3,,,3,1,1,,,,33,4,85,,,16,1,7,8,,,68,,,13,,,26,4,25,34,2,,49,38,11,,,,,,,1,,1,7
,,Brunswick Hills Township,"9,950",24,,5,19,,,,,,1,1,,,,1,,1,,,9,,18,,,3,,3,,,,39,,,1,9,,9,1,19,2,,,10,6,4,,,,,,,,,,2
,,Cadiz,"3,349",134,4,1,129,,,,,,5,3,,,2,,,,,,17,2,34,1,,3,,,1,,2,62,,1,4,16,,20,2,19,3,,1,45,27,18,,,,,,,,,,
,,Campbell,"8,178",59,5,5,49,1,1,,,1,5,1,1,,3,2,1,1,1,,77,1,36,,,5,,3,2,,,80,1,,4,16,,27,,32,7,3,1,8,5,3,,,,,,,,,,2
,,Canal Fulton,"5,472",67,3,16,48,,,,,,1,,,,1,,,,,,20,2,40,,,11,3,6,2,,,96,,1,6,20,2,18,2,47,1,,,37,30,7,,,,,,,,,,
,,Canfield,"7,464",28,,10,18,1,1,,,,4,1,,,3,,,,1,,14,5,17,,,18,6,6,6,,,46,,,1,11,,9,,25,2,,6,225,133,92,,,,,,1,1,,1,6
,,Cardington,"2,047",19,1,12,6,1,1,,,,8,2,1,,5,2,1,1,,,3,,18,,,1,,1,,,,38,1,,8,13,,4,,12,1,,,3,2,1,,,,,,1,,,,
,,Carlisle,"4,967",20,1,18,1,,,,,,,,,,,,,,,,17,1,4,,,3,3,,,,,27,20,,,,,1,,6,,,,4,2,2,,,,,,,,,,2
,,Cheviot,"8,352",51,1,2,48,,,,,,4,1,,,3,,,,,,49,6,66,,,6,,2,3,1,,154,2,6,8,47,,44,3,44,8,7,4,27,15,12,,,,,,,,,,8
,,Chillicothe,"21,954",336,64,57,215,,,,,1,14,11,,,3,2,,2,2,,465,35,437,,1,31,10,6,14,1,,"1,616",4,5,446,334,2,233,34,558,46,26,46,168,100,68,,,,,,1,1,,1,6
,,Cincinnati,"296,204","8,574",940,"4,973","2,661",46,46,,,72,286,189,12,,85,19,3,16,1,1,"5,498",14,"4,856",,2,67,5,24,38,,,"11,632",127,117,"1,706","1,988",44,"3,996",378,"3,276","1,114","1,730",16,,,,,,,,,,,,,145
,,Circleville,"13,388",334,10,131,193,1,1,,,16,16,6,,,10,3,1,2,2,,196,33,335,,1,21,3,12,6,,,772,1,7,81,92,,149,5,437,12,14,24,269,161,108,1,,1,,,3,,,,13
,,Clearcreek Township,"14,224",22,1,10,11,,,,,,,,,,,,,,1,,26,1,29,,1,14,2,5,7,,,99,58,,,2,,2,2,35,,,,3,2,1,,,,,,1,,,,
,,Cleveland,"393,781","19,000","1,774","12,864","4,362",86,84,2,,794,669,367,47,,255,77,30,47,307,3,"9,859",320,"7,402",,11,"1,732",380,435,873,44,,"18,218",37,23,998,"3,355",4,"2,265",700,"10,836","3,857","3,276",243,"3,867","3,634",233,6,4,2,,,29,278,3,275,"1,168"
,,Cleves,"3,225",36,1,1,34,,,,,,1,,,,1,,,,,,11,,27,,,9,1,3,5,,,64,1,,3,22,,9,4,25,2,,5,73,37,36,,,,,,,,,,1
,,Coitsville Township,"1,382",8,,2,6,,,,,,,,,,,,,,,,19,,18,,,1,,,1,,,30,,,,11,,3,,16,1,,2,22,14,8,,,,,,,,,,1
,,Coldwater,"4,430",34,,,34,,,,,,,,,,,1,,1,,,8,3,16,,,6,1,1,4,,,38,,,2,12,,5,,19,1,,,5,3,2,,,,,,,,,,1
,,Commercial Point,"1,590",15,2,4,9,,,,,,,,,,,,,,,,8,,5,,,,,,,,,13,,,,9,,2,,2,1,,1,5,3,2,,,,,,,,,,
,,Covington,"2,593",15,,11,4,,,,,,,,,,,,,,,,3,2,21,,,,,,,,,23,,,,,,7,,16,,,1,31,16,15,,,,,,,,,,
,,Dayton,"142,139","4,617",626,"3,026",965,24,24,,,75,170,114,11,,45,,,,129,3,"3,056",71,"2,548",,2,290,233,12,41,2,2,"4,658",21,22,301,"1,958",8,"1,301",303,744,693,638,177,"1,522",842,680,5,,5,,,2,227,50,177,336
,,Defiance,"16,621",186,13,37,136,,,,,1,24,12,,,12,2,1,1,3,,93,16,211,,1,39,13,14,11,1,,527,5,6,65,135,,93,10,213,6,4,12,178,103,75,,,,,,3,,,,11
,,Delhi Township,"29,433",76,4,49,23,,,,,,6,3,1,,2,,,,1,,91,9,149,,1,109,8,40,61,,,528,,,19,12,,20,6,471,18,7,17,128,93,35,,,,,,,,,,5
,,Delta,"3,088",17,,3,14,,,,,,,,,,,,,,,,11,,10,,,3,1,,2,,,47,,1,,15,,15,1,15,1,,2,7,3,4,,,,,,,,,,1
,,East Cleveland,"17,704",191,84,1,106,,,,,,12,4,,,8,,,,,,1,,,,,,,,,,,4,,,,,,,,4,9,,,,,,,,,,,,13,,13,26
,,Eaton,"8,369",160,13,61,86,,,,,1,8,3,1,,4,2,,2,,,102,10,144,,,20,3,8,9,,,408,,,102,86,2,53,11,154,5,1,18,94,48,46,,,,,,2,,,,7
,,East Palestine,"4,708",141,2,43,96,,,,,,2,,,,2,,,,,,29,4,75,,,7,,6,,,1,125,,1,6,19,,15,3,81,6,1,1,24,8,16,,,,,,,,,,1
,,Englewood,"13,526",86,2,44,40,,,,,,9,2,,,7,1,1,,,,37,4,67,,1,43,5,28,10,,,337,1,3,149,24,1,62,8,89,12,5,4,24,15,9,,,,,,,,,,3
,,Fairfield Township,"21,484",284,13,77,194,,,,,8,11,2,1,,8,1,,1,4,,155,16,237,,,43,11,17,15,,,851,1,14,415,106,2,119,3,191,13,4,8,79,41,38,,,,,,1,,,,5
,,Forest,"1,458",14,,,14,,,,,,,,,,,,,,,,15,,8,,,6,4,2,,,,23,,,2,9,,3,,9,,1,,7,5,2,,,,,,1,,,,2
,,Forest Park,"18,672",103,,,103,1,1,,,2,6,4,,,2,2,1,1,2,,110,15,137,,,40,2,29,9,,,345,2,8,97,59,1,60,7,111,23,23,3,55,33,22,,,,,,,,,,12
,,Fort Recovery,"1,429",4,1,,3,,,,,,,,,,,1,,1,,,4,2,6,,,1,,1,,,,29,,,1,9,,15,,4,,,,2,,2,,,,,,,,,,
,,Gahanna,"33,692",210,8,146,56,1,1,,,6,15,8,,,7,1,1,,2,,125,43,298,1,,140,13,22,102,,3,706,,1,21,58,,174,5,447,21,5,17,269,153,116,,,,,,8,,,,18
,,Galion,"10,415",197,6,72,119,,,,,,6,2,1,,3,3,,3,,,150,19,233,,,36,5,15,15,1,,464,2,4,39,31,,102,11,275,7,3,39,103,55,48,,,,,,2,1,,1,8
,,Gallipolis,"3,644",150,4,30,116,,,,,,2,1,,,1,,,,1,,48,8,65,,,13,9,2,2,,,309,2,4,152,28,2,26,2,93,5,3,8,108,64,44,,,,,,,,,,4
,,Geneva-on-the-Lake,"1,286",64,3,12,49,,,,,1,3,2,,,1,2,1,1,,,6,,8,,,3,3,,,,,7,,,,4,,1,,2,2,,2,67,36,31,,,,,,,,,,1
,,Genoa Township,"23,643",40,2,8,30,,,,,1,,,,,,,,,1,,35,3,60,,,46,,4,42,,,161,,,2,17,,60,,82,7,,3,28,13,15,,,,,,1,,,,5
,,Georgetown,"4,470",136,3,6,127,,,,,,1,,,,1,,,,1,,47,7,44,,,13,7,5,,,1,158,5,2,6,74,,22,3,46,2,1,9,100,52,48,,,,,,1,,,,1
,,Germantown,"5,574",19,3,5,11,,,,,,2,2,,,,,,,1,,11,1,17,,,3,2,1,,,,30,,,1,1,1,13,,14,,,,6,4,2,,,,,,,,,,
,,"German Township, Clark County","7,079",41,,3,38,,,,,,,,,,,,,,,,25,2,19,,,6,1,5,,,,101,1,4,39,19,,10,,28,3,2,1,22,16,6,,,,,,,,,,3
,,"German Township, Montgomery County","2,895",15,,4,11,,,,,,1,1,,,,,,,,,25,,17,,,4,,1,3,,,43,,,,6,,16,1,20,2,,4,11,7,4,,,,,,,,,,1
,,Girard,"9,906",45,5,3,37,,,,,,1,1,,,,1,1,,,,17,,44,,,3,,1,2,,,56,1,,1,7,,23,,24,5,2,,1,,1,,,,,,,,,,
,,Glendale,"2,150",2,,2,,,,,,,1,,,,1,,,,,,7,,1,,,2,1,1,,,,17,,,,1,,1,,15,1,1,,4,4,,,,,,,,,,,
,,"Goshen Township, Clermont County","15,644",172,1,12,159,,,,,2,9,5,,,4,2,1,1,2,,70,9,86,,,26,1,11,14,,,247,6,2,11,70,,50,3,105,7,,12,155,85,70,,,,,,,1,1,,2
,,"Goshen Township, Mahoning County","3,221",98,10,48,40,,,,,,6,1,,,5,,,,,,24,3,94,,,9,1,4,4,,,115,1,,2,33,1,28,1,49,4,,2,59,30,29,,,,,,,1,,1,3
,,Grandview Heights,"6,625",12,,4,8,,,,,,3,,,,3,,,,,,15,,20,,,1,,1,,,,69,1,,2,21,,21,1,23,2,1,2,50,28,22,,,,,,,,,,2
,,Granville,"5,662",9,1,5,3,,,,,,1,1,,,,1,1,,,,9,2,19,,,5,,4,1,,,44,,1,2,16,,5,1,19,,,,59,32,27,,,,,,1,,,,1
,,Greenfield,"4,623",69,2,11,56,,,,,,2,1,,,1,1,1,,,,49,12,99,1,,5,1,3,1,,,146,1,1,18,76,1,15,1,33,7,4,7,59,33,26,,,,,,1,,,,2
,,Greenhills,"3,605",34,1,21,12,,,,,,,,,,,,,,1,,16,,23,,,5,1,3,1,,,33,,,,,,,,33,1,,4,102,68,34,,,,,,,,,,3
,,Grove City,"36,050",280,4,194,82,1,1,,,6,21,12,,,9,1,1,,11,,189,38,531,,,117,34,16,65,2,,"1,134",2,5,309,164,,421,25,208,42,20,32,333,200,133,,,,,,2,,,,14
,,Groveport,"5,435",49,1,32,16,,,,,,1,,,,1,,,,,,16,2,40,,,6,2,,4,,,101,4,1,5,19,,22,1,49,2,1,4,36,21,15,,,,,,,,,,2
,,"Hamilton Township, Warren County","21,033",146,9,77,60,,,,,3,5,2,,,3,2,2,,,,37,3,102,,,33,5,14,14,,,207,64,,15,20,,20,1,87,3,1,,55,31,24,,,,,,,,,,3
,,Haskins,"1,196",5,,2,3,,,,,,1,,,,1,,,,,,3,,8,,,1,1,,,,,18,,,,7,,,,11,,,1,6,3,3,,,,,,,,,,1
,,Hebron,"2,347",13,,4,9,,,,,,2,2,,,,,,,,,3,,9,,,2,,2,,,,58,,,12,5,,6,11,24,,,,8,3,5,,,,,,,,,,
,,Hicksville,"3,568",7,1,,6,,,,,,,,,,,,,,,,,,1,,,1,1,,,,,12,,,1,2,,2,2,5,,,,2,2,,,,,,,,,,,
,,Hillsboro,"6,585",66,,2,64,,,,,1,5,3,,,2,,,,2,,37,14,59,,,18,1,10,7,,,250,3,1,91,48,,32,1,74,,1,2,42,21,21,,,,,,1,,,,5
,,Hiram,"1,407",1,,,1,,,,,,,,,,,,,,,,1,,1,,,,,,,,,19,2,,1,2,,,1,13,,,,20,9,11,,,,,,,,,,1
,,Holland,"1,758",48,2,12,34,,,,,1,,,,,,,,,,,9,15,60,,,4,,4,,,,203,1,4,109,9,,17,5,58,,4,14,29,15,14,,,,,,,1,,1,
,,Howland Township,"17,239",158,5,61,92,,,,,2,7,2,,,5,,,,,,88,5,98,,,28,,6,22,,,323,,6,119,33,,38,,127,14,5,3,23,8,15,,,,,,,,,,2
,,Hubbard,"7,834",147,9,32,106,,,,,2,2,1,,,1,1,,1,2,,46,5,51,,1,30,2,3,25,,,132,,,19,37,,16,3,57,2,7,7,26,11,15,,,,,,3,,,,1
,,Hubbard Township,"5,624",56,,31,25,,,,,,2,,,,2,1,1,,,,63,8,62,,,7,,2,5,,,95,,,2,9,,24,4,56,4,1,5,39,23,16,,,,,,,5,1,4,2
,,Hudson,"22,181",48,,18,30,,,,,,1,,,,1,,,,2,,23,3,56,,,32,1,9,22,,,124,1,2,10,26,,35,1,49,,2,,32,16,16,,,,,,1,,,,1
,,Huron,"7,118",68,14,35,19,,,,,2,3,1,,,2,,,,,,50,2,57,,,40,1,19,20,,,139,,,4,21,,3,,111,1,,6,77,77,,,,,,,2,3,,3,3
,,Independence,"7,070",47,8,20,19,,,,,1,4,2,1,,1,,,,,,30,5,29,,,23,14,3,6,,,154,2,6,9,62,1,27,2,45,,,1,42,24,18,,,,,,,,,,1
,,Jackson,"6,390",61,1,26,34,,,,,,1,,,,1,1,1,,,,44,4,45,,,6,3,2,1,,,287,1,6,103,33,3,33,8,100,6,,6,60,40,20,,,,,,1,,,,2
,,Jackson Center,"1,460",14,,7,7,,,,,,5,,4,,1,2,,2,2,,13,1,17,,,,,,,,,9,,,,3,1,5,,,1,,,6,3,3,,,,,,,,,,
,,"Jackson Township, Montgomery County","3,713",7,,4,3,,,,,,2,1,1,,,,,,,,10,1,12,,,6,,6,,,,24,1,,1,9,,6,,7,2,1,1,8,6,2,,,,,,,,,,
,,Johnstown,"4,653",48,2,14,32,,,,,,,,,,,,,,,,6,4,24,,,3,2,,1,,,39,,,3,10,,4,2,20,2,1,2,49,19,30,,,,,,1,,,,1
,,Kenton,"8,251",112,1,11,100,,,,,2,4,,,,4,1,1,,3,,101,10,107,,,12,6,2,4,,,347,5,5,49,101,2,55,5,125,5,4,1,48,31,17,,,,,,,,,,4
,,Lake Township,"8,011",38,,8,30,,,,,,,,,,,,,,,,24,,34,,,6,,4,2,,,73,1,,2,4,,15,,51,1,,5,12,7,5,,,,,,,1,,1,3
,,Lakewood,"51,721",298,24,201,73,3,3,,,5,14,4,2,,8,2,2,,5,,211,23,242,,,100,78,12,10,,,681,2,6,151,158,,118,3,243,100,35,39,424,260,164,,,,,,,3,,3,39
,,Lawrence Township,"8,210",55,6,24,25,,,,,,8,2,1,,5,,,,1,,26,1,34,,,12,3,5,4,,,58,,,,23,,13,,22,2,,1,20,10,10,,,,,,1,,,,1
,,Liberty Township,"12,002",115,13,60,42,,,,,,2,2,,,,,,,,,58,4,65,,,9,1,1,7,,,137,,1,20,25,,35,3,53,13,9,3,24,9,15,,,,,,,,,,2
,,Lincoln Heights,"3,279",86,7,9,70,1,1,,,,4,4,,,,1,1,,,,23,,45,,,4,2,,2,,,40,1,,,16,,8,1,14,8,12,,47,30,17,,,,,,,,,,11
,,Linndale,178,3,1,1,1,,,,,,,,,,,,,,,,,,1,,,,,,,,,13,,,13,,,,,,,1,1,113,85,28,,,,,,,,,,2
,,Liverpool Township,"4,005",18,,2,16,1,1,,,,1,1,,,,1,,1,,,18,,21,,,1,1,,,,,41,,,,14,,9,,18,3,,,19,12,7,,,,,,1,,,,
,,Lockland,"3,441",62,7,8,47,2,2,,,,3,,,,3,,,,2,,69,8,49,,,14,6,4,4,,,109,,2,,36,,36,2,33,5,17,5,138,91,47,,,,,,,,,,9
,,Logan,"7,155",131,1,3,127,,,,,1,13,3,2,,8,3,,3,1,,61,30,99,,,17,5,5,7,,,284,1,,68,124,1,41,,49,6,6,16,104,51,53,,,,,,1,,,,3
,,London,"9,895",170,8,63,99,,,,,1,7,1,2,,4,1,,1,2,,61,4,104,,,10,1,3,6,,,230,1,5,41,86,1,32,6,58,13,6,1,22,10,12,,,,,,,,,,1
,,Lorain,"64,148","2,793",151,"1,699",943,4,4,,,43,80,34,4,,42,10,2,8,32,,"1,246",55,"1,053",,,173,38,57,78,,,"1,885",7,5,302,97,3,383,33,"1,055",126,136,59,908,487,421,,,,,,9,2,,2,71
,,Loudonville,"2,641",31,2,6,23,,,,,,1,,,,1,,,,,,26,4,35,,,6,2,1,2,,1,60,1,,5,8,,19,3,24,3,1,,10,8,2,,,,,,,,,,
,,Louisville,"9,173",114,4,46,64,,,,,2,1,,,,1,,,,1,,47,6,104,,,10,1,5,4,,,160,1,,14,48,1,31,2,63,3,1,6,50,27,23,,,,,,3,,,,2
,,Loveland,"12,081",59,1,17,41,,,,,,1,1,,,,1,1,,1,,24,1,75,,,34,2,13,18,1,,101,,,8,18,,32,1,42,2,,3,11,6,5,,,,,,1,,,,4
,,Madeira,"8,704",8,,2,6,,,,,,,,,,,,,,,,8,2,5,,,5,,3,2,,,31,,,7,5,,11,,8,4,,2,23,10,13,,,,,,,,,,
,,"Madison Township, Franklin County","18,270",103,8,47,48,,,,,,2,,,,2,,,,,,119,2,85,,,10,1,2,6,1,,164,,,7,24,,44,8,81,7,7,19,111,64,47,,,,,,,,,,3
,,Mansfield,"47,480","2,455",57,"1,693",705,1,1,,,30,52,27,1,,24,16,7,9,51,,956,125,"1,105",,1,218,100,80,38,,,"2,114",1,5,448,34,5,375,77,"1,169",91,93,52,844,487,357,,,,,,8,15,2,13,81
,,Marietta,"14,079",144,5,96,43,,,,,,8,,,,8,2,1,1,,,22,10,38,,,7,5,2,,,,177,,,80,14,,20,4,59,9,4,9,93,45,48,,,,,,,,,,5
,,Marion,"36,687",780,35,507,238,2,2,,,21,39,16,,,23,15,3,12,10,,836,60,497,,,67,24,22,19,2,,"1,018",,1,74,120,,114,2,707,46,49,30,328,257,71,,,,,,7,3,1,2,32
,,Martins Ferry,"6,890",77,3,25,49,,,,,,,,,,,1,,1,,,15,1,13,,,2,,2,,,,65,2,,15,23,,5,1,19,3,,,20,13,7,,,,,,1,,,,2
,,Mason,"31,037",77,3,48,26,,,,,,6,2,1,,3,,,,1,,82,2,149,,,11,3,4,4,,,515,1,4,33,86,1,172,3,215,10,6,1,78,46,32,,,,,,,,,,2
,,Massillon,"32,104",556,21,280,255,,,,,5,41,14,2,,25,8,4,4,14,,355,24,316,,,74,11,36,24,3,,773,3,6,143,173,,148,21,279,31,31,17,54,32,22,,,,,,,,,,13
,,Mayfield Village,"3,434",12,2,3,7,,,,,,,,,,,,,,,,10,1,28,,,5,,2,3,,,59,,,1,23,,13,,22,,,2,11,6,5,,,,,,,,,,1
,,McArthur,"1,691",20,,4,16,,,,,,,,,,,1,,1,,,7,1,4,,,,,,,,,35,,,6,12,,11,,6,3,,1,14,9,5,,,,,,,,,,1
,,Miamisburg,"20,273",158,14,94,50,,,,,3,12,6,,,6,,,,5,,183,14,134,,,19,2,10,6,1,,440,,,,,,,,440,21,11,9,194,87,107,,,,,,,3,,3,9
,,"Miami Township, Clermont County","41,213",212,6,109,97,1,1,,,4,5,3,,,2,,,,5,,127,11,225,,,75,4,32,39,,,665,1,1,134,47,,121,4,357,8,4,4,211,111,100,,,,,,2,,,,12
,,"Miami Township, Montgomery County","29,265",324,8,165,151,1,1,,,9,21,9,1,,11,3,1,2,,,152,38,294,,,80,24,43,13,,,984,1,,472,7,,129,25,350,35,22,62,250,150,100,,,,,,2,,,,17
,,Middleport,"2,519",34,2,11,21,,,,,,1,,,,1,1,1,,,,15,1,12,,,,,,,,,16,,,1,10,,1,,4,,,6,114,67,47,,,,,,,,,,1
,,Millersburg,"3,052",68,1,37,30,,,,,,6,2,,,4,,,,,,9,4,41,,,5,4,,1,,,107,,,35,,,1,,71,1,,,6,4,2,,,,,,,,,,1
,,Milton Township,"2,562",23,,11,12,,,,,3,2,,,,2,1,,1,,,37,3,32,,,6,2,,4,,,55,,,2,24,,7,1,21,1,1,3,11,6,5,,,,,,,,,,3
,,Minerva Park,"1,288",5,,4,1,,,,,,,,,,,,,,,,9,1,8,,,2,,,2,,,28,,,,7,,4,2,15,,1,,4,3,1,,,,,,,,,,2
,,Montgomery,"10,224",30,,3,27,,,,,1,4,,,,4,,,,3,,23,18,47,,,32,2,7,23,,,131,1,1,4,53,,27,7,38,10,1,5,167,101,66,,,,,,2,,,,1
,,Montpelier,"4,067",185,8,82,95,,,,,,6,1,,,5,,,,,,20,7,84,,,11,1,5,5,,,180,1,,7,22,4,27,9,110,3,1,2,19,11,8,,,,,,2,1,,1,2
,,Montville Township,"11,244",33,1,4,28,1,1,,,3,2,2,,,,,,,,,15,9,29,,,18,,8,10,,,76,,1,21,17,,11,2,24,,1,2,41,21,20,,,,,,,,,,1
,,Moraine,"6,336",193,8,75,110,,,,,3,11,5,4,,2,,,,2,,76,12,159,,,16,1,9,5,,1,637,,,72,7,,5,7,546,15,16,14,104,58,46,,,,,,,2,,2,12
,,Mount Gilead,"3,662",51,,11,40,,,,,1,1,,,,1,,,,,,21,,23,,,4,1,1,2,,,174,2,1,31,17,,20,22,81,4,1,2,35,22,13,,,,,,,,,,1
,,Munroe Falls,"4,994",31,,5,26,,,,,,1,,,,1,,,,,,10,1,18,,,8,1,2,5,,,26,,,2,5,,8,,11,,,1,28,14,14,,,,,,,,,,1
,,Napoleon,"8,701",335,4,75,256,1,1,,,2,16,7,,,9,3,2,1,,,59,15,175,,,25,4,7,14,,,336,,7,61,51,,73,17,127,7,3,9,95,53,42,,,,,,4,2,,2,5
,,Navarre,"1,954",18,,7,11,,,,,,2,1,,,1,,,,,,8,,15,,,2,,1,1,,,29,,2,,6,1,5,,15,1,,,65,41,24,,,,,,,,,,1
,,New Albany,"7,834",17,2,8,7,,,,,,2,,,,2,,,,,,21,1,42,,,11,,5,6,,,93,,,,24,,29,,40,1,,2,73,37,36,,,,,,1,,,,3
,,Newark,"47,787","1,230",18,182,"1,030",,,,,21,57,20,4,,33,16,5,11,38,,480,69,962,,1,86,19,34,33,,,"1,783",4,10,270,229,4,426,24,816,94,32,24,280,173,107,,,,,,10,,,,23
,,New Boston,"2,266",68,,10,58,,,,,,1,,,,1,,,,1,,25,6,54,,,20,13,6,1,,,189,,1,48,48,,41,1,50,3,2,5,53,34,19,,,,,,,,,,
,,New Franklin,"14,174",76,2,15,59,1,1,,,1,5,,,,5,1,,1,2,,27,1,42,,,15,1,,14,,,66,,1,2,15,,17,,31,3,,2,23,15,8,,,,,,1,,,,1
,,New Lebanon,"4,013",69,2,37,30,,,,,1,6,4,,,2,,,,,,27,1,32,,,9,2,4,3,,,85,,1,6,22,,33,1,22,12,,1,31,14,17,,,,,,1,,,,1
,,New Lexington,"4,791",48,5,7,36,,,,,,5,,,,5,1,,1,2,,17,5,60,,,3,,,3,,,106,1,,13,35,,22,3,32,2,,,6,4,2,,,,,,,,,,
,,New London,"2,455",11,2,2,7,,,,,,1,1,,,,1,,1,,,5,,2,,,1,,1,,,,25,,1,1,4,1,13,,5,,,2,10,6,4,,,,,,,,,,
,,New Middletown,"1,610",3,,,3,,,,,,,,,,,,,,,,1,1,1,,,1,,,1,,,3,,,,2,,1,,,,,,22,14,8,,,,,,,,,,3
,,New Philadelphia,"17,272",85,3,5,77,,,,,1,4,,,,4,,,,,,6,6,15,,,12,9,1,1,1,,229,,2,207,7,,4,,9,1,1,13,115,71,44,,,,,,,,,,6
,,New Richmond,"2,605",24,,4,20,,,,,,1,1,,,,1,,1,,,10,1,9,,,2,1,,1,,,39,2,,3,7,,13,,14,1,,,5,3,2,,,,,,,,,,1
,,Niles,"19,167",491,17,126,348,,,,,3,7,4,1,,2,3,2,1,1,,218,14,272,,,14,,10,4,,,740,5,6,110,175,,126,6,312,36,25,6,41,26,15,,,,,,1,1,,1,2
,,North Canton,"17,464",136,9,81,46,,,,,2,12,1,1,,10,,,,3,,79,7,140,,1,35,3,3,29,,,253,,,30,32,2,72,6,111,11,7,7,119,66,53,,,,,,3,1,,1,
,,Northwood,"5,304",75,3,26,46,,,,,4,3,3,,,,,,,1,,55,7,135,,,14,,13,1,,,212,1,2,45,36,,55,12,61,8,2,5,31,20,11,,,,,,,,,,1
,,Norwood,"19,158",379,11,175,193,1,1,,,,19,9,1,,9,,,,2,,283,19,448,,1,47,8,25,14,,,"1,025",6,5,229,267,3,225,16,274,26,44,21,275,143,132,,,,,,1,,,,12
,,Oak Hill,"1,551",19,2,10,7,1,1,,,,,,,,,2,1,1,,,2,,3,,,2,,,2,,,23,,1,3,5,,,1,13,2,1,,23,16,7,,,,,,,,,,
,,Ontario,"6,175",84,6,29,49,,,,,,2,,,,2,,,,,,41,34,85,,,37,10,25,2,,,535,2,4,333,8,,103,10,75,8,6,21,40,23,17,,,,,,,,,,2
,,Oregon,"20,205",332,21,211,100,1,1,,,3,6,2,,,4,,,,6,,174,45,177,,,86,15,27,44,,,766,1,7,309,16,,141,23,269,32,11,36,195,105,90,,,,,,2,1,,1,11
,,Ottawa,"4,438",14,,10,4,,,,,,1,1,,,,,,,,,,,,,,,,,,,,13,,,1,7,,3,,2,1,,,,,,,,,,,,,,,
,,Ottawa Hills,"4,499",25,5,16,4,,,,,,,,,,,,,,1,,21,1,5,,,11,3,1,7,,,16,,,,,,3,1,12,,,5,31,20,11,,,,,,,,,,4
,,Parma,"80,963",309,38,176,95,,,,,4,9,4,,,5,1,1,,1,,49,29,138,,,159,109,34,15,1,,403,,,292,65,,17,1,28,6,14,17,776,478,298,,,,,,1,2,,2,93
,,Pataskala,"15,030",139,,6,133,,,,,4,6,3,,,3,,,,1,,50,10,98,,,24,4,9,11,,,194,3,4,21,47,,25,10,84,6,,5,97,55,42,,,,,,1,1,,1,9
,,Paulding,"3,568",46,,8,38,,,,,,1,1,,,,,,,,,3,1,8,,,2,2,,,,,16,,,5,5,,3,,3,,1,1,6,3,3,,,,,,,,,,
,,Payne,"1,181",12,,7,5,,,,,,,,,,,,,,,,7,,2,,,,,,,,,15,,,3,7,,3,,2,,,,2,1,1,,,,,,,,,,
,,Peebles,"1,776",17,1,6,10,,,,,,1,,,,1,,,,1,,11,,8,,,6,,2,,4,,36,,,2,13,,5,,16,3,,2,9,5,4,,,,,,,,,,
,,Pemberville,"1,382",4,,1,3,,,,,,,,,,,,,,,,1,,,,,1,,,1,,,7,,,,3,,3,,1,,,,22,11,11,,,,,,,,,,
,,Perkins Township,"12,150",103,1,7,95,,,,,,,,,,,,,,,,4,9,15,,,15,3,9,3,,,296,,,230,10,,2,,54,1,1,31,360,238,122,,,,,,,,,,7
,,"Perry Township, Allen County","3,522",15,,,15,,,,,,,,,,,,,,,,4,,12,,,3,2,1,,,,36,,,15,3,,7,1,10,3,,,3,2,1,,,,,,,,,,
,,"Perry Township, Franklin County","3,684",9,,1,8,,,,,,,,,,,1,1,,,,9,,18,,,7,,5,2,,,40,1,,,12,,15,1,11,,,,23,7,16,,,,,,,,,,
,,"Perry Township, Montgomery County","3,372",10,,4,6,,,,,,,,,,,,,,,,20,1,4,,,2,,2,,,,27,,,,12,,4,2,9,7,,2,10,5,5,,,,,,1,,,,3
,,"Perry Township, Stark County","28,262",404,23,177,204,1,1,,,9,26,5,,,21,8,4,4,8,,207,8,276,,,75,6,5,61,3,,462,,2,35,90,,94,17,224,14,16,15,143,78,65,,,,,,6,,,,8
,,Pierce Township,"11,313",58,2,9,47,,,,,,2,1,,,1,,,,2,,30,3,38,,,14,3,3,6,2,,141,,1,46,22,,21,1,50,5,4,3,44,19,25,,,,,,1,,,,2
,,Pioneer,"1,379",29,,12,17,,,,,,2,1,,,1,,,,1,,6,1,17,,,3,1,,2,,,40,,,3,7,,9,2,19,1,,,8,3,5,,,,,,,2,1,1,
,,Piqua,"20,591",871,2,409,460,1,1,,,5,32,7,4,,21,2,1,1,4,,215,15,572,,1,65,28,16,21,,,"1,013",5,1,174,33,6,215,4,575,23,12,47,118,78,40,,,,,,3,2,1,1,6
,,Plain City,"4,229",13,,7,6,,,,,,2,,,,2,,,,,,2,1,5,,,1,1,,,,,14,,,,8,,1,,5,1,,2,6,2,4,,,,,,,,,,1
,,Poland Township,"12,327",38,3,14,21,,,,,1,1,,,,1,,,,1,,33,2,44,,,17,,,17,,,81,,,3,1,,38,5,34,5,1,,17,10,7,,,,,,,,,,2
,,Poland Village,"2,537",8,,,8,,,,,,1,1,,,,,,,,,2,,6,,,3,,,3,,,29,,,2,2,,13,,12,,,1,36,21,15,,,,,,,,,,1
,,Port Clinton,"6,050",137,3,92,42,,,,,,4,,,,4,,,,1,,57,1,74,,,13,2,,11,,,162,,3,7,4,,17,2,129,3,2,6,61,34,27,,,,,,1,,,,1
,,Powell,"11,776",29,,6,23,,,,,,1,,,,1,,,,,,14,1,56,,,37,,3,34,,,75,,,3,16,,25,,31,3,,2,29,15,14,,,,,,,,,,
,,Powhatan Point,"1,586",27,2,9,16,,,,,,,,,,,1,1,,,,14,,6,,,1,,,1,,,33,,1,,23,,2,,7,,,6,7,2,5,,,,,,,,,,1
,,Reynoldsburg,"36,291",429,22,208,199,2,2,,,7,15,7,3,,5,5,,5,11,,179,80,242,,,92,33,6,52,1,,841,6,10,258,128,1,201,15,222,35,58,47,410,271,139,,,,,,8,,,,28
,,Richwood,"2,252",28,,1,27,,,,,,2,,1,,1,,,,1,,12,1,11,,,2,1,,1,,,30,1,,,14,,4,,11,3,,3,51,23,28,,,,,,1,,,,3
,,Rio Grande,835,13,2,6,5,,,,,,,,,,,,,,,,4,1,2,,,,,,,,,11,,,,7,,1,,3,,,,24,11,13,,,,,,,,,,3
,,Riverside,"25,317",461,28,264,169,1,1,,,2,11,4,,,7,6,3,3,4,,200,18,215,,,30,1,22,6,1,,505,10,9,104,81,,165,15,121,33,14,15,159,97,62,,,,,,1,,,,10
,,Rossford,"6,338",56,,2,54,,,,,,1,1,,,,1,,1,1,,25,4,48,,,26,1,5,20,,,118,1,2,10,28,,37,2,38,3,,2,15,11,4,,,,,,,1,,1,2
,,Sabina,"2,557",73,1,18,54,,,,,,1,,,,1,1,1,,,,19,2,12,,,7,3,,4,,,48,,,2,19,,10,,17,5,1,5,81,44,37,,,,,,1,,,,
,,Salem,"12,269",72,2,44,26,,,,,,2,1,,,1,,,,1,,23,2,64,,,,,,,,,229,,2,16,15,,42,3,151,7,1,4,11,6,5,,,,,,,,,,1
,,Sebring,"4,391",73,1,24,48,,,,,,4,1,1,,2,1,,1,,,35,3,44,,1,5,3,2,,,,115,,,10,44,,22,2,37,3,,4,21,10,11,,,,,,,2,,2,
,,Seven Hills,"11,718",22,1,6,15,,,,,1,,,,,,,,,,,16,,6,,1,3,,1,2,,,22,,,1,6,1,2,,12,2,,1,11,6,5,,,,,,,,,,1
,,Sheffield Lake,"9,144",36,,,36,,,,,2,1,,1,,,,,,2,,40,2,40,,,7,1,3,3,,,97,49,1,3,3,,34,,7,3,1,1,,,,,,,,,,1,1,,1
,,Shelby,"9,241",206,3,105,98,,,,,3,16,5,1,,10,6,1,5,,,101,4,91,,,26,12,12,2,,,298,,1,20,23,,96,3,155,11,3,12,108,59,49,,,,,,4,,,,14
,,Sidney,"21,177",584,42,412,130,,,,,9,34,9,2,,23,11,6,5,12,,303,18,489,,,32,6,16,10,,,978,20,13,142,198,1,212,21,371,37,17,28,103,87,16,,,,,,7,,,,10
,,Smithville,"1,252",8,,,8,,,,,,1,,,,1,1,,1,,,2,,1,,,,,,,,,6,,,,2,,,,4,,,,9,4,5,,,,,,,,,,2
,,Solon,"23,165",96,6,38,52,,,,,1,2,,,,2,2,2,,1,,31,13,46,,1,64,5,29,30,,,162,1,2,9,61,,31,4,54,4,1,11,236,145,91,,,,,,1,1,,1,13
,,South Bloomfield,"1,754",18,,10,8,,,,,,1,,,,1,,,,1,,10,,7,,,4,,,4,,,34,,,2,9,,3,,20,3,,,21,13,8,,,,,,,,,,
,,South Charleston,"1,685",12,,2,10,,,,,,1,,,,1,1,1,,1,,13,1,3,,,1,1,,,,,16,1,,1,4,,4,,6,2,,1,9,3,6,,,,,,,,,,1
,,South Euclid,"22,125",198,4,88,106,2,2,,,1,9,4,,,5,1,,1,1,,123,13,98,,,44,4,11,29,,,288,2,4,28,16,,57,1,180,11,24,6,3,3,,,,,,,,,,,7
,,South Vienna,381,11,,3,8,,,,,,,,,,,,,,,,2,1,3,,,1,,,1,,,14,1,,3,1,,5,1,3,,,,1,1,,,,,,,,,,,1
,,Springboro,"17,587",53,3,34,16,,,,,1,11,2,1,,8,1,,1,4,,27,18,49,,,26,7,10,9,,,160,14,,2,,,20,,124,,,,169,79,90,,,,,,2,1,,1,4
,,Springdale,"11,194",86,11,54,21,,,,,2,7,4,,,3,,,,2,,59,49,125,4,,34,,11,23,,,667,1,,309,70,2,94,22,169,10,26,12,76,63,13,,,,,,2,,,,4
,,"Springfield Township, Hamilton County","36,225",306,15,214,77,1,1,,,1,12,3,1,,8,1,,1,6,,267,16,169,,,177,96,30,51,,,547,,,1,12,,11,,523,39,27,21,499,430,69,,,,,,,,,,44
,,"Springfield Township, Mahoning County","6,660",62,2,19,41,,,,,1,1,,,,1,1,,1,1,,40,1,53,,,26,,,26,,,90,,,2,36,,11,2,39,5,,1,54,33,21,,,,,,,1,,1,4
,,"Springfield Township, Summit County","17,646",288,10,150,128,1,1,,,5,9,3,2,,4,7,2,5,4,,109,18,172,,,32,,12,20,,,807,,,409,115,,87,10,186,23,10,8,160,88,72,,,,,,1,3,,3,10
,,St. Clair Township,"7,936",5,,3,2,,,,,,,,,,,,,,,,2,,1,,,,,,,,,32,1,,28,,,1,,2,,,4,11,6,5,,,,,,,,,,
,,St. Paris,"2,074",23,1,2,20,,,,,,,,,,,1,,1,,,6,1,14,,,,,,,,,33,,1,2,12,,10,1,7,1,,,6,4,2,,,,,,,,,,
,,Strasburg,"2,607",20,,2,18,,,,,,2,,,,2,,,,,,7,2,9,,,2,,,2,,,40,,,4,8,,8,4,16,,,,6,5,1,,,,,,,,,,1
,,Streetsboro,"16,049",61,5,43,13,,,,,2,1,,,,1,,,,,,2,3,3,,,5,2,,3,,,89,,,73,9,,1,,6,,,6,101,47,54,,,,,,,,,,3
,,Sugarcreek Township,"8,104",98,4,43,51,,,,,,5,1,2,,2,1,,1,,,22,5,59,,,29,5,13,11,,,303,1,5,176,9,,39,3,70,1,,14,72,51,21,,,,,,2,,,,9
,,Swanton,"3,675",67,,28,39,,,,,,1,,,,1,1,,1,,,14,,31,,,8,5,1,2,,,70,,,5,25,1,14,,25,1,,3,66,36,30,,,,,,,,,,
,,Sylvania Township,"29,397",324,8,196,120,,,,,2,3,,,,3,,,,,,143,13,165,,,37,3,23,11,,,593,,1,213,,,81,12,286,37,19,20,77,35,42,,,,,,,,,,4
,,Tipp City,"9,720",62,1,24,37,,,,,,6,1,1,,4,2,,2,1,,34,13,112,,,15,7,4,4,,,181,,,26,12,3,38,5,97,6,4,9,115,62,53,,,,,,1,,,,4
,,Toronto,"5,024",46,3,31,12,,,,,,1,,,,1,,,,,,13,,4,,,1,,,1,,,24,1,2,1,12,,2,,6,,,5,22,15,7,,,,,,,,,,2
,,Trotwood,"24,540",634,10,268,356,1,1,,,7,32,16,5,,11,9,5,4,11,,512,22,292,,,48,7,13,28,,,760,1,,46,28,,58,13,614,110,48,68,190,115,75,,,,,,2,1,,1,37
,,Troy,"25,141",258,1,79,178,,,,,1,10,1,3,,6,2,2,,6,,131,29,265,,1,47,3,24,20,,,710,1,,171,62,2,160,8,306,18,12,19,263,138,125,,,,,,5,1,,1,19
,,Uhrichsville,"5,408",105,3,14,88,,,,,1,5,,,,5,1,1,,,,41,4,36,,,7,3,1,3,,,114,,,28,8,,24,3,51,12,4,1,61,34,27,,,,,,,,,,4
,,Union,"6,448",67,,20,47,,,,,,2,2,,,,,,,,,31,,48,,,30,1,25,4,,,93,,1,,38,,12,1,41,2,,2,26,17,9,,,,,,,,,,
,,Uniontown,"3,311",49,,14,35,,,,,,1,,,,1,,,,,,29,4,69,,,15,,5,10,,,96,,,1,36,,18,4,37,3,,1,21,11,10,,,,,,1,,,,
,,"Union Township, Clermont County","46,833",413,9,55,349,1,1,,,3,21,9,,,12,,,,6,,231,42,340,,,157,31,77,49,,,"1,441",2,12,503,195,2,197,21,509,35,17,33,527,297,230,,,,,,1,7,4,3,11
,,Upper Arlington,"34,221",39,1,11,27,,,,,2,2,1,,,1,1,,1,2,,66,14,131,,,67,3,19,45,,,392,6,3,47,15,,165,5,151,16,8,33,52,31,21,,,,,,,,,,5
,,Urbana,"11,706",153,10,91,52,1,1,,,,8,3,,,5,4,1,3,2,,70,17,206,,,31,6,14,10,1,,437,1,1,69,77,,115,13,161,10,3,13,96,54,42,,,,,,2,,,,4
,,Utica,"2,142",32,2,8,22,,,,,,2,,,,2,,,,,,8,,17,,,2,1,1,,,,70,,,2,43,,4,1,20,2,1,2,6,4,2,,,,,,,,,,3
,,Van Wert,"10,792",328,15,156,157,,,,,,5,2,,,3,8,5,3,2,,90,9,197,,,12,,5,7,,,349,2,,36,73,1,47,3,187,,1,11,246,163,83,,,,,,2,,,,4
,,Village of Leesburg,"1,313",25,,,25,,,,,,,,,,,,,,,,13,1,9,,1,1,1,,,,,26,,,1,3,,7,,15,,,,19,11,8,,,,,,2,,,,
,,Wadsworth,"21,682",146,5,71,70,,,,,1,12,6,,,6,3,1,2,1,,66,10,118,,,35,11,16,8,,,387,2,3,121,37,,64,2,158,4,,23,175,86,89,,,,,,5,,,,9
,,Walbridge,"3,040",16,,3,13,,,,,,1,,,,1,1,,1,,,5,,12,,,2,1,1,,,,20,,,1,8,,5,1,5,1,,,7,5,2,,,,,,,,,,1
,,Wapakoneta,"9,842",161,6,88,67,,,,,,3,,,,3,,,,,,28,9,105,,,14,2,7,5,,,193,,2,33,38,2,47,1,70,3,1,2,18,10,8,,,,,,1,1,,1,3
,,Warren,"41,355","1,525",159,"1,036",330,4,4,,,21,35,17,1,,17,,,,12,,815,9,561,,1,81,8,12,61,,,"1,088",8,14,124,161,4,214,18,545,113,103,26,275,170,105,,,,,,4,1,,1,88
,,Washington Court House,"14,168",246,11,129,106,,,,,1,11,4,,,7,1,,1,1,,145,18,154,,,21,,9,12,,,443,,3,73,162,,80,4,121,14,5,17,82,48,34,,,,,,2,,,,3
,,Waterville,"5,500",13,,3,10,,,,,,,,,,,,,,,,5,1,30,,,11,,3,8,,,22,,,1,,,6,1,14,,,,3,2,1,,,,,,,1,,1,
,,Wauseon,"7,301",114,3,46,65,1,,1,,,10,2,2,,6,,,,,,17,6,76,,,15,2,7,6,,,195,1,2,43,35,,32,,82,1,1,9,66,33,33,,,,,,,1,,1,4
,,Waverly,"4,395",53,,25,28,,,,,1,1,,1,,,,,,,,10,1,5,,,9,8,1,,,,94,,,81,4,,4,,5,,2,9,54,27,27,,,,,,,,,,2
,,Weathersfield,"8,357",152,9,49,94,,,,,2,4,4,,,,,,,3,,97,2,87,,,31,12,10,9,,,160,1,,11,32,,41,5,70,19,4,6,98,33,65,,,,,,1,,,,5
,,Wells Township,"2,799",33,,4,29,,,,,1,1,1,,,,1,,1,,,18,,13,,,3,,2,1,,,43,,,1,27,,2,,13,3,,,7,3,4,,,,,,1,,,,4
,,West Alexandria,"1,352",17,2,5,10,,,,,1,2,1,,,1,2,,2,,,10,1,15,,,6,1,3,2,,,46,,,,23,,8,1,14,2,,1,15,5,10,,,,,,,,,,2
,,Westerville,"36,663",228,1,150,77,,,,,13,14,3,1,,10,1,1,,14,,106,65,279,,1,87,22,18,47,,,776,,1,121,162,1,188,18,285,18,9,26,406,223,183,,,,,,3,2,1,1,10
,,West Jefferson,"4,217",66,4,18,44,1,1,,,1,1,,,,1,2,,2,,,19,1,24,,,8,2,4,2,,,91,,,4,43,,12,3,29,4,2,4,46,25,21,,,,,,,,,,2
,,West Liberty,"1,798",17,,6,11,,,,,,3,2,,,1,,,,1,,5,,5,,,,,,,,,14,,,,5,,2,1,6,,1,,2,1,1,,,,,,,,,,
,,West Salem,"1,468",4,,,4,,,,,,1,1,,,,,,,,,1,,17,,,,,,,,,16,,,2,2,,6,,6,,,,,,,,,,,,,,,,
,,Wickliffe,"12,741",59,5,50,4,,,,,,,,,,,,,,,,23,,,,,,,,,,,178,,,,,,,,178,6,,1,233,163,70,,,,,,,,,,14
,,Williamsburg,"2,512",45,,15,30,,,,,,1,,,,1,,,,,,13,,20,,,3,,2,,1,,80,,1,8,22,1,27,,21,2,,1,25,13,12,,,,,,,1,,1,
,,Wilmington,"12,487",134,2,97,35,,,,,1,10,3,,,7,,,,1,,74,11,166,,,22,3,9,9,,1,608,,,7,,,,,601,3,3,13,171,85,86,,,,,,2,,,,5
,,Wintersville,"3,875",31,5,15,11,,,,,,,,,,,,,,,,7,3,18,,,3,2,,1,,,61,,,6,20,,14,4,17,3,1,3,31,21,10,,,,,,,,,,2
,,Woodlawn,"3,286",41,6,13,22,,,,,1,,,,,,,,,1,,24,13,42,,,16,2,10,4,,,104,2,1,15,26,,21,2,37,5,4,6,16,10,6,,,,,,,,,,3
,,Wooster,"26,137",536,16,257,263,1,1,,,7,40,20,,,20,2,,2,8,,147,46,319,,1,84,21,33,30,,,711,2,2,144,139,,157,8,259,30,10,21,264,165,99,,,,,,6,,,,8
,,Worthington,"13,754",67,2,32,33,,,,,4,4,,,,4,,,,9,,72,19,106,,,28,5,5,18,,,270,,,9,48,,110,9,94,9,2,27,91,45,46,,,,,,,,,,3
,,Wyoming,"8,407",22,7,12,3,,,,,1,,,,,,,,,,,33,1,16,,,20,,12,8,,,103,,,,,,51,,52,3,,2,12,9,3,,,,,,,,,,
,,Xenia,"25,923",635,25,246,364,,,,,3,25,14,1,,10,7,2,5,4,,215,35,321,,,62,18,11,33,,,922,2,,222,67,1,168,7,455,29,20,22,234,189,45,,,,,,6,1,,1,25
,,Youngstown,"66,567","2,619",380,"1,286",953,22,22,,,27,61,39,2,,20,15,9,6,263,,"1,736",6,919,1,1,177,19,25,133,,,"1,638",6,9,102,106,,288,51,"1,076",279,244,37,507,326,181,,,,,,1,18,,18,156
,,Zanesville,"25,529",656,46,461,149,1,1,,,8,22,8,3,,11,8,3,5,10,,268,42,464,,,68,30,15,23,,,"1,416",7,5,369,205,2,301,30,497,51,31,19,149,93,56,,,,,,4,17,,17,16
,Universities and Colleges,Bowling Green State University,"17,577",19,1,13,5,,,,,,2,1,,,1,,,,7,,35,1,102,,1,1,,1,,,,153,,,,,,1,,152,2,,7,89,43,46,,,,,,1,,,,1
,,Capital University,"3,550",1,,,1,,,,,,1,1,,,,,,,,,6,,31,,,3,,3,,,,34,,,,12,,14,4,4,,,,2,1,1,,,,,,,,,,
,,Central State University,"2,503",32,1,10,21,,,,,1,,,,,,,,,,,9,,22,,,4,,3,1,,,61,,1,,42,,4,,14,,,,3,2,1,,,,,,,,,,
,,Cleveland State University,"17,229",8,,,8,,,,,,3,,,,3,,,,,,1,,15,,,,,,,,,39,1,,1,24,,9,,4,1,,,,,,,,,,,,,,,
,,Columbus State Community College,"30,921",8,,1,7,,,,,,,,,,,,,,,,,,7,,,2,1,,1,,,101,4,5,1,64,2,15,2,8,1,1,,2,1,1,,,,,,,,,,
,,"Ohio State University, Main Campus, Columbus","56,867",103,1,60,42,,,,,4,17,9,,,8,,,,7,,21,22,220,,,18,2,12,4,,,951,8,3,31,490,,87,14,318,4,4,22,280,132,148,,,,,,,1,,1,6
,,Otterbein University,"2,997",12,,7,5,,,,,,2,,,,2,,,,,,4,,19,,,,,,,,,31,,,1,23,,3,1,3,,,,35,18,17,,,,,,,,,,1
,,Sinclair Community College,"21,106",2,,1,1,,,,,,,,,,,,,,,,,,6,,,3,1,2,,,,23,,,2,17,,1,,3,,,1,3,1,2,,,,,,,,,,1
,Metropolitan Counties,Belmont,,365,14,33,318,,,,,5,10,5,,,5,2,1,1,2,,187,15,93,,,28,11,16,1,,,427,3,5,174,76,,53,5,111,38,3,16,59,36,23,,,,,,1,,,,12
,,Brown,,219,1,5,213,,,,,1,7,,1,,6,,,,,,72,2,45,,,4,3,,1,,,133,1,2,1,23,,15,8,83,4,1,,27,15,12,,,,,,1,,,,2
,,Butler,,577,298,43,236,1,1,,,1,15,6,1,,8,2,1,1,5,,312,13,308,,,104,6,44,33,20,1,876,167,2,24,178,2,88,7,408,5,11,13,267,201,66,,,,,,5,,,,18
,,Carroll,,195,44,94,57,,,,,,3,1,,,2,1,,1,4,,71,,38,,,4,,2,2,,,161,,,,88,,,,73,14,,,14,11,3,,,,,,1,,,,3
,,Clark,,"1,232",19,195,"1,018",,,,,4,21,7,1,,13,4,,4,12,,283,21,446,,,84,6,30,48,,,819,8,6,53,112,3,181,24,432,32,2,14,225,141,84,,,,,,3,,,,15
,,Clermont,,813,50,401,362,,,,,10,36,11,4,,21,9,,9,12,,662,44,443,,2,149,25,67,57,,,"1,161",6,3,38,97,2,144,23,848,50,3,63,324,175,149,,,,,,7,1,,1,15
,,Delaware,,203,13,71,119,1,1,,,2,9,8,,,1,,,,5,,375,39,437,,,241,10,41,190,,,"1,120",7,13,166,283,2,345,6,298,29,3,11,280,163,117,,,,,,10,,,,8
,,Fairfield,,492,7,37,448,,,,,6,26,10,2,,14,3,2,1,1,,218,21,263,,1,62,4,28,28,1,1,747,2,3,105,133,2,159,16,327,22,10,8,242,130,112,,,,,,2,,,,11
,,Franklin,,700,51,457,192,2,2,,,1,19,7,2,,10,,,,7,,411,24,481,,,75,4,23,47,1,,949,11,8,74,208,,220,42,386,87,62,26,362,217,145,,,,,,22,5,,5,35
,,Fulton,,116,20,49,47,1,1,,,,16,3,1,,12,1,1,,3,,113,5,185,,,18,1,4,13,,,287,,,2,64,,40,13,168,16,,12,44,25,19,,,,,,1,,,,4
,,Geauga,,137,9,77,51,,,,,1,7,6,,,1,,,,1,,105,1,40,1,,35,26,6,3,,,218,,1,1,12,,39,2,163,12,4,6,159,79,80,,,,,,,,,,7
,,Greene,,190,8,122,60,1,1,,,3,17,12,,,5,,,,3,1,152,5,123,,1,55,18,12,24,,1,278,,,7,38,2,54,13,164,27,4,8,48,28,20,,,,,,,,,,9
,,Hocking,,128,4,2,122,3,3,,,4,5,2,,,3,2,1,1,1,,142,3,107,,,9,1,3,5,,,299,1,2,4,124,,42,5,121,6,,3,62,35,27,,,,,,1,,,,1
,,Jefferson,,121,4,57,60,,,,,,7,1,,,6,,,,,,25,2,28,,,2,,2,,,,64,,,,3,,6,,55,3,4,1,,,,,,,,,,,,,2
,,Lawrence,,515,66,261,188,1,1,,,4,19,9,2,,8,8,6,2,3,,312,15,127,,,36,10,7,19,,,721,2,5,178,42,,86,1,407,55,11,15,33,19,14,,,,,,1,1,,1,9
,,Lorain,,458,7,308,143,1,1,,,3,18,9,2,,7,8,3,5,11,,597,14,342,,,35,17,18,,,,747,1,,13,19,1,98,2,613,56,17,8,193,105,88,,,,,,4,1,,1,19
,,Lucas,,999,56,581,362,,,,,1,13,5,3,,5,2,,2,11,1,397,17,541,,,107,11,32,63,1,,860,,3,165,2,,273,35,382,66,22,22,94,64,30,,,,,,5,,,,10
,,Madison,,203,8,66,129,,,,,,13,3,2,,8,4,1,3,4,,180,6,175,1,,22,1,13,8,,,389,2,1,6,171,,60,7,142,25,2,9,78,42,36,1,,1,,,1,,,,9
,,Miami,,263,6,89,168,,,,,1,20,5,2,,13,5,5,,9,,156,10,178,1,,31,9,3,19,,,358,1,2,1,28,,67,12,247,30,5,9,219,123,96,,,,,,5,,,,10
,,Montgomery,,"1,156",150,757,249,2,2,,,31,70,35,6,,29,8,4,4,15,1,708,43,285,,,131,25,35,71,,,910,2,1,28,79,,118,15,667,159,110,42,920,582,338,,,,,,8,3,1,2,77
,,Morrow,,133,10,58,65,,,,,9,8,3,1,,4,5,,5,3,,231,,77,,1,16,2,7,7,,,258,,,5,58,,51,7,137,13,3,3,31,18,13,,,,,,2,,,,2
,,Pickaway,,429,18,256,155,,,,,11,9,4,,,5,2,1,1,5,,488,23,323,,,52,,13,39,,,988,,3,83,346,,216,1,339,54,5,40,108,75,33,,,,,,,,,,13
,,Richland,,628,13,386,229,2,2,,,6,35,8,3,,24,9,4,5,5,,634,22,386,,,100,40,25,33,1,1,771,,,16,64,,117,1,573,40,12,16,245,142,103,,,,,,8,,,,22
,,Stark,,"1,022",26,383,613,,,,,8,58,13,4,,41,3,3,,10,,561,20,837,,1,86,14,32,37,1,2,"1,122",4,3,123,134,2,153,19,684,139,53,17,107,67,40,,,,,,5,,,,31
,,Summit,,578,10,158,410,,,,,4,18,11,,,7,5,1,4,3,,240,23,512,,,80,19,13,48,,,874,3,5,63,116,3,183,15,486,48,8,24,411,257,154,,,,,,3,,,,18
,,Trumbull,,203,19,119,65,1,1,,,1,11,5,,,6,3,2,1,1,,252,5,125,,,17,3,,14,,,266,,,3,35,,38,2,188,19,1,14,48,29,19,,,,,,1,,,,8
,,Wood,,198,4,125,69,,,,,,8,2,,,6,1,,1,,,126,5,176,,,10,6,2,2,,,376,86,3,1,22,,44,6,214,19,,8,146,84,62,,,,,,2,68,,68,6
,Nonmetropolitan Counties,Adams,,264,10,68,186,,,,,,9,2,2,,5,2,2,,1,,195,1,104,,,26,,4,8,14,,262,1,2,3,87,,30,4,135,14,1,4,81,57,24,,,,,,1,,,,7
,,Ashland,,114,6,50,58,,,,,3,15,6,,,9,3,3,,1,,172,6,204,,,13,3,2,8,,,348,,,2,35,2,88,9,212,12,,2,83,47,36,,,,,,4,,,,6
,,Ashtabula,,637,43,282,312,2,2,,,1,19,10,,,9,8,3,5,4,,369,26,213,,,70,21,29,20,,,"1,022",4,7,239,180,1,174,12,405,68,10,59,215,122,93,,,,,,2,,,,24
,,Athens,,224,8,38,178,,,,,1,12,5,1,,6,5,,5,2,,207,6,129,,,9,3,1,5,,,469,2,5,19,152,,64,14,213,18,6,12,131,100,31,,,,,,1,,,,4
,,Auglaize,,130,3,58,69,,,,,,2,1,,,1,,,,,,47,4,44,,,20,2,2,15,,1,90,,,2,8,1,24,9,46,7,,1,11,9,2,,,,,,,,,,5
,,Champaign,,206,13,98,95,,,,,1,8,,,,8,2,2,,4,,139,11,158,,,38,5,18,14,1,,307,,,2,97,3,34,4,167,17,1,4,71,51,20,,,,,,3,1,,1,17
,,Clinton,,51,6,27,18,,,,,,8,3,,,5,1,,1,,,25,,11,,,10,4,5,,1,,57,,,1,21,,3,,32,3,,3,30,16,14,,,,,,,,,,4
,,Columbiana,,136,11,62,63,1,1,,,2,1,1,,,,,,,,,61,,9,,,1,,,1,,,15,,,3,2,,1,,9,3,1,1,3,3,,,,,,,,,,,3
,,Coshocton,,396,14,197,185,,,,,2,19,,2,,17,1,1,,3,,294,12,358,,,28,3,15,7,2,1,718,3,5,47,181,1,123,4,354,13,5,16,26,17,9,,,,,,1,2,1,1,7
,,Crawford,,88,7,42,39,,,,,,2,1,,,1,1,1,,1,,168,5,39,,2,20,3,7,6,4,,173,,,1,34,,37,,101,11,,8,74,46,28,,,,,,2,,,,8
,,Darke,,354,8,208,138,,,,,2,16,2,,,14,1,1,,3,,151,8,153,,,2,1,,1,,,350,,,2,116,,58,1,173,20,3,16,94,54,40,,,,,,,1,1,,10
,,Defiance,,66,1,,65,,,,,,14,6,1,,7,7,7,,1,,40,6,171,,,22,14,3,5,,,146,1,,,22,1,10,3,109,2,,6,124,68,56,,,,,,3,,,,6
,,Fayette,,350,10,160,180,,,,,1,13,2,1,,10,3,3,,4,,218,12,191,,,23,6,10,7,,,505,2,1,19,98,2,118,10,255,19,11,11,61,37,24,2,,2,,,3,,,,9
,,Gallia,,304,5,89,210,2,2,,,2,6,3,,,3,3,,3,1,,249,4,170,,,17,2,3,12,,,394,7,4,16,52,,62,8,245,18,8,2,56,38,18,,,,,,,,,,8
,,Guernsey,,202,,3,199,3,2,1,,,4,1,,,3,2,2,,3,,73,2,44,,,7,,1,5,,1,120,2,3,2,41,,21,5,46,9,3,3,11,8,3,,,,,,,,,,3
,,Hancock,,63,3,24,36,,,,,,3,1,,,2,3,2,1,,,90,1,157,,,23,2,6,15,,,156,,,3,16,3,26,,108,8,,,10,5,5,,,,,,,,,,2
,,Hardin,,116,4,13,99,,,,,2,8,,2,,6,2,1,1,2,,132,5,112,,,9,,4,5,,,156,1,,5,54,2,22,6,66,7,,1,123,96,27,,,,,,1,,,,1
,,Harrison,,61,,1,60,,,,,,4,3,,,1,2,2,,,,39,,13,,,1,1,,,,,47,,,1,14,,14,3,15,10,1,1,32,18,14,,,,,,,,,,3
,,Holmes,,171,1,125,45,,,,,1,31,2,,,29,5,5,,1,,61,2,145,,,14,1,5,4,,4,211,,,5,32,1,19,2,152,13,2,1,127,98,29,,,,,,1,,,,4
,,Logan,,189,6,106,77,,,,,1,11,4,2,,5,1,1,,,,230,8,74,,,40,5,16,18,1,,302,1,1,5,10,1,59,3,222,15,,2,63,57,6,,,,,,2,,,,7
,,Marion,,312,8,109,195,,,,,1,12,6,,,6,1,1,,4,1,329,11,249,,,48,15,21,11,,1,"1,029",1,9,215,115,6,157,24,502,9,20,24,59,36,23,,,,,,3,,,,7
,,Meigs,,164,5,29,130,1,1,,,2,7,5,,,2,6,2,4,1,,146,1,67,,,7,4,,3,,,169,1,,1,34,,21,5,107,17,5,6,42,34,8,,,,,,,,,,2
,,Mercer,,138,5,63,70,1,1,,,,16,3,,,13,6,5,1,,,55,4,55,,,7,,5,2,,,180,,1,2,51,1,23,5,97,4,1,,17,11,6,,,,,,,,,,1
,,Monroe,,96,2,22,72,,,,,,5,2,,,3,,,,1,,40,2,30,,1,5,2,2,1,,,76,,1,,38,1,7,,29,1,,4,65,36,29,,,,,,,,,,8
,,Paulding,,87,6,42,39,,,,,,4,2,,,2,1,1,,1,,47,,55,,,6,,6,,,,108,,,,33,,7,2,66,,,2,1,,1,,,,,,,,,,2
,,Pike,,218,6,103,109,3,3,,,,9,3,2,,4,3,,3,6,,78,4,60,,,7,2,,5,,,270,2,1,3,103,3,30,9,119,18,3,7,19,12,7,,,,,,1,,,,4
,,Ross,,594,25,161,408,,,,,4,45,14,5,,26,10,6,4,8,,524,10,390,,,38,8,28,2,,,"1,231",,1,14,349,2,146,67,652,68,9,50,82,42,40,1,,,1,,,3,1,2,10
,,Scioto,,262,1,23,238,,,,,2,20,4,,,16,3,1,2,16,,307,19,212,,,35,8,10,15,,2,558,6,2,32,82,2,141,31,262,36,7,9,27,16,11,,,,,,2,,,,4
,,Seneca,,71,,36,35,,,,,1,9,2,1,,6,,,,,,128,1,66,,,8,2,2,4,,,190,,,,6,,36,4,144,3,,4,45,18,27,,,,,,1,,,,3
,,Tuscarawas,,211,3,13,195,1,1,,,2,8,2,,,6,3,1,2,2,,137,9,43,,,14,,8,6,,,154,1,3,1,51,1,24,8,65,26,1,5,45,24,21,,,,,,,,,,9
,,Van Wert,,119,1,13,105,,,,,1,1,,,,1,3,,3,1,,68,1,102,,,13,1,2,10,,,123,,,1,40,,11,1,70,4,,,14,9,5,,,,,,,,,,3
,,Vinton,,69,7,23,39,2,2,,,4,5,3,,,2,,,,1,,134,1,23,,,2,,1,1,,,194,4,2,4,68,,15,3,98,8,2,,17,11,6,,,,,,,,,,3
,,Washington,,196,17,99,80,,,,,3,18,9,4,,5,1,1,,3,,175,5,77,,,4,2,2,,,,269,1,2,2,46,,39,5,174,16,,3,142,116,26,,,,,,2,,,,13
,,Wayne,,247,11,199,37,,,,,5,19,9,1,,9,3,1,2,8,,237,2,300,,,44,4,22,18,,,523,,,13,81,3,72,10,344,42,2,18,61,40,21,,,,,,2,,,,6
,,Wyandot,,32,3,17,12,,,,,1,3,1,2,,,,,,,,9,1,15,,,5,4,,1,,,11,,1,,6,,1,,3,1,1,3,81,43,38,,,,,,1,,,,4
,State Police Agencies,Ohio State Highway Patrol,,811,250,225,336,5,5,,,7,59,19,27,,13,1,,1,4,,15,124,197,,,67,60,,,7,,275,3,4,6,55,5,80,22,100,64,9,349,"4,677","3,064","1,613",,,,,,3,,,,387
,Other Agencies,Hamilton County Park District,,5,,1,4,,,,,1,1,1,,,,,,,1,,7,3,29,,,3,2,1,,,,36,,1,,5,1,11,,18,2,,1,14,10,4,,,,,,,,,,1
,,Lorain County Metropolitan Park District,,1,,,1,,,,,,1,,,,1,,,,,,,,,,,,,,,,,3,,,,1,,,,2,,,1,84,48,36,,,,,,,,,,
,,Mill Creek MetroPark,,4,,1,3,,,,,1,,,,,,,,,1,,,,29,,,,,,,,,10,,,,1,2,1,,6,,1,1,3,1,2,,,,,,,,,,
,,Ohio Investigative Unit,,,,,,,,,,,,,,,,,,,,,,,,,,,,,,,,,,,,,,,,,,,,,,,9,,,9,,,,,,2
,,Port Columbus International Airport,,7,1,1,5,,,,,,,,,,,,,,,,3,,28,,,2,1,1,,,,102,1,2,1,14,,27,1,56,43,,4,33,12,21,,,,,,,1,,1,2
OKLAHOMA,Cities,Achille,502,14,1,8,5,,,,,,,,,,,,,,,,,,1,,,,,,,,,7,,,2,2,,,,3,1,,,1,1,,,,,,,,,,,2
,,Allen,941,1,,1,,,,,,,3,1,,,2,,,,,,,,,,,1,1,,,,,4,,,,,,1,,3,3,,,1,1,,,,,,,,,,,
,,Altus,"19,936",313,44,208,61,1,1,,,1,20,9,2,,9,,,,3,,207,11,260,26,,106,37,52,15,,2,451,,,84,95,2,134,22,114,24,10,13,101,70,31,,,,,,,,,,12
,,Alva,"4,914",17,3,7,7,,,,,,,,,,,,,,1,,16,5,38,1,,2,,1,,,1,71,1,,4,8,,12,2,44,2,,4,19,17,2,,,,,,,,,,1
,,Antlers,"2,443",52,7,38,7,,,,,,9,3,,2,4,1,,1,3,,38,8,30,1,,7,4,3,,,,59,,1,9,5,,16,4,24,5,,1,10,6,4,,,,,,,,,,1
,,Apache,"1,454",6,,3,3,,,,,,1,,,,1,,,,,,,,2,,,,,,,,,6,,,,2,,1,,3,,,,,,,,,,,,,,,,
,,Arkoma,"2,010",8,2,3,3,,,,,,,,,,,,,,,,5,,3,,,2,,1,1,,,10,,,,1,,2,2,5,3,,,,,,,,,,,,,,,
,,Atoka,"3,133",41,5,36,,1,1,,,,3,1,,,2,1,,1,2,,62,7,35,1,,6,2,2,1,,1,69,,,4,6,,27,2,30,6,,2,28,23,5,,,,,,1,,,,1
,,Beaver,"1,520",7,4,2,1,,,,,,,,,,,,,,,,7,,6,,,2,,2,,,,14,,,1,2,,1,,10,,,,,,,,,,,,,,,,
,,Beggs,"1,325",13,,9,4,,,,,,,,,,,2,,2,1,,8,,8,,,3,,1,1,,1,23,,,5,2,,1,,15,2,1,1,22,12,10,,,,,,,,,,5
,,Blackwell,"7,074",83,10,47,26,,,,,3,15,8,1,,6,1,,1,2,,55,4,48,4,1,9,4,4,1,,,96,,,2,19,,36,5,34,10,1,5,79,56,23,,,,,,,,,,2
,,Blanchard,"7,848",56,6,41,9,,,,,,5,2,,1,2,,,,,,26,6,23,5,,2,,2,,,,63,,,5,11,,16,6,25,7,,2,57,34,23,,,,,,,,,,3
,,Boise City,"1,278",1,,1,,,,,,,,,,,,,,,,,1,,1,,,,,,,,,2,,,1,,,,,1,,,,1,1,,,,,,,,,,,
,,Boley,"1,194",11,1,7,3,,,,,,,,,,,,,,,,6,1,,,,,,,,,,6,,,,,,,,6,,,2,6,3,3,,,,,,,,,,
,,Caddo,"1,025",6,1,5,,,,,,,,,,,,,,,,,2,,4,,,,,,,,,8,,,,2,,1,,5,,,,8,7,1,,,,,,,,,,
,,Calera,"2,213",14,,11,3,,,,,,,,,,,,,,,,7,1,,,,,,,,,,15,,,2,,,1,,12,3,,1,13,10,3,,,,,,,,,,
,,Caney,206,1,,1,,,,,,,,,,,,,,,,,3,,1,,,,,,,,,6,,,,2,,2,,2,,,1,8,5,3,,,,,,,,,,1
,,Carnegie,"1,725",14,2,10,2,,,,,,2,1,1,,,,,,,,6,,4,,,,,,,,,5,,,,1,,2,,2,,,,8,7,1,,,,,,,,,,
,,Carney,648,5,3,1,1,,,,,,,,,,,,,,1,,2,1,2,,,,,,,,,4,,,,1,,,1,2,1,,,3,3,,,,,,,,,,,2
,,Chandler,"3,109",52,5,36,11,,,,,,3,1,,,2,,,,2,,38,6,27,,,4,,3,1,,,74,,,19,2,2,9,1,41,4,,6,39,28,11,,,,,,,,,,4
,,Checotah,"3,373",38,,20,18,,,,,,1,1,,,,,,,,,15,3,25,6,1,18,14,2,2,,,79,4,6,6,22,1,13,4,23,6,,,17,4,13,,,,,,,,,,1
,,Chelsea,"1,994",23,3,14,6,,,,,,,,,,,,,,3,,9,2,9,2,,9,2,7,,,,15,,,2,5,1,1,,6,1,,,28,20,8,,,,,,,,,,2
,,Cherokee,"1,513",9,2,7,,,,,,,2,,,,2,,,,,,6,,3,,,,,,,,,5,,,,3,,,1,1,1,,,,,,,,,,,,,,,
,,Choctaw,"11,434",74,11,48,15,1,1,,,1,6,2,1,,3,,,,1,,62,3,42,,1,20,9,6,4,,1,142,2,,9,16,,46,3,66,15,,5,100,61,39,,,,,,3,1,,1,12
,,Chouteau,"2,125",32,2,22,8,,,,,,5,3,1,,1,,,,3,,8,5,19,2,,4,,1,2,,1,28,,,5,2,,7,2,12,5,,1,22,16,6,,,,,,,,,,
,,Clayton,819,18,2,15,1,,,,,,,,,,,,,,,,4,,4,,,,,,,,,6,,,1,,,2,,3,,,,6,5,1,,,,,,,,,,
,,Cleveland,"3,302",34,8,17,9,,,,,,4,,3,,1,2,,2,,,23,5,21,1,,5,,4,1,,,60,,,6,20,,14,2,18,7,3,1,3,3,,,,,,,1,,,,
,,Coalgate,"1,981",14,1,13,,,,,,,1,,,,1,,,,,,8,,1,,,,,,,,,8,,1,,3,,4,,,,,,7,4,3,,,,,,,,,,3
,,Colbert,"1,165",2,1,1,,,,,,,,,,,,,,,,,2,,,,,1,,1,,,,,,,,,,,,,,,1,2,2,,,,,,,,,,,
,,Comanche,"1,677",31,4,12,15,,,,,,,,,,,,,,,,21,,12,2,,,,,,,,36,,,4,9,,15,,8,,,2,12,7,5,,,,,,,,,,3
,,Cordell,"2,920",30,3,20,7,,,,,,,,,,,1,,1,,,18,3,12,1,,4,2,2,,,,25,,,4,7,,2,2,10,5,,1,9,5,4,,,,,,,,,,2
,,Coweta,"9,563",81,10,45,26,,,,,1,9,2,,,7,2,,2,,1,17,,41,,,11,3,3,3,,2,89,,,39,1,,7,3,39,9,1,3,100,54,46,,,,,,1,,,,6
,,Cushing,"7,939",59,14,38,7,1,1,,,,9,3,1,3,2,,,,,,34,7,33,6,,4,3,1,,,,166,,1,37,18,,61,3,46,11,,3,43,27,16,,,,,,,,,,4
,,Davenport,816,15,3,11,1,,,,,,,,,,,,,,,,4,,2,,,1,,1,,,,3,,,,,,2,,1,1,,1,6,3,3,,,,,,,,,,1
,,Dewar,890,1,1,,,,,,,,,,,,,,,,,,3,1,,,,,,,,,,4,,,,3,1,,,,,,,2,1,1,,,,,,,,,,
,,Dibble,847,3,,2,1,,,,,,2,,,,2,,,,,,1,,1,,,1,,,1,,,3,,,1,1,,,,1,,,1,10,7,3,,,,,,,,,,1
,,Drumright,"2,946",37,5,24,8,,,,,,,,,,,,,,2,,19,3,15,1,,2,2,,,,,33,,,4,1,,4,1,23,6,1,1,33,27,6,,,,,,1,,,,4
,,Duncan,"23,652",631,68,300,263,2,2,,,5,35,13,1,,21,,,,3,,286,21,258,28,,107,61,25,21,,,733,1,,131,243,6,164,16,172,47,17,3,154,106,48,,,,,,1,,,,19
,,Elk City,"11,861",134,20,103,11,,,,,2,3,2,,,1,,,,2,,74,12,84,16,,38,14,19,4,1,,245,,2,37,16,1,85,6,98,25,,9,178,125,53,,,,,,,,,,10
,,Eufaula,"2,845",75,5,38,32,,,,,,1,1,,,,,,,,,34,1,22,2,,7,,4,2,,1,54,1,1,6,7,,5,2,32,6,1,1,29,22,7,,,,,,1,,,,4
,,Fairfax,"1,387",24,3,20,1,,,,,,,,,,,,,,,,5,,11,,,2,2,,,,,10,,1,,4,,2,,3,1,,1,1,1,,,,,,,,,,,1
,,Fairview,"2,639",56,5,23,28,,,,,,1,1,,,,,,,,,33,2,32,4,,6,2,3,,,1,87,,,4,2,,13,3,65,2,,,17,9,8,,,,,,,,,,1
,,Fletcher,"1,203",1,,1,,,,,,,,,,,,,,,,,3,,,,,,,,,,,4,,,,,,1,1,2,1,,,,,,,,,,,,,,,
,,Forest Park,"1,023",9,1,6,2,,,,,1,1,1,,,,,,,,,6,4,7,1,,,,,,,,8,,,,3,,1,,4,,,3,20,15,5,,,,,,,,,,2
,,Fort Gibson,"4,181",61,3,43,15,,,,,2,3,,,1,2,,,,,,31,1,17,,,5,,3,1,,1,58,,,3,,,20,,35,2,,,135,79,56,,,,,,,,,,4
,,Frederick,"3,998",56,16,35,5,,,,,,3,1,1,1,,,,,1,,24,6,30,,,15,4,8,1,1,1,53,,,8,9,,16,4,16,3,1,1,19,15,4,,,,,,1,,,,2
,,Geary,"1,288",21,,15,6,,,,,,,,,,,,,,,,16,1,21,3,,2,1,,,,1,13,,,1,,,3,,9,5,,,1,1,,,,,,,,,,,
,,Goodwell,"1,330",3,1,1,1,,,,,,,,,,,,,,,,3,1,2,,,,,,,,,25,,,,5,,14,,6,,,,5,3,2,,,,,,,,,,1
,,Guthrie,"10,409",116,11,91,14,,,,,3,5,3,,1,1,1,,1,,,60,2,66,14,,18,5,5,4,1,3,241,,1,50,37,2,82,6,63,17,2,7,90,61,29,,,,,,1,,,,15
,,Haileyville,815,1,,1,,,,,,,2,,,,2,,,,,,4,,1,,,,,,,,,7,,,,1,,,,6,,,,2,1,1,,,,,,,,,,1
,,Harrah,"5,225",73,13,42,18,,,,,3,5,,1,,4,,,,,,25,1,46,1,,12,5,5,2,,,60,1,,4,12,1,5,3,34,10,1,,41,20,21,,,,,,1,,,,5
,,Hartshorne,"2,128",32,1,29,2,,,,,1,1,1,,,,,,,1,,29,1,13,,,,,,,,,21,,,2,4,,6,,9,1,1,,,,,,,,,,,,,,
,,Haskell,"2,020",3,1,2,,,,,,,3,,,2,1,,,,,,,,1,,,,,,,,,2,,,2,,,,,,,,,1,,1,,,,,,,,,,
,,Healdton,"2,836",13,2,8,3,,,,,,,,,,,,,,1,,4,,3,,,4,,3,1,,,17,,,3,5,,2,1,6,5,,1,5,5,,,,,,,,,,,2
,,Heavener,"3,453",37,9,18,10,,,,,1,2,1,,,1,,,,,,34,3,18,,,4,1,2,1,,,41,,,1,2,,12,5,21,7,,2,7,4,3,,,,,,,,,,2
,,Hennessey,"2,169",41,4,18,19,,,,,2,1,,,,1,,,,1,,4,,16,2,,5,3,2,,,,17,,,2,2,,,,13,2,,,4,4,,,,,,,,,,,1
,,Henryetta,"5,943",60,7,42,11,,,,,,1,,,,1,1,,1,,,65,6,50,2,,8,3,3,,1,1,126,2,1,27,8,4,29,4,51,9,1,2,57,35,22,,,,,,,,,,2
,,Hinton,"3,213",5,,4,1,,,,,,,,,,,,,,,,2,,4,1,,,,,,,,6,,,,2,,2,,2,3,,,25,21,4,,,,,,,,,,
,,Hobart,"3,768",102,9,61,32,,,,,,5,1,1,,3,1,,1,1,,61,17,62,4,,7,4,2,1,,,87,2,1,9,22,,28,1,24,8,4,5,18,11,7,,,,,,,,,,1
,,Holdenville,"5,749",48,5,40,3,,,,,,1,,,,1,,,,,,18,7,20,3,,4,2,1,1,,,39,,,4,5,,3,,27,12,2,4,32,26,6,,,,,,,,,,6
,,Hollis,"2,071",37,6,20,11,,,,,,1,,,,1,,,,,,29,,21,1,,3,,2,1,,,36,,,,2,,7,1,26,2,2,,12,9,3,,,,,,,,,,3
,,Hominy,"3,585",41,3,30,8,,,,,1,5,1,,,4,1,,1,,,22,,27,2,,7,7,,,,,31,,,,8,,6,6,11,4,,1,56,29,27,,,,,,,,,,3
,,Hooker,"1,994",1,1,,,,,,,,1,,1,,,,,,,,3,,3,1,,,,,,,,12,,,,,,7,1,4,1,,,,,,,,,,,,,,,1
,,Howe,811,,,,,,,,,,,,,,,,,,,,,,,,,,,,,,,,,,,,,,,,,,,2,,2,,,,,,,,,,
,,Hugo,"5,359",47,15,24,8,,,,,1,6,4,,2,,,,,2,,31,1,17,2,,6,2,2,2,,,48,1,,1,3,,15,1,27,3,3,2,44,33,11,,,,,,,,,,2
,,Hulbert,605,2,1,1,,,,,,,,,,,,,,,,,,,,,,,,,,,,1,,,1,,,,,,1,,1,3,3,,,,,,,,,,,
,,Hydro,972,5,2,3,,,,,,,,,,,,,,,,,3,,2,,,1,,,,,1,13,,,1,5,,4,,3,,,1,,,,,,,,,,,,,
,,Jones,"2,761",21,5,16,,,,,,,2,,,,2,,,,1,,8,2,11,,,3,,2,1,,,23,,,1,7,,5,4,6,4,1,3,5,4,1,,,,,,,,,,2
,,Kiefer,"1,710",20,4,13,3,,,,,3,1,,,,1,,,,,,6,1,4,,,4,1,3,,,,3,,,,2,,1,,,2,,,10,5,5,,,,,,,,,,2
,,Kingfisher,"4,716",21,1,18,2,,,,,,2,1,,,1,,,,,,9,8,27,3,,6,5,,,,1,72,,,10,17,,16,3,26,3,,1,13,11,2,,,,,,,,,,1
,,Kingston,"1,631",4,,3,1,,,,,,,,,,,,,,,,2,3,2,2,,3,,2,1,,,9,,,1,2,,,,6,,,,21,13,8,,,,,,,,,,2
,,Krebs,"2,057",50,6,35,9,,,,,1,2,2,,,,,,,,,25,2,22,,,8,5,2,1,,,60,,,2,17,1,10,1,29,5,1,,25,18,7,,,,,,,,,,1
,,Lahoma,617,1,,,1,,,,,,,,,,,,,,,,1,,,,,,,,,,,,,,,,,,,,,,,,,,,,,,,,,,,
,,Lexington,"2,211",18,3,10,5,1,1,,,,1,,,,1,,,,,,7,1,9,2,,,,,,,,56,,,2,12,,10,3,29,6,,,31,24,7,,,,,,1,,,,6
,,Lindsay,"2,844",50,9,38,3,,,,,3,1,,,,1,,,,,,25,4,18,1,,11,6,1,3,,1,26,,,3,1,1,4,2,15,2,,3,31,23,8,,,,,,,,,,3
,,Locust Grove,"1,436",9,2,7,,,,,,,1,,,1,,,,,,,7,,7,,,2,2,,,,,13,,,2,1,,2,,8,3,,1,10,5,5,,,,,,,,,,
,,Lone Grove,"5,142",94,9,41,44,,,,,,5,1,1,,3,,,,3,,28,3,42,1,,7,3,4,,,,67,,,3,6,,18,3,37,7,1,6,44,28,16,,,,,,1,,,,4
,,Luther,"1,252",15,1,6,8,,,,,,1,,,,1,,,,,,5,,4,,,2,1,,1,,,2,,,,,,,,2,3,,1,11,8,3,,,,,,,,,,4
,,Madill,"3,841",13,,9,4,,,,,,,,,,,,,,,,4,5,10,2,,3,1,1,1,,,31,,,19,1,,4,,7,2,,1,15,14,1,,,,,,,,,,2
,,Mangum,"2,963",37,1,26,10,,,,,,3,,1,,2,1,,1,,,9,2,11,,,,,,,,,24,,,4,5,,10,,5,2,,1,7,5,2,,,,,,1,,,,1
,,Marietta,"2,632",39,7,28,4,,,,,,1,1,,,,,,,,,13,5,8,2,,2,,1,1,,,41,,,2,6,1,6,3,23,2,1,1,17,12,5,,,,,,,,,,3
,,Marlow,"4,707",104,13,78,13,,,,,,8,2,,1,5,,,,,,50,3,45,2,,20,8,4,4,,4,112,,,13,20,1,17,4,57,6,,5,30,19,11,,,,,,,,,,2
,,Maysville,"1,234",6,,5,1,,,,,1,2,,,,2,,,,2,,4,,4,,,,,,,,,8,,,,3,,2,,3,6,1,,5,4,1,,,,,,,,,,
,,McAlester,"18,419",364,33,268,63,,,,,2,28,12,,2,14,4,,4,3,,254,20,187,25,2,74,43,23,8,,,653,2,3,137,66,1,129,24,291,46,12,17,211,134,77,,,,,,4,,,,14
,,McCurtain,520,1,,,1,,,,,,1,,,,1,,,,,,3,2,2,,,3,2,1,,,,1,,,,,,,,1,1,,,,,,,,,,,,,,,
,,McLoud,"4,106",34,8,15,11,,,,,,1,,,1,,,,,1,,11,,30,,,5,1,3,1,,,45,2,,,6,1,8,5,23,7,1,3,41,32,9,,,,,,,,,,4
,,Medicine Park,390,2,,2,,,,,,,,,,,,,,,,,,,,,,,,,,,,,,,,,,,,,,,,2,1,1,,,,,,,,,,1
,,Meeker,"1,147",22,5,14,3,,,,,,1,,,,1,,,,,,8,1,8,,,4,2,,2,,,22,,,4,3,,4,1,10,3,,1,7,5,2,,,,,,,,,,1
,,Minco,"1,660",8,3,3,2,,,,,,,,,,,,,,,,5,,2,,,1,,1,,,,9,,,,1,,3,1,4,2,,,10,8,2,,,,,,,,,,1
,,Mooreland,"1,193",9,,7,2,,,,,,,,,,,,,,,,7,,6,,,1,1,,,,,21,,,1,2,1,5,2,10,2,1,,1,,1,,,,,,,,,,
,,Morris,"1,483",5,,4,1,,,,,,1,,,1,,,,,,,1,,1,,,1,,,,,1,7,,,5,,,,,2,1,,1,1,1,,,,,,,,,,,
,,Mountain View,798,1,,1,,,,,,,1,,,1,,,,,,,1,,,,,,,,,,,1,,,,,,1,,,1,,,2,1,1,,,,,,,,,,
,,Muldrow,"3,477",22,4,13,5,,,,,1,3,,1,,2,1,,1,,,13,2,12,,,3,1,1,1,,,22,,,1,6,,1,3,11,4,1,,35,17,18,,,,,,,,,,2
,,Newcastle,"7,895",56,9,28,19,,,,,2,,,,,,1,,1,1,,79,7,47,6,,53,27,23,2,,1,189,1,2,31,11,1,38,10,95,34,2,4,84,51,33,,,,,,,,,,11
,,Newkirk,"2,310",19,5,12,2,,,,,,3,,1,,2,,,,,,11,1,21,1,,4,1,3,,,,37,,,3,6,,20,2,6,3,1,1,23,13,10,,,,,,1,,,,1
,,Nichols Hills,"3,805",14,1,3,10,,,,,,,,,,,,,,,,18,1,10,,,27,10,12,4,,1,50,,,,9,,19,2,20,1,,4,75,44,31,,,,,,,,,,4
,,Nicoma Park,"2,456",23,7,9,7,,,,,1,2,1,,1,,,,,,,14,8,11,,,13,6,2,5,,,45,,,5,4,,9,1,26,5,,5,28,18,10,,,,,,2,,,,7
,,Ninnekah,"1,020",,,,,,,,,,,,,,,,,,,,1,,1,,,,,,,,,5,,,,,,2,,3,1,,2,,,,,,,,,,,,,
,,Noble,"6,665",143,4,105,34,,,,,,11,4,1,,6,,,,1,,31,4,52,,,14,8,4,2,,,133,,1,6,28,2,32,8,56,9,,2,32,20,12,,,,,,3,,,,2
,,North Enid,867,5,2,1,2,,,,,,1,,1,,,,,,,,1,,,1,,1,,,1,,,5,,,,2,,1,1,1,,,,4,3,1,,,,,,,,,,
,,Oilton,"1,026",13,1,10,2,,,,,,,,,,,,,,,,7,1,13,,,2,,2,,,,15,,,1,5,,4,1,4,2,,,3,2,1,,,,,,,,,,
,,Okemah,"3,288",56,2,44,10,1,1,,,,2,,,1,1,2,,2,,,52,3,53,1,,6,3,,3,,,117,,1,33,3,,11,2,67,5,,2,18,17,1,,,,,,,,,,1
,,Owasso,"30,038",370,42,260,68,,,,,1,28,9,5,3,11,3,,3,1,,167,58,158,20,,124,24,67,27,,6,579,,,141,106,,204,11,117,28,5,12,171,95,76,,,,,,4,1,1,,12
,,Pauls Valley,"6,198",259,24,143,92,,,,,,15,5,1,,9,,,,2,,84,5,96,16,,54,40,7,3,,4,217,2,,42,36,,46,9,82,9,3,8,120,83,37,,,,,,2,,,,13
,,Perkins,"2,874",46,5,30,11,,,,,1,3,1,1,,1,1,,1,1,,21,3,37,3,,3,2,1,,,,45,,,1,11,,17,6,10,2,,3,24,14,10,,,,,,1,1,1,,2
,,Perry,"5,165",53,13,34,6,,,,,,8,4,1,,3,1,,1,,,32,1,34,2,,5,2,3,,,,79,,2,3,12,,10,1,51,13,,4,77,49,28,,,,,,,,,,3
,,Piedmont,"5,957",39,4,20,15,,,,,,2,,,1,1,,,,1,,22,1,23,1,,8,2,4,2,,,39,,,1,7,,12,,19,8,1,1,18,11,7,,,,,,,,,,1
,,Pocola,"4,098",41,2,28,11,,,,,,5,1,2,1,1,,,,1,,27,2,20,,,5,2,1,2,,,53,,,2,12,,,2,37,2,,6,53,34,19,1,,,1,,,,,,3
,,Porum,730,7,5,2,,,,,,,,,,,,,,,,,7,,3,,,,,,,,,4,,,,,,1,,3,,,,2,2,,,,,,,1,,,,
,,Prague,"2,393",45,14,23,8,,,,,,,,,,,,,,,,31,7,30,2,,10,6,3,1,,,62,2,,2,4,,13,,41,2,1,4,7,7,,,,,,,,,,,1
,,Purcell,"6,043",237,15,142,80,,,,,4,10,1,1,,8,5,,5,1,,90,8,75,15,,73,39,15,18,,1,270,1,4,43,37,2,68,16,99,34,2,11,40,32,8,,,,,,5,,,,14
,,Ramona,544,,,,,,,,,,,,,,,,,,,,2,,1,,,,,,,,,1,,,,,,,,1,,,,,,,,,,,,,,,,
,,Ringling,"1,049",12,1,8,3,,,,,,,,,,,,,,,,7,,4,,,,,,,,,6,,,,1,,2,,3,5,,1,,,,,,,,,,,,,
,,Roland,"3,175",13,2,11,,,,,,,6,1,2,,3,,,,,,8,7,10,,,6,,5,,,1,39,,1,2,5,,6,2,23,6,,1,84,33,51,,,,,,,,,,5
,,Rush Springs,"1,254",7,,2,5,,,,,,3,1,1,,1,,,,1,,7,,6,,,,,,,,,6,,,,,,2,,4,1,,1,3,2,1,,,,,,,,,,
,,Sapulpa,"20,818",183,32,114,37,,,,,1,28,10,2,1,15,3,1,2,8,,114,15,79,13,,52,26,16,10,,,347,,1,58,43,,91,20,134,40,7,13,138,75,63,,,,,,,2,2,,9
,,Sawyer,324,6,2,3,1,1,,1,,,,,,,,,,,,,1,,4,,,1,,,1,,,6,,,,,,1,,5,,,,1,1,,,,,,,,,,,
,,Sayre,"4,424",46,8,32,6,1,1,,,,1,,,1,,,,,,,15,5,18,1,,16,8,6,,,2,36,,,2,5,,10,5,14,9,1,2,16,9,7,,,,,,1,,,,5
,,Seiling,875,20,3,14,3,,,,,,1,,,,1,,,,,,4,2,11,4,,1,,1,,,,18,,,4,1,,4,,9,2,,,2,2,,,,,,,,,,,1
,,Snyder,"1,399",14,,14,,,,,,,5,3,,,2,,,,,,6,,2,,,2,1,,1,,,29,,,2,4,,2,1,20,,,1,23,15,8,,,,,,1,,,,1
,,Sparks,170,1,,1,,,,,,,,,,,,,,,,,,,,,,,,,,,,7,,,,3,,2,,2,1,,,2,1,1,,,,,,,,,,
,,Spencer,"4,011",17,4,9,4,,,,,,1,1,,,,,,,,,26,2,25,1,,7,1,6,,,,48,,,1,8,,14,3,22,11,1,1,10,7,3,,,,,,,,,,4
,,Spiro,"2,187",15,,9,6,,,,,,2,1,,,1,,,,,,14,,5,1,,3,2,1,,,,9,,,,1,,,,8,,1,,8,6,2,,,,,,,,,,2
,,Stigler,"2,711",47,5,18,24,,,,,1,1,,,,1,,,,,,7,4,19,5,,7,3,1,3,,,45,,2,4,3,,3,1,32,3,,,26,15,11,,,,,,,,,,1
,,Stilwell,"3,961",55,8,46,1,,,,,,2,,,,2,2,,2,1,,34,7,3,2,,1,,1,,,,46,,,24,1,,5,1,15,3,1,1,24,21,3,,,,,,,,,,
,,Stonewall,478,10,,10,,,,,,3,,,,,,,,,,,6,,,,,,,,,,,3,,,,1,,1,1,,,,,1,1,,,,,,,,,,,1
,,Stratford,"1,527",13,1,10,2,,,,,,,,,,,1,,1,,,2,1,3,1,,1,,,1,,,3,,,,1,,1,,1,1,1,2,11,7,4,,,,,,,,,,1
,,Stringtown,415,,,,,,,,,,,,,,,,,,,,4,,1,,,1,,,1,,,2,,,,,,1,,1,,,,24,14,10,,,,,,,,,,4
,,Stroud,"2,696",47,10,33,4,,,,,,,,,,,1,,1,1,,25,4,30,,,5,4,1,,,,31,,,3,2,,5,2,19,3,1,6,50,32,18,,,,,,,,,,2
,,Tahlequah,"16,120",267,39,205,23,,,,,2,6,4,,,2,,,,2,,182,11,128,4,,28,2,24,2,,,483,,1,139,20,,108,8,207,25,4,3,165,106,59,,,,,,,,,,14
,,Talihina,"1,127",17,3,12,2,,,,,,,,,,,,,,,,10,,6,1,,,,,,,,18,,,3,4,,3,1,7,1,,1,1,,1,,,,,,,,,,
,,Texhoma,962,2,,1,1,,,,,,,,,,,,,,,,1,1,1,,,,,,,,,1,,,1,,,,,,1,,,,,,,,,,,,,,,
,,Tishomingo,"3,100",43,4,38,1,,,,,,10,2,,,8,,,,,,16,2,21,,,1,,1,,,,43,,,10,2,,4,,27,4,,2,41,25,16,,,,,,,,,,6
,,Tryon,493,6,1,5,,,,,,,,,,,,,,,2,,4,,8,,,,,,,,,6,,,1,,,1,,4,1,,,5,3,2,,,,,,,,,,1
,,Tushka,315,2,1,1,,,,,,,,,,,,,,,,,2,1,1,,,,,,,,,2,,,,,,,,2,,,,,,,,,,,,,,,,
,,Valliant,761,2,1,1,,,,,,,1,,1,,,,,,,,2,1,2,,,3,,2,1,,,8,,,,1,,4,,3,,,1,3,3,,,,,,,,,,,
,,Verdigris,"4,055",14,1,8,5,,,,,,2,1,1,,,,,,4,,21,1,15,1,,4,,3,,1,,11,,,,3,,1,1,6,1,,1,12,7,5,,,,,,,,,,1
,,Vian,"1,474",23,4,13,6,,,,,,3,,1,1,1,1,,1,1,,8,,18,,,1,1,,,,,22,,,6,2,1,7,,6,,,,5,4,1,,,,,,,,,,
,,Walters,"2,561",1,,1,,,,,,,,,,,,,,,,,2,,5,,,,,,,,,11,,,1,1,,5,,4,,,,11,9,2,,,,,,,,,,
,,Warner,"1,651",9,2,7,,,,,,,2,1,,,1,,,,,,15,1,8,,,1,,1,,,,21,,,1,,,7,,13,4,1,2,5,3,2,,,,,,,,,,1
,,Washington,635,5,3,2,,,,,,,,,,,,,,,,,3,,3,,,,,,,,,2,,,,1,,1,,,1,,,3,2,1,,,,,,,,,,
,,Watonga,"3,022",41,14,25,2,,,,,,1,1,,,,,,,2,,32,,23,1,1,2,,,1,,1,38,,1,7,2,,7,3,18,3,1,2,2,2,,,,,,,,,,,2
,,Waukomis,"1,295",1,,1,,,,,,,,,,,,,,,,,4,,2,,,,,,,,,3,,,,,,,1,2,,,,,,,,,,,,,,,,
,,Waynoka,921,12,1,11,,,,,,1,,,,,,,,,,,1,,,,,,,,,,,1,,,,,,,,1,1,,,2,1,1,,,,,,,,,,
,,Weleetka,"1,017",20,6,9,5,,,,,1,1,,,,1,,,,2,,19,,27,,,,,,,,,30,,,,6,,9,1,14,2,,2,6,4,2,,,,,,,,,,2
,,Westville,"1,645",31,4,18,9,,,,,2,1,,,,1,1,,1,1,,15,,2,,,3,1,,2,,,14,,,4,5,,1,,4,3,,4,21,12,9,,,,,,,,,,2
,,Wetumka,"1,274",6,1,3,2,,,,,,1,,,,1,,,,,,11,,13,1,,1,1,,,,,6,,,,1,,1,,4,,1,,,,,,,,,,,,,,
,,Wilburton,"2,860",8,2,6,,,,,,,3,,1,,2,,,,,,,,1,,,,,,,,,1,,,,,,,,1,,,,5,2,3,,,,,,,,,,
,,Wright City,769,4,,3,1,,,,,,,,,,,,,,,,3,,2,,,,,,,,,2,,,,,,1,,1,,,,3,3,,,,,,,,,,,1
,,Wyandotte,334,5,,3,2,,,,,,,,,,,,,,,,9,1,5,,,,,,,,,1,,,,,,,,1,,,,,,,,,,,,1,,,,1
,,Wynnewood,"2,217",17,4,11,2,,,,,,,,,,,,,,1,,8,5,11,,,,,,,,,10,,,1,4,,,1,4,5,,,14,7,7,,,,,,,,,,
,,Yale,"1,245",21,2,16,3,,,,,,,,,,,,,,1,,2,,5,,,,,,,,,11,,,1,3,,1,,6,,,,3,3,,,,,,,,,,,1
,,Yukon,"23,635",147,30,108,9,,,,,1,6,3,,,3,,,,2,,104,36,163,14,,79,24,36,19,,,458,1,1,140,98,3,122,21,72,29,,4,174,107,67,,,,,,,,,,12
,Universities and Colleges,East Central University,"4,851",9,,3,6,,,,,,,,,,,,,,,,,,10,,,2,,2,,,,12,,,,9,,3,,,,,1,4,4,,,,,,,,,,,
,,North Eastern State University:,,,,,,,,,,,,,,,,,,,,,,,,,,,,,,,,,,,,,,,,,,,,,,,,,,,,,,,,
,,Broken Arrow3,,,,,,,,,,,,,,,,,,,,,,1,2,1,,,,,,,,4,,,,4,,,,,,,,,,,,,,,,,,,,
,,Tahlequah,"9,316",8,1,7,,,,,,,1,,,,1,,,,,,11,,16,,,1,,1,,,,35,,,1,13,,6,,15,,1,,36,25,11,,,,,,,,,,
,,Oklahoma City University,"3,575",4,2,2,,,,,,,,,,,,,,,,,11,1,14,,,1,1,,,,,39,,,1,8,,4,1,25,2,2,5,16,13,3,,,,,,,,,,1
,,"Oklahoma State University, Okmulgee","3,995",2,,2,,,,,,,,,,,,,,,,,4,,7,,,2,,2,,,,18,,,1,6,,5,1,5,,,,11,7,4,,,,,,,,,,1
,,Seminole State College,"2,282",1,,1,,,,,,,,,,,,,,,,,3,,3,,,,,,,,,4,,,,1,,1,,2,,,1,,,,,,,,,,,,,
,,Southeastern Oklahoma State University,"4,140",4,,3,1,,,,,,1,,,,1,,,,,,13,,8,,,1,,1,,,,10,,,,5,,4,,1,1,,,2,2,,,,,,,,,,,1
,,Southwestern Oklahoma State University,"5,263",8,,7,1,,,,,,,,,,,,,,,,11,,7,,,,,,,,,20,,,,3,,5,,12,1,,,,,,,,,,,,,,,
,,Tulsa Community College,"20,154",3,,3,,,,,,,,,,,,,,,,,1,,,,,,,,,,,34,,1,2,9,,7,3,12,,1,,,,,,,,,,,,,,
,,"University of Oklahoma, Health Sciences Center","3,590",57,10,27,20,,,,,1,2,1,,,1,,,,,,7,2,16,1,,12,8,1,3,,,197,,,5,158,3,20,7,4,2,2,12,102,77,25,,,,,,,,,,3
,Metropolitan Counties,Canadian,,55,14,29,12,,,,,,3,1,2,,,,,,1,,54,2,34,2,,22,6,8,7,,1,100,,1,1,19,,14,4,61,26,1,5,100,61,39,,,,,,3,,,,6
,,Comanche,,219,33,119,67,,,,,,16,4,1,3,8,1,,1,1,,139,6,111,3,,65,34,19,11,,1,247,,1,5,6,,51,11,173,30,1,2,19,12,7,,,,,,2,1,,1,4
,,Cotton,,23,1,18,4,,,,,,2,,1,1,,,,,,,6,,4,,,4,,3,1,,,11,,,,3,,,1,7,1,,1,44,23,21,,,,,,,,,,4
,,Creek,,191,43,132,16,3,3,,,,23,5,2,,16,1,,1,5,,133,1,95,3,,19,7,10,2,,,211,,,,8,,14,7,182,37,5,9,66,50,16,,,,,,1,,,,4
,,Lincoln,,114,23,78,13,,,,,3,10,3,,1,6,2,,2,1,,148,2,82,,,17,4,5,4,,4,156,,,,15,1,17,8,115,32,,11,27,20,7,,,,,,,,,,9
,,Logan,,138,21,70,47,,,,,1,11,1,,,10,,,,6,1,158,3,115,7,,37,9,17,8,,3,234,,,2,26,,55,14,137,30,1,,36,27,9,,,,,,,,,,13
,,McClain,,128,13,64,51,,,,,,10,3,2,,5,1,,1,3,,127,12,49,4,1,26,6,6,9,,5,198,,1,1,8,2,34,4,148,27,6,11,105,72,33,,,,,,,,,,1
,,Okmulgee,,91,7,67,17,,,,,,5,4,,,1,,,,9,,88,2,75,2,,15,5,7,3,,,115,,1,1,5,1,7,1,99,24,,4,52,32,20,,,,,,1,,,,6
,,Osage,,148,23,95,30,,,,,2,12,5,1,2,4,2,,2,12,,140,2,84,3,2,15,2,6,4,,3,233,1,,3,38,,17,9,165,37,3,9,145,83,62,,,,,,,,,,22
,,Tulsa,,666,150,473,43,1,1,,,6,20,9,,,11,1,,1,10,2,272,15,135,3,1,23,5,8,8,1,1,334,1,,3,6,,14,2,308,60,11,50,509,354,155,,,,,,,,,,54
,Nonmetropolitan Counties,Adair,,166,48,54,64,1,1,,,3,9,5,,,4,1,1,,5,1,109,3,30,,,9,5,,4,,,102,1,1,1,18,,3,5,73,13,,3,21,15,6,,,,,,3,,,,7
,,Alfalfa,,15,3,12,,,,,,,1,,,,1,,,,,,7,8,4,2,,2,,1,1,,,22,,,,,,1,,21,,,1,8,7,1,,,,,,,,,,2
,,Atoka,,16,2,14,,,,,,,2,2,,,,,,,1,,45,1,18,,,3,1,1,1,,,42,,,,3,,2,,37,7,,,1,1,,,,,,,,,,,3
,,Beaver,,12,4,8,,,,,,,4,,,,4,,,,,,13,,12,,,4,1,,1,1,1,30,1,,,8,,3,1,17,3,,,12,8,4,,,,,,,,,,
,,Beckham,,29,4,16,9,,,,,,6,1,1,1,3,,,,1,,27,2,15,,,2,1,1,,,,46,,,,9,,3,3,31,3,,2,26,18,8,,,,,,,,,,5
,,Blaine,,7,2,5,,,,,,1,1,1,,,,,,,,,6,,2,,,,,,,,,37,,,,4,,3,5,25,3,,1,,,,,,,,,,,,,
,,Bryan,,192,58,112,22,1,1,,,1,9,5,,1,3,2,1,1,1,,147,2,80,1,,10,4,3,2,1,,187,,,,22,,31,11,123,37,,10,56,44,12,,,,,,,,,,24
,,Cherokee,,264,39,155,70,,,,,,7,2,2,1,2,,,,2,,67,7,29,3,,8,,8,,,,134,,,2,10,,5,2,115,25,1,2,42,22,20,,,,,,,,,,5
,,Cimarron,,,,,,,,,,,,,,,,,,,,,,,,,,,,,,,,,,,,,,,,,,,,8,8,,,,,,,,,,,1
,,Coal,,28,5,17,6,,,,,,5,2,1,2,,,,,1,,14,,19,,,2,,,2,,,40,,,,5,,1,2,32,4,,1,25,25,,,,,,,,,,,6
,,Custer,,24,4,16,4,,,,,,1,1,,,,,,,,,18,,13,,,7,5,2,,,,32,,,1,2,,3,3,23,5,,,4,4,,,,,,,,,,,
,,Dewey,,9,1,5,3,,,,,,2,,,1,1,,,,,,10,,,,,,,,,,,14,,,,,,4,1,9,4,,,3,2,1,,,,,,1,,,,
,,Ellis,,27,5,19,3,,,,,,,,,,,,,,,,10,,10,,,1,,,1,,,28,,,,3,,4,2,19,4,,,2,2,,,,,,,,,,,
,,Garvin,,112,15,52,45,,,,,1,13,3,1,,9,,,,12,1,97,5,73,4,,17,10,6,1,,,153,,,,19,,8,7,119,17,5,12,86,63,23,,,,,,,1,,1,12
,,Greer,,5,4,,1,,,,,,1,1,,,,,,,1,,1,1,2,1,,,,,,,,1,,,,1,,,,,2,1,,3,3,,,,,,,,,,,
,,Harmon,,2,,1,1,1,1,,,,,,,,,,,,,,3,,,,,,,,,,,18,,,,1,,1,,16,1,,,1,1,,,,,,,,,,,
,,Harper,,12,,12,,,,,,,2,,1,,1,,,,,,15,,10,,,,,,,,,7,,,,1,,4,,2,3,,,13,7,6,,,,,,,,,,
,,Jackson,,18,4,6,8,,,,,,2,2,,,,,,,,,25,1,7,3,,14,5,3,5,,1,34,,,,5,,,2,27,2,,3,15,11,4,,,,,,,,,,
,,Jefferson,,20,2,15,3,,,,,1,,,,,,1,,1,,,10,,6,,,1,1,,,,,20,,,,7,,2,1,10,4,,2,2,2,,,,,,,,,,,2
,,Kingfisher,,8,1,6,1,,,,,,,,,,,2,2,,,,17,,19,,,1,,1,,,,32,,,,6,,4,,22,3,,3,2,2,,,,,,,,,,,
,,Kiowa,,10,1,4,5,,,,,,,,,,,,,,1,,25,,11,,,2,,2,,,,20,,,,,,1,1,18,2,,,4,4,,,,,,,,,,,2
,,Latimer,,32,6,24,2,,,,,,,,,,,1,,1,,,6,,6,,,2,,2,,,,13,,,,2,,2,1,8,,,1,14,8,6,,,,,,,,,,8
,,Love,,34,4,18,12,,,,,,,,,,,,,,,,14,,19,2,,3,,1,2,,,50,,,,1,,,3,46,3,,6,39,27,12,,,,,,,,,,4
,,Major,,12,3,1,8,,,,,,2,,,,2,,,,,,8,2,10,1,,2,,2,,,,24,,,,,,4,,20,3,,2,21,14,7,,,,,,,,,,1
,,McIntosh,,160,16,81,63,,,,,,6,4,,,2,1,,1,2,,62,1,67,1,,13,6,6,,,1,156,2,2,,32,,1,9,110,16,,4,22,12,10,,,,,,,,,,12
,,Noble,,25,3,18,4,,,,,,2,,,,2,1,,1,2,,14,,9,,,5,4,,1,,,27,,,,1,,,2,24,,,,2,2,,,,,,,2,,,,2
,,Okfuskee,,42,10,29,3,,,,,,1,,,,1,,,,4,,44,3,17,,,7,4,1,2,,,58,,,1,4,,3,,50,14,,2,24,20,4,,,,,,1,,,,3
,,Payne,,101,11,59,31,,,,,,5,2,,,3,6,5,1,3,,88,3,40,1,,23,15,3,4,,1,155,,,,25,,15,12,103,17,2,9,128,92,36,,,,,,,,,,12
,,Roger Mills,,26,4,20,2,,,,,,1,,1,,,,,,,,4,2,7,1,,1,,,1,,,35,1,,,8,,5,2,19,2,1,,13,9,4,,,,,,,,,,
,,Seminole,,79,1,52,26,,,,,,4,1,,,3,,,,3,,122,,40,,,10,2,3,5,,,152,1,,1,9,2,7,9,123,14,,1,48,29,19,,,,,,,,,,6
,,Texas,,18,3,11,4,,,,,,6,2,1,,3,1,,1,1,,6,1,13,,,1,,1,,,,29,,,1,9,2,2,1,14,2,,1,11,7,4,,,,,,,,,,
,,Tillman,,33,8,19,6,,,,,,2,,1,,1,1,,1,3,,41,1,22,,,5,2,2,1,,,51,,,1,6,,12,3,29,1,1,3,12,11,1,,,,,,,,,,1
,,Washita,,56,13,32,11,,,,,1,2,2,,,,3,2,1,1,,32,1,18,,,4,3,,1,,,53,,,2,5,1,6,1,38,11,,1,7,6,1,,,,,,,,,,2
,,Woods,,6,2,4,,,,,,,1,,,,1,,,,,,3,,1,,,,,,,,,9,,,,1,,,,8,1,,2,22,19,3,,,,,,,,,,4
,,Woodward,,59,5,31,23,,,,,,3,1,,,2,,,,1,,43,,34,,,14,8,3,2,,1,61,,,1,7,,12,2,39,10,,2,5,4,1,,,,,,,,,,
,Other Agencies,"Grand River Dam Authority, Lake Patrol",,1,,1,,,,,,,,,,,,,,,,,1,,10,,,,,,,,,28,,,,,,5,1,22,1,,1,3,2,1,,,,,,,,,,
,,McAlester Public Schools,,5,,4,1,,,,,,,,,,,,,,,,4,,6,,,,,,,,,1,,,,1,,,,,,,,2,1,1,,,,,,,,,,1
,,Norman Public Schools,,9,,8,1,,,,,,,,,,,,,,1,,2,,7,,,,,,,,,39,,,,29,,7,,3,3,,,16,14,2,,,,,,,,,,2
,,Putnam City Campus,,37,4,22,11,,,,,,,,,,,,,,2,,1,,7,1,,,,,,,,29,,,,23,,4,,2,,,2,29,21,8,,,,,,,,,,9
,Other Agencies - Tribal,Wyandotte Nation,,3,,3,,,,,,,,,,,,,,,,,,2,8,1,,,,,,,,18,,,1,1,,7,2,7,,,,2,2,,,,,,,,,,,
OREGON,Cities,Adair Village,849,,,,,,,,,,,,,,,,,,,,1,,14,,,1,1,,,,,3,,,,,,2,,1,,,,1,1,,,,,,,,,,,
,,Ashland,"20,376",160,20,66,74,,,,,1,14,10,,4,,,,,4,,63,24,188,,,89,32,24,32,,1,548,1,,128,39,,90,2,288,14,5,1,373,373,,,,,,,,2,2,,11
,,Athena,"1,153",15,2,10,3,,,,,,1,1,,,,,,,,,,,15,,,2,2,,,,,12,,,,,,,,12,1,,,1,1,,,,,,,,,,,
,,Aumsville,"3,652",43,16,24,3,,,,,2,8,,,,8,2,,2,3,,9,,46,,,10,3,4,1,,2,61,,,2,8,,25,,26,7,,,36,36,,,,,,,1,,,,4
,,Boardman,"3,241",36,4,20,12,,,,,,3,,,3,,,,,,,33,1,64,,,3,3,,,,,48,,,,,,,,48,3,,,16,16,,,,,,,2,,,,6
,,Central Point,"17,431",154,21,73,60,,,,,2,7,4,3,,,1,,1,,,62,11,185,,,38,17,12,9,,,524,,,97,,,172,20,235,26,1,1,134,134,,,,,,,3,,,,16
,,Corvallis,"55,062",364,41,90,233,1,1,,,1,13,11,2,,,,,,16,,235,15,804,,,100,61,35,,,4,"1,164",,,206,17,,392,28,521,34,15,15,208,208,,,,,,,,2,2,,32
,,Dallas,"14,802",177,24,140,13,,,,,3,22,4,1,2,15,3,,3,5,,58,4,141,,1,63,23,12,28,,,310,9,1,38,34,,98,2,128,11,1,2,72,72,,,,,,,2,,,,11
,,Eagle Point,"8,598",102,4,62,36,,,,,,3,3,,,,,,,2,,43,4,125,,,26,12,11,3,,,296,,,96,,,47,,153,9,1,7,56,56,,,,,,,,,,,2
,,Gervais,"2,509",39,7,28,4,,,,,1,3,,,,3,1,,1,,,9,1,48,,1,16,3,5,8,,,38,1,,3,1,,6,3,24,5,,,10,10,,,,,,,,,,,3
,,Hubbard,"3,233",21,3,14,4,,,,,,2,,,,2,,,,,,12,4,21,,,2,1,,1,,,27,,,,4,,8,,15,2,,,48,48,,,,,,,1,,,,7
,,Independence,"8,720",65,10,53,2,,,,,1,14,4,,,10,2,,2,1,,31,1,87,,,29,10,10,8,,1,188,1,3,29,40,,34,4,77,13,3,3,41,41,,,,,,,1,,,,3
,,Jacksonville,"2,827",15,,3,12,,,,,,,,,,,,,,,,7,2,20,,,5,4,1,,,,30,,,1,,,8,,21,2,,,7,7,,,,,,,,,,,
,,Keizer,"37,160",305,45,196,64,,,,,2,47,11,3,3,30,4,,4,3,1,125,28,574,,3,145,42,46,56,1,,691,4,3,108,82,,198,29,267,56,9,14,202,202,,,,,,,3,,,,7
,,La Grande,"13,195",128,14,80,34,,,,,3,6,6,,,,2,,2,5,,120,19,212,,,53,18,21,14,,,372,,,36,2,1,118,7,208,15,2,1,91,91,,,,,,,,,,,14
,,Lebanon,"15,823",187,27,106,54,,,,,,17,3,2,,12,,,,2,,105,14,232,,1,28,17,11,,,,609,4,3,202,47,,170,9,174,17,8,4,189,188,1,,,,,,,,,,16
,,Lincoln City,"7,969",195,42,131,22,,,,,6,32,3,,2,27,,,,2,,91,25,184,,,93,31,25,37,,,272,1,3,57,21,5,56,2,127,19,3,6,101,101,,,,,,,1,,,,11
,,Manzanita,605,6,,,6,,,,,,,,,,,,,,,,2,,5,,,3,1,2,,,,5,4,,,,,,,1,,,,3,3,,,,,,,,,,,
,,McMinnville,"32,681",359,38,306,15,,,,,5,16,9,4,,3,12,,12,10,,171,16,521,,1,62,20,12,30,,,734,,1,172,2,1,145,30,383,45,17,8,353,267,86,,,,,,3,,,,23
,,Medford,"76,037","1,365",321,753,291,4,2,2,,11,104,39,9,,56,15,,15,49,,478,318,"1,714",23,,725,277,244,194,,10,"3,846",1,5,"1,152",89,3,789,204,"1,603",187,64,36,"1,890","1,890",,,,,,,3,1,1,,164
,,Monmouth,"9,667",45,3,40,2,,,,,,6,1,1,,4,,,,2,,37,2,110,,,32,9,5,18,,,139,3,1,8,15,1,18,2,91,4,2,1,48,48,,,,,,,,,,,
,,Mount Angel,"3,345",51,10,36,5,,,,,,4,,1,,3,,,,1,,13,6,48,,,5,1,3,1,,,61,1,1,2,14,,18,2,23,2,1,,20,20,,,,,,,,,,,
,,Myrtle Creek,"3,458",32,2,11,19,,,,,,5,2,,,3,,,,1,,5,2,57,,,8,5,3,,,,90,,,,,,,,90,3,2,,90,90,,,,,,,,,,,5
,,Newberg-Dundee,"25,613",133,14,81,38,3,3,,,1,6,4,,,2,9,,9,6,,39,19,326,,,64,22,12,29,,1,294,1,3,37,15,1,34,8,195,16,2,17,156,144,12,,,,,,2,,,,14
,,Newport,"10,039",197,31,124,42,,,,,6,22,9,,,13,6,1,5,6,,95,26,232,,,68,20,17,31,,,392,18,6,71,23,1,70,4,199,17,6,8,93,92,1,,,,,,7,1,,1,12
,,Pendleton,"16,903",403,28,274,101,1,1,,,1,7,2,3,2,,,,,3,,139,16,313,,,65,35,27,3,,,653,,,170,10,1,86,6,380,53,7,1,184,184,,,,,,,,,,,35
,,Phoenix,"4,607",40,3,14,23,,,,,1,1,1,,,,1,,1,3,,8,4,57,,,4,4,,,,,118,,,18,1,,27,4,68,7,1,,38,38,,,,,,,,,,,3
,,Pilot Rock,"1,530",16,1,10,5,,,,,,1,,,1,,,,,1,,,1,18,,,,,,,,,14,,,,,,,,14,,,,3,3,,,,,,,,,,,
,,Redmond,"26,835",527,67,220,240,,,,,1,29,11,3,3,12,7,,7,19,,198,46,638,1,,136,42,33,54,,7,"1,033",7,13,267,89,1,237,15,404,53,14,7,212,212,,,,,,,6,2,2,,46
,,Reedsport,"4,175",79,3,16,60,,,,,3,8,3,,2,3,1,,1,1,,33,8,65,,,13,6,3,4,,,116,,,6,6,,19,3,82,5,,,34,34,,,,,,,,,,,3
,,Rogue River,"2,163",21,,14,7,,,,,2,,,,,,,,,,,12,4,18,,,5,2,1,2,,,67,,,3,,,20,,44,2,,,17,17,,,,,,,,,,,4
,,Salem,"157,353","1,410",386,945,79,7,7,,,38,165,41,20,9,95,19,1,18,51,1,"1,043",298,"1,852",,,775,333,114,324,3,1,"5,134",22,28,"1,504",484,11,"1,394",171,"1,520",750,140,131,"1,258","1,258",,,,,,,5,25,19,6,158
,,Silverton,"9,394",52,6,33,13,,,,,1,13,3,,,10,1,,1,3,,24,7,123,,,10,3,3,4,,,117,,,25,27,1,18,2,44,11,,1,49,49,,,,,,,,,,,3
,,Stanfield,"2,082",12,2,8,2,,,,,,,,,,,,,,,,4,,7,,,4,3,,1,,,18,,,,,,,,18,5,,,30,30,,,,,,,,,,,2
,,Stayton,"7,788",108,22,68,18,,,,,2,10,2,,,8,,,,,,78,11,151,,,40,21,7,12,,,296,1,4,47,22,,69,10,143,37,4,4,85,85,,,,,,,1,,,,7
,,Sutherlin,"7,852",158,11,22,125,,,,,1,13,3,,,10,5,2,3,3,,47,13,86,,,9,6,2,1,,,167,,,3,,,40,1,123,25,2,1,103,103,,,,,,,,,,,25
,,Talent,"6,158",59,3,25,31,,,,,4,5,3,,1,1,,,,2,,31,9,80,,,27,9,5,13,,,198,,,6,1,,45,,146,4,1,2,79,79,,,,,,,,,,,8
,,Tillamook,"5,037",136,3,17,116,,,,,,10,3,,,7,,,,1,,25,1,115,,,12,6,1,5,,,177,,3,28,7,2,13,,124,4,1,1,27,27,,,,,,,,,,,3
,,Toledo,"3,483",98,23,67,8,,,,,5,15,3,1,,11,1,,1,1,,36,6,64,,,22,8,3,11,,,103,1,,9,16,,18,,59,5,3,3,50,50,,,,,,,3,,,,6
,,Turner,"1,889",8,2,3,3,3,3,,,,,,,,,,,,,,6,2,10,,,3,1,,2,,,23,,,1,1,,9,2,10,8,,,4,4,,,,,,,,,,,1
,,Umatilla,"7,014",78,5,52,21,1,1,,,1,5,3,2,,,,,,,,23,11,65,,,16,13,3,,,,85,,,,,,5,,80,12,,1,19,19,,,,,,,,,,,7
,,Winston,"5,408",53,4,12,37,,,,,3,12,5,2,,5,1,,1,1,,42,6,80,,,10,6,4,,,,141,,,9,4,,36,2,90,9,3,,72,72,,,,,,,1,,,,10
,,Woodburn,"24,531",237,42,150,45,1,1,,,4,21,6,2,2,11,,,,5,,144,43,415,3,,65,20,19,23,,3,631,4,4,182,27,6,173,25,210,76,24,4,103,103,,1,,,1,,5,1,1,,26
,,Yamhill,"1,039",19,3,16,,,,,,,,,,,,,,,,,3,1,5,,,1,,,1,,,12,,,,1,,4,,7,2,,1,23,22,1,,,,,,,,,,3
,Metropolitan Counties,Benton,,185,15,59,111,1,,1,,3,7,6,1,,,2,1,1,1,,42,5,127,,1,57,38,16,2,,1,101,,,2,1,,15,,83,15,,2,160,160,,,,,,,,1,1,,26
,,Deschutes,,579,104,243,232,,,,,3,28,9,3,1,15,4,,4,13,,240,35,488,,1,117,45,51,21,,,617,3,1,59,104,,118,27,305,45,5,7,344,344,,,,,,,3,,,,54
,,Jackson,,789,143,280,366,3,2,,1,8,30,15,5,5,5,1,1,,10,,316,49,613,1,,165,68,41,53,,3,942,1,,49,10,,250,32,600,81,9,5,393,393,,,,,,,1,,,,63
,,Josephine,,228,64,116,48,,,,,3,14,1,2,,11,,,,4,,324,10,280,,,51,9,9,32,,1,434,1,,8,102,,139,13,171,93,6,1,48,48,,,,,,,,,,,21
,,Polk,,189,38,144,7,,,,,1,16,1,,1,14,4,1,3,,,92,42,120,,,65,17,13,35,,,195,1,,9,35,,35,6,109,20,,7,317,317,,,,,,,2,,,,17
,,Yamhill,,318,19,289,10,1,1,,,7,17,9,5,,3,4,,4,6,,186,4,286,,,49,15,19,13,,2,419,,2,23,7,1,87,16,283,40,3,4,188,150,38,,,,,,1,,,,15
,Nonmetropolitan Counties,Douglas,,432,30,120,282,,,,,3,67,15,7,,45,6,1,5,11,,392,38,580,,,151,59,50,42,,,914,,,5,10,,205,1,693,82,7,6,579,579,,,,,,,3,1,,1,57
,,Lincoln,,213,36,140,37,,,,,6,14,4,3,,7,10,6,4,8,,104,6,230,,,32,8,15,9,,,232,6,1,5,25,2,42,9,142,25,4,9,98,96,2,,,,,,4,,,,16
,,Morrow,,88,8,54,26,1,1,,,,3,2,,1,,,,,2,,46,6,78,,,11,6,5,,,,125,,,,,,,,125,11,1,,23,23,,,,,,,,,,,4
,,Tillamook,,115,5,25,85,1,,1,,1,4,,2,2,,,,,4,,88,4,122,,,19,5,6,8,,,165,8,,6,24,1,38,2,86,17,1,,100,100,,,,,,,,,,,10
,,Umatilla,,214,14,139,61,2,2,,,3,7,4,3,,,,,,4,,148,12,154,,,20,14,5,1,,,302,,,,,,10,,292,115,2,1,11,11,,,,,,,,,,,5
,,Union,,88,9,48,31,1,,1,,2,8,8,,,,,,,2,,65,7,108,,,22,8,10,4,,,153,,,44,,1,34,6,68,20,,7,52,52,,,,,,,,,,,10
,Other Agencies,"Blue Mountain Enforcement Narcotics Team, Morrow County",,,,,,,,,,,,,,,,,,,,,,,,,,,,,,,,,,,,,,,,,,,,11,11,,,,,,,,,,,
RHODE ISLAND,Cities,Barrington,"16,268",40,1,25,14,,,,,,3,2,,,1,,,,1,,30,2,80,3,1,45,31,14,,,,148,,,6,16,,36,1,89,3,3,4,42,42,,,,,,,1,,,,6
,,Bristol,"22,900",119,12,100,7,,,,,,4,2,,,2,1,,1,1,,46,9,155,,,32,19,11,2,,,212,,,5,31,,38,3,135,3,1,10,69,69,,,,,,,1,,,,2
,,Burrillville,"15,941",91,4,83,4,,,,,,8,2,2,2,2,,,,1,,71,3,116,1,,18,7,11,,,,149,,,,35,,33,1,80,12,2,2,37,37,,,,,,,1,,,,1
,,Central Falls,"19,360",305,82,213,10,1,1,,,5,23,14,1,,8,1,,1,5,,120,13,265,,,67,48,15,3,1,,348,1,1,37,41,,108,3,157,120,47,16,97,97,,,,,,,,12,10,2,27
,,Charlestown,"7,793",51,5,44,2,,,,,,3,,,1,2,,,,,,26,5,67,2,,14,6,8,,,,101,,,1,22,,23,1,54,2,,2,27,27,,,,,,,1,,,,2
,,Coventry,"34,850",204,18,175,11,1,1,,,3,10,5,,3,2,2,,2,12,,150,22,188,2,,69,38,25,5,,1,500,1,,68,21,,99,115,196,37,1,18,83,83,,,,,,,,,,,13
,,Cranston,"80,315",485,81,386,18,2,2,,,5,37,16,4,4,13,4,,4,17,,397,43,549,28,1,184,96,76,8,,4,"1,385",,1,339,268,,377,94,306,154,34,78,184,184,,1,,1,,,,,,,57
,,Cumberland,"33,475",184,10,163,11,,,,,,8,3,,,5,2,,2,3,,112,3,274,8,1,47,25,20,1,,1,411,,,29,37,,133,13,199,26,5,10,64,64,,,,,,,,,,,6
,,East Greenwich,"13,085",42,,42,,,,,,,3,,,,3,,,,1,,30,4,81,1,,21,12,8,,,1,129,,,2,29,,31,4,63,4,1,2,26,26,,,,,,,,1,1,,3
,,East Providence,"46,994",302,46,216,40,2,2,,,6,28,13,3,1,11,1,,1,9,,145,44,442,3,2,121,72,44,4,1,,649,,,81,111,,180,3,274,60,14,27,168,165,3,,,,,,,,,,12
,,Foster,"4,603",16,4,12,,,,,,,,,,,,,,,,,17,1,20,,,1,1,,,,,28,,,,10,,5,,13,5,,,11,11,,,,,,,,,,,1
,,Glocester,"9,738",39,6,31,2,1,,1,,,,,,,,,,,,,12,2,28,,,,,,,,,25,,,1,4,,3,,17,5,,,34,34,,,,,,,,,,,7
,,Hopkinton,"8,151",48,2,34,12,,,,,,6,2,1,,3,1,,1,2,,19,,65,1,,14,8,6,,,,108,,,,21,,38,1,48,4,,2,36,36,,,,,,,,,,,2
,,Jamestown,"5,386",25,2,21,2,,,,,,1,,,,1,,,,,,8,3,52,1,,23,10,9,3,,1,84,,,,17,,20,1,46,2,,2,32,32,,,,,,,,,,,
,,Johnston,"28,743",176,29,138,9,1,1,,,2,13,3,1,6,3,,,,7,,100,13,190,7,,58,35,20,3,,,373,,,21,38,,78,45,191,61,8,30,43,42,1,,,,,,,,,,14
,,Lincoln,"21,088",83,9,71,3,,,,,1,9,4,1,1,3,1,,1,1,,80,7,220,4,,39,16,21,1,1,,381,,2,36,31,,110,2,200,33,5,11,31,31,,,,,,,,,,,12
,,Little Compton,"3,480",8,,8,,,,,,,,,,,,,,,,,11,,23,2,,,,,,,,35,,,,,,,,35,,,,16,16,,,,,,,,,,,3
,,Middletown,"16,096",164,3,135,26,,,,,,3,,,,3,1,,1,2,,34,12,151,3,,55,29,22,4,,,231,1,1,19,52,,66,5,87,7,3,4,137,137,,,,,,,1,1,1,,17
,,Narragansett,"15,799",81,6,74,1,,,,,1,1,,,,1,,,,,,51,7,172,1,,20,8,3,3,,6,226,,,10,43,,51,7,115,11,,4,79,79,,,,,,,,,,,10
,,Newport,"24,595",839,77,490,272,1,1,,,5,33,11,2,3,17,,,,12,,226,7,601,11,2,99,54,42,1,2,,751,2,1,75,218,,131,20,304,22,15,9,120,120,,,,,,,,2,2,,26
,,North Kingstown,"26,371",223,5,205,13,,,,,,13,3,1,2,7,,,,1,,90,11,235,9,,63,34,17,,,12,337,,,48,52,,101,10,126,14,1,11,68,68,,,,,,,,2,1,1,14
,,North Providence,"32,048",243,36,195,12,,,,,5,17,8,1,1,7,,,,1,,150,16,206,5,,57,34,19,2,,2,321,1,1,33,46,,120,6,114,71,11,10,117,117,,,,,,,,,,,13
,,North Smithfield,"11,957",70,5,64,1,,,,,,3,2,,,1,,,,1,,32,1,70,4,,28,13,14,1,,,275,,,144,8,,25,,98,19,3,5,34,34,,,,,,,,,,,4
,,Pawtucket,"71,085","1,104",172,843,89,5,4,,1,7,69,39,,1,29,5,,5,23,,676,45,804,3,1,301,204,78,19,,,"1,414",2,2,95,316,6,308,413,272,381,81,122,296,293,3,,,,,,1,11,9,2,90
,,Portsmouth,"17,331",120,5,108,7,,,,,,4,,,1,3,2,,2,5,,53,1,148,1,,37,18,17,1,,1,192,,,5,33,,69,6,79,10,,3,42,42,,,,,,,,,,,13
,,Providence,"177,882","2,971",674,"2,210",87,17,17,,,11,157,90,13,4,50,7,,7,24,,"1,945",118,"2,224",24,,607,506,93,3,1,4,"4,937",41,27,463,761,,"2,133",1,"1,511","1,158",363,56,700,700,,,,,,,3,46,40,6,248
,,Richmond,"7,674",26,,25,1,,,,,1,2,,,,2,,,,,,12,1,49,,,20,7,12,1,,,72,,,8,23,,7,,34,,,2,44,44,,,,,,,,,,,7
,,Scituate,"10,320",30,4,26,,,,,,,1,,,,1,,,,,,27,2,35,,,,,,,,,53,,,1,8,,27,4,13,6,,3,11,11,,,,,,,,,,,3
,,Smithfield,"21,411",87,12,75,,,,,,,4,1,1,1,1,,,,2,,36,5,91,7,,21,7,14,,,,241,,,69,,,14,4,154,18,,11,58,58,,,,,,,,,,,1
,,South Kingstown,"30,524",154,16,117,21,,,,,,5,4,,,1,1,,1,5,,67,8,158,,,36,16,18,2,,,202,,,12,64,,51,1,74,9,6,7,129,129,,,,,,,1,,,,16
,,Tiverton,"15,728",178,18,122,38,,,,,1,12,2,,2,8,,,,2,,123,3,152,3,,39,18,14,6,,1,263,,,1,27,,31,82,122,20,2,7,61,61,,,,,,,1,,,,21
,,Warren,"10,584",144,10,123,11,,,,,,9,2,1,1,5,,,,4,,71,5,165,1,,34,23,8,2,1,,205,,,11,91,1,29,15,58,8,7,10,36,36,,,,,,,,1,1,,6
,,Warwick,"82,282",478,57,395,26,1,1,,,,33,17,5,1,10,,,,8,,338,33,570,30,,279,136,83,27,,33,"1,706",1,1,503,96,,389,89,627,92,29,34,273,273,,,,,,,2,,,,23
,,Westerly,"22,686",165,8,145,12,1,1,,,1,15,3,2,1,9,,,,1,,58,9,180,8,,57,26,25,4,,2,361,,1,69,65,,52,,174,9,5,12,98,98,,,,,,,4,,,,7
,,West Warwick,"29,053",368,48,306,14,1,1,,,1,32,12,5,2,13,3,,3,8,,159,17,313,2,1,85,53,24,5,,3,390,,,22,82,,1,112,173,38,6,27,80,80,,,,,,,1,,,,12
,,Woonsocket,"41,147",752,139,598,15,,,,,7,70,24,8,9,29,4,,4,20,,350,34,549,9,,102,51,44,5,1,1,854,,3,77,172,,205,56,341,73,59,39,214,214,,,,,,,2,7,7,,67
,Universities and Colleges,Brown University,"8,768",11,,11,,,,,,,2,,,,2,,,,,,21,,14,,,,,,,,,119,,,1,75,,2,,41,,,,5,5,,,,,,,,,,,
,,University of Rhode Island,"16,317",27,2,25,,,,,,,2,,,,2,,,,,,14,,125,,,5,2,3,,,,163,,,,95,,11,7,50,2,1,2,29,29,,,,,,,,,,,3
,State Police Agencies,Rhode Island State Police Headquarters,,51,14,25,12,2,2,,,2,22,7,5,2,8,3,,3,,,2,30,2,12,3,113,95,5,7,,6,21,,,,4,,1,,16,58,,13,77,77,,4,,4,,,44,,,,10
,,State Police:,,,,,,,,,,,,,,,,,,,,,,,,,,,,,,,,,,,,,,,,,,,,,,,,,,,,,,,,
,,Chepachet,,40,2,28,10,,,,,,8,1,,1,6,,,,,,1,4,5,4,,57,35,10,5,,7,26,,,,8,,3,4,11,9,,5,78,78,,,,,,,1,,,,6
,,Hope Valley,,49,1,43,5,,,,,,2,2,,,,,,,,,9,3,22,,1,16,11,4,,,1,34,,,,12,,6,,16,7,,5,138,138,,,,,,,1,,,,16
,,Lincoln,,103,8,87,8,,,,,4,7,5,,1,1,1,,1,,,2,16,28,5,,77,54,12,6,,5,61,,,1,5,,23,2,30,23,1,18,158,158,,,,,,,,,,,11
,,Portsmouth,,8,,8,,,,,,,1,,,,1,,,,,,1,1,2,,,4,2,2,,,,2,,,1,,,,,1,,,2,18,18,,,,,,,,,,,1
,,Wickford,,49,,47,2,,,,,,2,1,,,1,1,,1,1,,9,6,22,4,1,41,21,12,8,,,40,,,,9,,9,2,20,8,1,1,71,71,,,,,,,,,,,9
,Other Agencies,Department of Environmental Management,,9,2,4,3,,,,,,,,,,,2,,2,,,2,,18,,,4,2,,2,,,43,,,,2,,10,,31,,,1,5,5,,,,,,,,,,,10
,,Rhode Island State Airport,,3,,3,,,,,,,1,,,,1,,,,,,,,11,,,11,11,,,,,23,,,,1,,2,,20,1,,,5,5,,,,,,,,,,,4
SOUTH CAROLINA,Cities,Abbeville,"5,232",128,54,71,3,,,,,2,3,1,,,2,,,,1,,62,16,103,,,7,2,5,,,,159,,2,29,,,12,1,115,3,5,,90,88,2,,,,,,,,,,16
,,Aiken,"29,909",517,66,399,52,7,7,,,1,10,7,,,3,2,,2,1,,246,88,496,3,,161,69,87,4,1,,"1,304",,2,398,36,1,421,30,416,74,40,7,381,239,142,1,,,1,,1,,,,52
,,Allendale,"3,424",83,22,58,3,,,,,1,3,,1,,2,,,,2,,78,3,87,1,,9,7,2,,,,69,,1,16,3,,2,,47,5,3,1,26,22,4,,,,,,,,,,3
,,Anderson,"27,127",929,195,616,118,7,7,,,8,24,11,1,,12,2,,2,7,,393,123,445,11,,186,112,53,15,,6,"1,477",2,5,420,24,3,290,41,692,126,38,28,466,370,96,,,,,,1,1,1,,47
,,Andrews,"2,879",107,16,72,19,1,1,,,,1,,1,,,1,,1,,,46,27,90,,,29,26,2,1,,,157,1,1,35,6,1,21,3,89,8,3,7,41,36,5,,,,,,,,,,6
,,Bamberg,"3,638",129,21,76,32,,,,,,2,,,,2,1,,1,,,34,5,59,,,16,9,2,3,,2,102,,,36,1,,6,3,56,3,5,7,77,61,16,,,,,,,,,,16
,,Barnwell,"4,739",326,55,252,19,2,2,,,4,5,1,1,1,2,1,,1,4,,153,20,190,,,58,39,15,4,,,290,,1,109,,1,58,4,117,13,22,1,34,24,10,,,,,,1,1,1,,44
,,Batesburg-Leesville,"5,503",354,50,230,74,1,1,,,2,7,4,1,,2,,,,1,,53,52,77,3,,41,35,3,2,,1,241,1,,82,6,,18,5,129,15,3,2,71,42,29,,,,,,1,1,1,,11
,,Beaufort,"12,653",714,107,477,130,2,2,,,13,11,4,,,7,1,,1,2,,149,24,216,17,,83,33,30,18,1,1,664,1,2,212,162,3,112,24,148,20,29,11,149,133,16,,,,,,1,,,,31
,,Belton,"4,204",85,7,70,8,,,,,,2,,,,2,,,,1,,29,12,36,1,,23,6,9,2,,6,147,3,2,26,34,2,18,4,58,12,,3,33,21,12,,,,,,,,,,3
,,Bennettsville,"9,034",485,126,262,97,1,1,,,3,7,2,,,5,1,,1,3,,98,24,288,3,,69,54,6,7,,2,433,2,,100,10,,39,8,274,15,14,5,178,167,11,6,,1,5,,,,,,13
,,Bishopville,"3,457",169,43,91,35,,,,,,4,2,1,,1,,,,1,1,74,20,155,1,,27,9,15,2,1,,257,,,56,7,,85,2,107,17,10,2,29,26,3,,,,,,1,,,,4
,,Blacksburg,"1,873",109,15,78,16,,,,,,4,2,,,2,,,,,,41,7,53,,,11,4,5,2,,,74,1,1,4,30,1,15,3,19,8,2,,41,40,1,,,,,,,,,,4
,,Blackville,"2,401",91,21,64,6,3,3,,,2,2,,,,2,,,,,,31,1,70,,,9,2,4,3,,,82,,,,7,,2,6,67,7,8,2,11,10,1,,,,,,,1,1,,7
,,Bluffton,"12,855",292,19,238,35,,,,,1,7,5,,,2,2,,2,4,,73,20,138,9,,35,2,27,4,,2,378,1,2,37,56,1,158,8,115,17,15,11,51,45,6,,,,,,1,,,,5
,,Branchville,"1,028",3,1,2,,,,,,,,,,,,,,,,,2,,2,,,,,,,,,15,,,,,,1,4,10,1,,,,,,,,,,,,,,,
,,Burnettown,"2,713",29,6,21,2,,,,,,,,,,,,,,,,17,1,18,,1,2,2,,,,,45,,,5,2,,13,3,22,2,,3,8,6,2,,,,,,,,,,3
,,Calhoun Falls,"2,001",30,5,18,7,,,,,1,2,,,,2,,,,1,,14,4,28,,,7,5,,2,,,36,,1,3,20,,4,2,6,3,1,,3,2,1,,,,,,,,,,
,,Camden,"6,968",337,79,165,93,,,,,1,2,2,,,,1,,1,1,,132,33,113,1,,95,57,24,12,,2,313,,2,72,30,2,73,7,127,12,6,8,78,51,27,,,,,,1,1,1,,13
,,Cayce,"12,864",533,83,386,64,3,3,,,21,12,4,1,,7,,,,1,,124,38,347,2,,120,75,30,11,1,3,507,,,75,9,4,113,18,288,72,13,16,203,131,72,7,,,7,,,,,,17
,,Central,"5,224",37,12,24,1,1,1,,,1,2,1,,,1,1,,1,,,29,9,38,,,21,2,17,2,,,245,,,136,1,,46,1,61,4,5,3,30,22,8,,,,,,1,,,,2
,,Chapin,"1,485",13,4,8,1,,,,,,2,1,,,1,,,,,,6,2,12,,,25,21,2,1,,1,56,,,21,3,,12,,20,,2,1,26,19,7,,,,,,1,,,,2
,,Charleston,"123,856","1,764",161,"1,227",376,12,12,,,11,54,19,14,1,20,,,,6,,377,128,954,48,1,265,66,165,20,,14,"2,784",6,7,656,475,4,651,129,856,235,104,99,"1,568","1,277",291,2,,,2,,2,10,10,,119
,,Cheraw,"5,885",190,21,121,48,,,,,,9,5,,,4,3,,3,1,,66,33,152,,,42,30,8,1,,3,304,1,1,120,6,1,35,4,136,18,6,1,100,72,28,1,1,,,,,,,,16
,,Chesnee,883,22,2,14,6,,,,,1,,,,,,,,,1,,5,13,13,,,5,3,,2,,,55,,,14,3,,4,2,32,3,,3,31,22,9,,,,,,,,,,
,,Chester,"5,623",386,59,221,106,,,,,1,13,4,2,,7,,,,,,86,19,151,1,,34,32,1,1,,,232,1,,40,3,,26,10,152,6,8,1,69,54,15,,,,,,,,,,14
,,Chesterfield,"1,473",19,8,7,4,,,,,,,,,,,,,,,,6,8,25,1,,3,2,1,,,,68,1,1,8,1,,34,2,21,1,1,,51,32,19,,,,,,,,,,2
,,Clemson,"14,079",171,34,130,7,1,1,,,2,5,4,,,1,2,1,1,1,,86,28,161,,,45,17,24,3,,1,346,,2,14,66,2,141,16,105,36,3,1,64,64,,,,,,,,,,,7
,,Clinton,"8,570",425,54,330,41,1,1,,,2,12,7,1,,4,2,,2,1,,110,14,163,,,50,44,1,2,,3,343,1,1,42,40,1,43,1,214,14,5,11,291,187,104,,,,,,,,,,27
,,Clio,722,21,3,10,8,,,,,,,,,,,,,,,,8,,23,,,,,,,,,35,,,3,,,1,,31,1,2,1,4,4,,,,,,,,,,,2
,,Clover,"5,245",148,121,8,19,,,,,1,15,3,,,12,,,,1,,41,26,82,,1,26,13,7,6,,,149,,,20,,,6,6,117,9,5,5,112,74,38,,,,,,3,,,,11
,,Cottageville,766,11,,8,3,,,,,,,,,,,,,,2,,9,2,10,,,1,1,,,,,11,,,4,2,,,,5,3,1,2,35,21,14,,,,,,,,,,6
,,Coward,764,5,1,2,2,,,,,,,,,,,,,,,,1,2,2,,,4,3,,1,,,8,,,,1,,,2,5,2,,1,4,4,,,,,,,,,,,
,,Cowpens,"2,202",26,4,21,1,,,,,,,,,,,1,1,,,,12,2,9,,,,,,,,,32,1,,7,11,,5,3,5,1,1,1,39,32,7,,,,,,,,,,1
,,Darlington,"6,313",471,44,269,158,1,1,,,4,12,2,6,,4,,,,1,,59,49,175,1,,73,61,6,4,,2,460,,3,128,10,4,74,25,216,12,12,11,83,78,5,3,1,,2,,1,2,1,1,26
,,Denmark,"3,562",152,26,110,16,,,,,,2,1,1,,,,,,1,,88,4,91,,,8,6,1,1,,,99,,1,29,3,,15,2,49,6,13,4,17,15,2,,,,,,,,,,7
,,Duncan,"3,240",30,3,27,,,,,,,5,1,2,,2,,,,1,,12,8,42,,,25,20,3,2,,,63,,,2,4,,13,4,40,5,3,22,151,91,60,2,,,2,,,,,,12
,,Easley,"20,249",541,83,382,76,3,3,,,5,25,10,,,15,,,,1,,203,109,370,1,,186,88,71,26,,1,"1,187",,1,422,6,5,145,4,604,58,12,33,403,266,137,,,,,,,,,,29
,,Edgefield,"4,763",55,13,36,6,1,1,,,1,4,3,,,1,3,1,2,,,20,5,43,,,4,1,3,,,,57,1,1,4,20,,8,3,20,,,2,21,20,1,1,,1,,,,,,,6
,,Edisto Beach,415,14,2,12,,,,,,,,,,,,,,,,,13,,19,,,2,,2,,,,52,,,3,13,1,3,,32,11,,,6,4,2,,,,,,,,,,
,,Ehrhardt,550,8,3,4,1,,,,,,,,,,,,,,,,2,3,8,,,1,1,,,,,15,,,1,,,3,1,10,,,1,7,5,2,,,,,,,,,,3
,,Elgin,"1,336",36,5,28,3,,,,,,1,,,,1,1,,1,2,,8,7,17,,,12,7,3,,,2,58,,,18,4,,5,,31,2,6,4,10,7,3,,,,,,,,,,1
,,Elloree,704,4,1,3,,,,,,,1,,,,1,,,,,,1,,6,,,4,3,,,,1,11,,,3,,,4,,4,1,,,3,3,,1,,,1,,,,,,
,,Estill,"2,033",94,26,43,25,,,,,,1,1,,,,1,,1,,,39,3,53,,,9,6,2,1,,,66,,,12,,,2,2,50,2,4,2,1,1,,,,,,,,,,,12
,,Fairfax,"1,992",85,8,67,10,,,,,,2,1,,,1,,,,,1,43,12,47,,,5,2,3,,,,68,3,1,16,25,,10,2,11,3,1,1,11,10,1,,,,,,,,,,4
,,Florence,"37,681","1,150",224,751,175,3,3,,,14,38,25,2,2,9,,,,6,,569,139,790,14,,326,234,54,28,,10,"2,207",1,6,744,32,6,553,72,793,137,83,30,493,491,2,5,,,5,,1,20,19,1,48
,,Folly Beach,"2,700",34,7,20,7,,,,,,1,,,,1,,,,,,39,,4,1,,7,7,,,,,67,,,7,2,,,,58,,1,1,13,9,4,,,,,,,,,,2
,,Forest Acres,"10,596",440,45,252,143,,,,,8,12,6,,,6,2,,2,,,183,39,173,16,2,97,42,34,8,,13,652,,1,184,49,1,222,43,152,33,24,10,107,71,36,,,,,,,1,1,,17
,,Fort Lawn,897,16,2,11,3,,,,,,,,,,,,,,,,10,2,13,,,4,3,,1,,,33,,,,,,2,1,30,4,,1,,,,,,,,,,,,,
,,Fort Mill,"11,132",226,24,128,74,1,1,,,1,,,,,,,,,,,33,21,117,2,1,32,13,13,3,,3,185,,,14,67,,31,6,67,9,1,5,58,57,1,,,,,,,,,,15
,,Fountain Inn,"8,012",168,34,121,13,1,1,,,3,5,,1,,4,,,,,,32,25,102,6,,42,34,8,,,,149,,,22,3,,11,,113,9,1,11,126,84,42,,,,,,1,,,,16
,,Gaffney,"12,574",409,57,243,109,2,2,,,,14,11,1,,2,1,,1,,,107,48,120,6,,84,37,36,10,,1,326,2,1,114,,,66,17,126,26,7,27,133,133,,2,,,2,,,2,2,,11
,,Gaston,"1,690",24,4,17,3,,,,,,2,,,,2,,,,,,11,5,17,,,9,8,,1,,,59,,,35,,,3,1,20,1,2,2,25,18,7,,,,,,,,,,3
,,Georgetown,"9,225",388,89,202,97,1,1,,,5,7,2,,,5,3,,3,2,,159,51,279,7,,64,36,26,1,,1,562,,1,192,37,1,95,16,220,23,17,21,112,73,39,,,,,,,,,,14
,,Goose Creek,"37,387",676,80,509,87,2,2,,,23,24,15,1,,8,,,,5,,163,38,286,3,,153,90,38,23,,2,720,,,246,10,13,144,39,268,60,21,36,174,121,53,,,,,,,1,1,,35
,,Great Falls,"1,984",61,12,46,3,,,,,1,3,,,,3,,,,,,23,2,33,1,,4,2,1,1,,,60,,,9,1,,11,1,38,1,1,,10,6,4,,,,,,,,,,2
,,Greeleyville,431,12,,10,2,,,,,,,,,,,,,,,,14,,6,,,3,3,,,,,9,,,3,3,,,,3,1,,,2,2,,,,,,,,,,,
,,Greenville,"60,953","1,406",383,847,176,2,1,,1,26,74,22,11,6,35,2,,2,14,,617,166,991,69,6,467,275,117,65,,10,"2,441",3,6,741,481,21,566,199,424,211,104,77,"1,350",878,472,9,3,3,3,,9,15,12,3,217
,,Greenwood,"23,564","1,485",278,"1,062",145,3,3,,,17,42,16,21,3,2,,,,7,,487,60,707,9,,293,150,117,26,,,"1,380",,2,262,12,777,201,7,119,48,48,28,228,227,1,2,,,2,,2,2,2,,154
,,Greer,"26,249",288,84,182,22,2,1,,1,5,21,17,1,2,1,1,,1,4,,176,75,275,21,,96,56,38,1,,1,597,,1,212,65,11,118,59,131,60,21,22,446,245,201,2,,1,1,,,4,4,,32
,,Hampton,"2,796",91,8,49,34,,,,,,4,1,,1,2,1,1,,1,,44,15,54,1,,10,2,7,1,,,86,,,18,4,,12,1,51,4,7,,13,10,3,,,,,,,,,,1
,,Hardeeville,"3,047",149,23,102,24,2,2,,,1,10,2,1,2,5,,,,1,,36,15,83,1,,20,11,3,5,,1,147,,1,12,10,,32,4,88,23,5,4,24,23,1,,,,,,,2,2,,8
,,Harleyville,706,23,6,13,4,,,,,,,,,,,,,,1,,19,14,19,1,,2,1,1,,,,21,,,6,9,1,2,1,2,2,1,,5,5,,,,,,,,,,,
,,Hartsville,"7,796",411,61,267,83,5,5,,,9,12,5,3,,4,1,,1,1,,171,107,181,8,,203,51,136,15,,1,739,2,2,301,109,2,133,29,161,48,24,6,141,141,,,,,,,1,1,,1,20
,,Hemingway,459,14,3,10,1,,,,,,,,,,,,,,1,,9,8,6,,,3,3,,,,,35,,,24,3,,6,2,,3,2,6,44,38,6,,,,,,,,,,2
,,Holly Hill,"1,280",61,14,35,12,,,,,,2,,,,2,,,,,,11,12,14,,,8,8,,,,,83,,,36,9,,7,2,29,7,,,24,18,6,,,,,,,,,,7
,,Honea Path,"3,655",186,35,108,43,1,1,,,1,1,,,,1,,,,1,,80,13,132,2,,33,23,6,3,,1,184,,1,45,,5,22,15,96,9,1,1,16,16,,,,,,,,1,1,,2
,,Inman,"2,375",26,11,15,,,,,,,4,2,,,2,,,,,,5,4,21,,,5,4,1,,,,69,,,10,3,,13,2,41,4,2,2,41,28,13,,,,,,,,,,2
,,Isle of Palms,"4,265",36,7,25,4,,,,,,2,,,,2,,,,1,,32,,28,,,10,4,5,,,1,124,,,2,,,30,5,87,6,1,,21,20,1,,,,,,2,,,,
,,Jackson,"1,722",14,4,5,5,,,,,,,,,,,,,,,,10,1,9,,,5,4,,1,,,18,,,,,,5,3,10,2,1,,10,6,4,,,,,,,,,,3
,,Jamestown,75,,,,,,,,,,,,,,,,,,,,3,,,,,,,,,,,,,,,,,,,,1,,,,,,,,,,,,,,,
,,Johnsonville,"1,505",12,8,4,,,,,,,,,,,,,,,,,21,13,22,,,2,2,,,,,27,,,11,,,3,,13,,1,,6,6,,,,,,,,,,,2
,,Johnston,"2,354",42,11,29,2,,,,,,3,,2,,1,,,,,,18,6,42,,,7,3,4,,,,30,1,1,4,5,1,2,1,15,2,3,1,4,4,,,,,,,,,,,
,,Jonesville,910,12,1,10,1,,,,,,1,,,,1,,,,,,3,,15,,,,,,,,,18,,,4,10,,4,,,1,,1,14,10,4,,,,,,,,,,
,,Kingstree,"3,325",174,35,107,32,,,,,1,4,2,,,2,2,,2,1,,63,38,149,,,12,9,,3,,,214,,1,48,5,,44,9,107,11,14,4,30,22,8,,,,,,,1,1,,12
,,Lake City,"6,789",451,46,338,67,1,1,,,1,3,3,,,,2,,2,3,,118,23,246,,,69,56,4,8,,1,408,,2,90,18,2,91,10,195,33,12,10,52,52,,,,,,,1,1,,1,15
,,Lake View,808,41,9,25,7,,,,,,,,,,,,,,,,14,2,18,,,1,1,,,,,33,,,10,1,,3,,19,,2,,20,17,3,,,,,,,,,,2
,,Lamar,988,27,7,14,6,,,,,,,,,,,,,,1,,10,7,10,,,2,2,,,,,26,,1,7,3,,4,2,9,3,1,2,3,3,,,,,,,,,,,
,,Lancaster,"8,749",565,126,334,105,3,3,,,7,14,8,1,,5,1,,1,9,,121,55,203,15,,102,24,74,3,,1,500,1,,162,23,,78,13,223,19,25,17,198,172,26,,,,,,,,,,43
,,Landrum,"2,423",23,8,15,,,,,,,1,,,,1,,,,,,11,6,15,1,,7,7,,,,,29,,,5,,,4,,20,3,3,5,32,20,12,,,,,,,,,,
,,Latta,"1,378",97,31,49,17,1,1,,,,1,,1,,,,,,4,,32,5,46,1,,9,8,,1,,,111,,,55,2,1,4,3,46,3,4,6,33,28,5,,,,,,,1,1,,10
,,Laurens,"9,221",482,71,304,107,2,2,,,2,18,2,2,1,13,1,,1,2,,100,51,243,10,,83,57,16,8,,2,522,2,1,215,23,12,57,25,187,18,25,5,144,141,3,,,,,,,,,,29
,,Lexington,"18,352",327,45,215,67,,,,,2,12,5,2,,5,,,,,,44,33,133,12,,130,84,32,10,,4,678,1,,389,55,6,98,9,120,33,7,15,388,246,142,,,,,,,1,,1,32
,,Liberty,"3,309",58,9,45,4,,,,,,1,,,,1,,,,,,8,9,54,,,15,8,7,,,,97,1,,24,22,,10,2,38,9,3,,10,9,1,,,,,,,,,,1
,,Lyman,"3,305",31,2,28,1,,,,,,1,,,1,,,,,,,16,8,33,,,14,8,3,3,,,99,,1,35,,2,7,4,50,1,1,2,67,38,29,,,,,,,,,,4
,,Lynchburg,371,6,2,4,,,,,,,,,,,,,,,,,8,1,8,,,,,,,,,14,,,,10,,2,1,1,,,,1,1,,,,,,,,,,,
,,Manning,"4,118",349,46,208,95,,,,,2,7,3,1,,3,1,,1,1,,54,35,86,1,,55,48,2,2,,3,301,1,,111,5,3,25,5,151,15,12,4,32,32,,1,,,1,,,,,,3
,,Marion,"6,960",372,71,239,62,2,2,,,2,15,6,3,,6,4,,4,3,,254,17,283,2,,51,43,5,2,,1,368,2,1,86,3,1,85,11,179,18,28,13,67,67,,,,,,,,,,,24
,,Mauldin,"23,631",250,37,185,28,,,,,6,5,5,,,,2,,2,1,,86,36,187,2,1,71,38,10,15,,8,359,2,1,28,11,12,88,20,197,32,6,13,406,277,129,1,,,1,,1,,,,30
,,Mayesville,738,3,,2,1,,,,,,,,,,,,,,,,1,,1,,,,,,,,,7,,,1,1,,1,,4,3,,,1,1,,,,,,,,,,,
,,McColl,"2,157",89,22,48,19,,,,,,5,3,,,2,,,,,,35,5,29,,,6,6,,,,,60,1,1,11,5,,5,,37,5,4,,39,33,6,,,,,,,1,,1,4
,,McCormick,"2,774",55,11,43,1,,,,,,1,1,,,,,,,,,20,7,24,,,5,2,3,,,,53,,,9,5,,8,4,27,2,4,,9,9,,,,,,,,,,,2
,,Moncks Corner,"8,229",212,35,144,33,1,1,,,3,7,3,2,1,1,,,,6,,56,24,131,,,85,11,71,2,,1,453,,3,148,18,4,66,19,195,22,8,8,64,53,11,4,,,4,,,1,1,,12
,,Mount Pleasant,"70,016",738,142,531,65,,,,,2,11,5,,1,5,1,,1,3,,174,54,448,52,,220,71,99,42,,8,"1,019",2,,196,273,3,232,36,277,60,6,22,466,266,200,,,,,,1,,,,27
,,Mullins,"4,680",343,72,209,62,2,2,,,2,3,3,,,,,,,1,,151,5,196,,,40,36,3,1,,,284,2,1,63,8,,72,7,131,9,12,4,21,16,5,,,,,,,,,,12
,,Myrtle Beach,"28,085","1,204",230,857,117,7,7,,,16,81,43,6,3,29,,,,13,,668,235,748,52,,677,314,336,26,,1,"3,327",8,8,803,855,86,961,90,516,330,195,102,728,647,81,1,1,,,,2,57,57,,65
,,Newberry,"10,430",334,67,230,37,,,,,,6,3,1,,2,1,,1,1,,112,13,177,1,,42,29,11,2,,,384,,,134,16,,37,11,186,7,15,2,171,116,55,,,,,,,,,,14
,,New Ellenton,"2,079",62,12,50,,,,,,1,2,,,,2,,,,,,18,6,34,,,5,1,,2,,2,39,,,6,2,,7,1,23,2,3,,7,3,4,,,,,,,,,,
,,Nichols,369,8,4,2,2,,,,,,,,,,,,,,,,,,6,,,4,3,,,,1,5,,,,,,,,5,,,,27,19,8,,,,,,,,,,
,,Ninety Six,"2,023",42,5,28,9,,,,,5,1,1,,,,2,,2,,,20,2,23,,,3,1,2,,,,17,,1,1,3,,3,1,8,2,,,46,27,19,,,,,,1,,,,3
,,North Augusta,"21,639",307,24,259,24,2,2,,,1,8,3,1,,4,,,,1,,127,31,158,,,102,36,50,14,,2,697,,1,329,65,1,148,5,148,63,18,10,137,137,,,,,,,,,,,27
,,North Charleston,"100,675","3,689",464,"2,632",593,14,13,,1,17,133,61,20,8,44,2,1,1,17,,857,222,"1,658",5,,551,199,280,61,3,8,"4,394",4,5,"1,179",57,24,851,192,"2,082",537,215,123,"2,212","2,129",83,,,,,,5,199,193,6,258
,,Orangeburg,"14,017",452,32,335,85,,,,,24,11,5,,2,4,1,,1,5,1,235,121,311,15,,163,82,65,13,,3,618,,1,147,16,2,140,44,268,54,26,24,167,165,2,,,,,,,5,5,,26
,,Pacolet,"2,277",50,6,38,6,,,,,,1,1,,,,,,,1,,20,1,31,,,12,7,4,,,1,69,,,12,6,,13,3,35,10,20,3,1,1,,,,,,,,,,,2
,,Pageland,"2,733",214,30,110,74,,,,,,7,2,1,,4,,,,1,,36,23,96,,,17,9,1,6,,1,160,,,51,6,3,15,4,81,10,1,3,79,65,14,,,,,,,1,,1,13
,,Pelion,692,15,4,6,5,,,,,,,,,,,1,,1,,,4,3,8,1,,6,4,1,1,,,12,,,2,4,,2,,4,1,,2,10,5,5,,,,,,,,,,
,,Pickens,"3,165",97,12,71,14,,,,,4,2,1,1,,,4,,4,,,25,26,33,,,12,11,,,,1,133,,,23,1,,37,4,68,16,2,4,68,36,32,,,,,,,,,,9
,,Port Royal,"10,893",130,19,99,12,1,1,,,1,7,4,,,3,,,,3,,64,4,112,1,,31,15,11,2,,3,172,,,34,8,2,34,9,85,13,13,6,47,46,1,,,,,,,,,,8
,,Prosperity,"1,198",12,2,9,1,,,,,,,,,,,,,,,,9,1,6,,,,,,,,,21,,,4,,,5,1,11,,,,13,9,4,,,,,,,,,,1
,,Ridgeland,"4,123",38,1,34,3,2,2,,,5,2,1,,,1,,,,,,31,9,39,,,21,12,8,1,,,110,,,33,,,2,,75,4,7,1,111,111,,,,,,,,,,,11
,,Rock Hill,"68,064","2,020",292,"1,189",539,8,8,,,22,74,36,4,,34,,,,9,,422,203,"1,176",30,,484,227,171,85,,1,"2,043",,3,600,27,6,377,77,953,163,115,63,594,568,26,,,,,,1,1,1,,161
,,Salem,136,,,,,,,,,,,,,,,,,,,,,,,,,,,,,,,,,,,,,,,,,,,2,2,,,,,,,,,,,
,,Salley,404,,,,,,,,,,,,,,,,,,,,2,1,2,,,,,,,,,6,,,,,,1,,5,,,1,8,5,3,,,,,,,,,,1
,,Saluda,"3,600",97,44,38,15,,,,,1,4,,,1,3,1,,1,,,42,6,42,,,6,4,1,1,,,73,,,9,4,,11,1,48,3,3,4,50,41,9,1,,,1,,,,,,5
,,Santee,964,48,2,35,11,,,,,,,,,,,,,,,,10,6,45,,,14,12,,1,,1,54,,,14,8,,7,,25,11,2,3,16,14,2,,,,,,,,,,2
,,Scranton,946,4,,4,,,,,,,,,,,,,,,,,2,,5,,,2,1,,,,1,11,,,3,,,,,8,,1,1,4,4,,,,,,,,,,,
,,Seneca,"8,194",280,54,199,27,,,,,,9,1,8,,,3,,3,1,,64,75,102,1,,90,25,58,6,,1,226,,,42,1,3,23,6,151,21,8,7,436,313,123,,,,,,,,,,16
,,Simpsonville,"18,829",360,39,281,40,,,,,7,14,11,1,,2,1,,1,1,,84,42,138,,,165,96,57,6,1,5,541,1,,188,4,1,103,9,235,32,7,17,165,127,38,1,,1,,,2,1,1,,24
,,Society Hill,565,3,,1,2,,,,,,,,,,,,,,,,3,1,2,,1,1,1,,,,,18,,,1,1,,5,,11,1,,1,7,7,,,,,,,,,,,2
,,Spartanburg,"37,689","1,256",398,692,166,3,2,1,,18,41,20,5,1,15,6,,6,14,,482,185,510,37,,232,133,59,36,1,3,"2,144",,4,"1,028",73,11,283,113,632,95,120,47,790,577,213,20,,5,15,,1,1,1,,67
,,Springdale,"2,709",34,4,23,7,,,,,2,4,,,,4,,,,,,13,2,14,,1,6,4,1,1,,,58,,,3,6,,14,2,33,7,3,4,40,26,14,1,,,1,,,1,1,,2
,,St. George,"2,161",111,24,67,20,,,,,,2,1,,,1,,,,,,21,8,53,,,18,16,,2,,,85,1,,18,4,,9,3,50,10,3,2,44,29,15,,,,,,,,,,5
,,St. Matthews,"2,038",37,15,20,2,,,,,,3,,1,,2,,,,,,16,5,41,,,5,3,2,,,,36,,,13,15,1,5,1,1,9,3,1,12,11,1,,,,,,,,,,5
,,St. Stephen,"1,767",43,7,25,11,,,,,,,,,,,,,,,,35,8,25,1,,7,3,3,1,,,67,2,2,18,14,3,17,4,7,3,3,,24,21,3,,,,,,,,,,3
,,Sullivans Island,"1,847",6,1,5,,,,,,,,,,,,,,,,,5,1,17,,,3,3,,,,,20,,,1,1,,7,2,9,,,,13,6,7,,,,,,,,,,
,,Summerton,"1,002",25,5,16,4,,,,,,1,1,,,,,,,,,8,2,18,1,,4,3,,,,1,34,,,12,5,,2,1,14,2,3,3,26,22,4,,,,,,,,,,1
,,Summerville,"45,209",768,49,622,97,6,2,4,,5,8,2,1,,5,2,,2,,,193,31,589,,,115,97,14,4,,,"1,033",,6,236,4,2,204,33,548,103,32,14,325,217,108,,,,,,1,,,,43
,,Sumter,"40,911","1,196",325,657,214,7,7,,,8,10,8,,,2,1,,1,15,,588,161,575,39,,182,50,117,15,,,"1,428",,3,388,131,1,345,90,470,140,65,2,283,206,77,2,,1,1,,,4,4,,63
,,Surfside Beach,"3,976",65,11,46,8,,,,,5,4,3,,,1,,,,,,90,11,135,,,21,7,12,1,,1,371,,1,31,70,8,72,11,178,14,5,13,105,101,4,,,,,,,4,4,,5
,,Swansea,852,25,6,18,1,,,,,,,,,,,,,,,,4,5,7,,,5,3,2,,,,27,,,6,3,1,1,,16,3,2,,39,19,20,,,,,,,,,,1
,,Tega Cay,"7,847",49,6,39,4,,,,,,,,,,,,,,,,16,9,59,1,,24,5,16,2,,1,73,,,26,3,,12,,32,2,,1,16,16,,,,,,,,,,,2
,,Travelers Rest,"4,725",85,6,71,8,,,,,7,8,,,,8,,,,,,31,31,61,7,,17,10,7,,,,326,,1,171,75,1,23,11,44,11,2,12,124,79,45,,,,,,,,,,15
,,Turbeville,767,18,4,12,2,,,,,,5,,,,5,1,,1,,,6,1,8,,,2,2,,,,,13,,,,,1,5,,7,2,1,1,10,9,1,,,,,,,,,,
,,Union,"8,390",301,47,238,16,,,,,3,18,6,2,3,7,1,,1,2,,119,32,212,1,,39,21,10,8,,,334,3,1,89,24,,54,9,154,8,11,4,115,97,18,1,,,1,,1,,,,9
,,Wagener,808,15,7,8,,,,,,,,,,,,,,,,,8,2,5,,,4,4,,,,,22,,,,3,,5,1,13,2,1,,7,5,2,,,,,,,,,,2
,,Walhalla,"4,313",107,10,83,14,,,,,,4,1,,1,2,1,,1,1,,27,52,43,,,13,5,4,2,,2,99,,,3,5,,17,2,72,9,1,2,36,31,5,,,,,,,,,,1
,,Walterboro,"5,411",271,61,172,38,,,,,10,2,2,,,,,,,3,,71,69,188,,,110,41,58,9,,2,396,,1,122,22,1,90,8,152,26,16,22,176,129,47,2,,2,,,,,,,51
,,Ware Shoals,"2,189",153,22,93,38,,,,,7,5,2,1,,2,,,,,,54,9,72,1,,13,10,,,,3,115,,,15,1,3,12,6,78,6,7,5,59,42,17,,,,,,,,,,5
,,Wellford,"2,423",12,1,3,8,,,,,,2,,,,2,,,,,,18,3,15,,,4,3,1,,,,31,,,2,,,5,1,23,3,,2,23,19,4,,,,,,,,,,4
,,West Columbia,"15,610",504,103,303,98,1,1,,,5,29,5,7,,17,,,,2,,144,70,329,15,,101,45,45,10,,1,633,1,1,174,,6,147,36,268,65,38,50,329,223,106,,,,,,,1,1,,46
,,Westminster,"2,445",92,33,48,11,,,,,1,1,,,,1,,,,,,24,19,39,,,12,12,,,,,96,,,14,,,12,4,66,2,1,2,25,12,13,,,,,,,,,,2
,,West Pelzer,895,29,6,22,1,,,,,,3,1,,,2,,,,,,10,8,9,,,6,2,4,,,,138,2,,88,19,,8,2,19,5,,1,108,62,46,,,,,,,,,,2
,,West Union,295,9,4,3,2,,,,,,2,1,,1,,,,,,,8,11,7,,,,,,,,,38,,,13,3,,7,,15,1,,,2,1,1,,,,,,,,,,
,,Whitmire,"1,464",30,3,21,6,,,,,,1,1,,,,,,,1,,17,5,13,,,3,1,2,,,,35,,,2,,,2,,31,,,1,32,26,6,3,,,3,,,,,,1
,,Williamston,"4,002",139,24,101,14,,,,,,7,2,1,,4,,,,,,28,16,69,,,9,5,3,,,1,155,,,22,4,,20,3,106,7,9,10,92,57,35,,,,,,,,,,9
,,Williston,"3,133",106,9,77,20,,,,,,,,,,,1,,1,,,37,4,71,,,11,4,5,2,,,78,,,16,7,,27,,28,4,3,,49,46,3,,,,,,1,1,1,,5
,,Winnsboro,"3,527",161,22,74,65,1,1,,,3,3,3,,,,,,,1,,32,9,95,,,23,17,5,1,,,183,,,62,7,1,18,4,91,1,6,3,17,13,4,,,,,,,1,1,,6
,,York,"7,963",433,38,306,89,,,,,5,11,6,,1,4,2,,2,2,,66,24,163,5,1,52,25,21,4,,2,370,,,156,18,2,31,9,154,14,13,19,102,73,29,,,,,,,1,,1,20
,Universities and Colleges,Benedict College,"3,213",26,,24,2,,,,,,1,1,,,,,,,1,,113,3,34,,,4,2,2,,,,130,,,,107,,5,2,16,4,2,,35,35,,,,,,,,,,,6
,,Bob Jones University,"3,631",,,,,,,,,,,,,,,,,,,,23,,3,,,,,,,,,16,,1,,11,,1,,3,,,,,,,,,,,,,,,,
,,Clemson University,"19,914",28,2,25,1,,,,,,2,1,,,1,,,,,,29,6,103,,,10,5,4,,,1,211,,,4,86,1,52,3,65,7,,1,61,61,,,,,,,,,,,3
,,Coastal Carolina University,"9,084",56,4,32,20,,,,,2,4,1,2,1,,,,,,,35,2,113,1,,29,18,5,4,,2,180,1,,2,44,,33,2,98,2,3,9,143,88,55,,,,,,,,,,5
,,College of Charleston,"11,649",12,1,8,3,,,,,,3,2,,,1,,,,1,,1,,63,,,1,,1,,,,82,,,,34,,,,48,2,,,47,21,26,,,,,,,,,,
,,Columbia College,"1,266",3,,1,2,,,,,,1,1,,,,,,,,,,,6,,,1,1,,,,,6,,,,1,,1,,4,2,,2,2,2,,,,,,,,,,,
,,Denmark Technical College,"1,607",37,6,26,5,,,,,,,,,,,,,,,,4,,11,,,,,,,,,46,,,,,,1,,45,,1,,25,23,2,,,,,,,,,,5
,,Erskine College,773,1,,1,,,,,,,2,2,,,,,,,1,,,,2,,,,,,,,,8,,,,5,1,,,2,,,,,,,,,,,,,,,,
,,Francis Marion University,"4,187",32,,18,14,,,,,,,,,,,,,,,,1,1,19,,,1,1,,,,,47,,,,29,,3,6,9,,,1,47,38,9,,,,,,,,,,3
,,Greenville Technical College,"14,453",15,4,6,5,,,,,,,,,,,,,,,,13,,23,,1,6,4,2,,,,62,1,2,2,39,,11,4,3,5,,1,12,9,3,,,,,,,,,,2
,,Lander University,"3,069",23,,13,10,,,,,,4,2,2,,,,,,,,9,,17,,,4,,4,,,,31,,,2,8,,7,1,13,,1,,18,16,2,,,,,,,,,,5
,,Medical University of South Carolina,"2,678",55,4,39,12,,,,,,,,,,,,,,,,,,16,,,8,,8,,,,156,,,3,123,1,10,5,14,,,3,,,,,,,,,,,,,
,,Midlands Technical College,"12,224",4,1,2,1,,,,,,,,,,,,,,,,,,3,,,,,,,,,18,,1,,10,,4,2,1,1,,,1,1,,,,,,,,,,,
,,South Carolina State University,"4,326",20,8,10,2,,,,,1,,,,,,,,,1,,28,,44,,,1,,,1,,,75,,1,,16,1,12,,45,6,4,,31,31,,,,,,,,,,,
,,Spartanburg Methodist College,803,3,1,2,,,,,,,,,,,,,,,,,2,,3,,,,,,,,,8,3,,,3,,2,,,1,,,5,3,2,,,,,,,,,,
,,The Citadel,"3,390",8,1,7,,,,,,,,,,,,,,,,,33,,16,,,,,,,,,34,,,,14,3,1,,16,,4,1,,,,,,,,,1,,,,
,,Trident Technical College,"16,781",8,1,5,2,,,,,,,,,,,,,,,,2,,16,,,3,,3,,,,41,,,1,29,,7,1,3,5,1,,,,,,,,,,,,,,
,,University of South Carolina:,,,,,,,,,,,,,,,,,,,,,,,,,,,,,,,,,,,,,,,,,,,,,,,,,,,,,,,,
,,Aiken,"3,277",4,,4,,,,,,,,,,,,,,,,,,,25,,,2,,1,,,1,22,,1,1,15,1,1,1,2,2,,,15,14,1,,,,,,,,,,1
,,Columbia,"30,721",62,1,38,23,,,,,,2,1,1,,,,,,3,,32,26,152,,,33,1,31,1,,,294,1,,3,169,1,51,6,63,36,3,3,176,114,62,,,,,,,,,,1
,,Upstate,"5,493",9,,6,3,,,,,,1,1,,,,,,,,,3,,6,,,3,1,1,,,1,29,,,,12,1,,,16,,,,7,6,1,,,,,,,,,,1
,,Winthrop University,"5,913",20,1,18,1,,,,,,2,2,,,,,,,,,,2,13,1,,4,3,1,,,,56,,,1,20,2,3,3,27,1,,1,34,34,,,,,,,,,,,7
,Metropolitan Counties,Aiken,,"1,688",262,"1,302",124,4,4,,,14,136,42,13,8,73,10,,10,5,,"1,159",97,"1,731",4,1,362,126,177,58,,1,"2,276",,,101,42,1,661,96,"1,375",393,47,49,248,245,3,,,,,,2,1,1,,68
,,Anderson,,"3,628",651,"2,722",255,11,10,,1,24,102,40,7,3,52,12,1,11,28,,"1,826",364,"1,364",9,,384,127,171,70,3,13,"4,370",5,10,681,388,14,"1,023",213,"2,036",665,110,96,458,443,15,3,1,2,,,13,1,1,,74
,,Beaufort,,"2,622",578,"1,546",498,10,9,,1,21,70,34,7,1,28,6,,6,16,1,"1,018",101,912,32,3,422,161,142,81,,38,"2,319",,2,286,643,3,471,164,750,162,90,30,700,686,14,,,,,,,,,,40
,,Berkeley,,"2,620",359,"1,670",591,10,10,,,11,89,37,10,3,39,7,1,6,10,,"1,000",39,"1,023",18,,347,211,102,24,2,8,"2,184",3,,91,484,20,480,224,882,384,82,42,619,609,10,1,,1,,,2,,,,49
,,Calhoun,,225,41,179,5,,,,,3,18,6,3,,9,2,,2,2,,153,16,205,,,33,28,5,,,,233,,,7,1,,17,1,207,39,6,21,48,41,7,,,,,,,,,,14
,,Chester,,608,84,432,92,2,2,,,3,13,8,,,5,4,,4,2,,271,37,315,3,,80,58,7,12,,3,572,,,83,6,,52,9,422,47,17,17,261,250,11,,,,,,,,,,23
,,Darlington,,"1,851",299,"1,047",505,5,4,1,,8,44,10,5,2,27,5,,5,8,,741,45,724,1,1,176,74,59,33,,10,"1,284",,2,38,81,1,202,45,915,157,33,27,652,640,12,4,,1,3,,,2,2,,50
,,Dorchester,,"2,042",265,"1,174",603,3,3,,,7,45,25,1,,19,1,,1,3,,578,73,"1,131",2,,320,161,97,54,,8,"1,339",,2,88,250,4,331,64,600,201,53,18,380,282,98,1,,,1,,1,,,,21
,,Edgefield,,183,12,130,41,1,1,,,,9,3,,,6,2,,2,3,,110,3,126,,,43,28,15,,,,246,,,10,5,1,23,13,194,29,4,2,72,71,1,3,,3,,,,,,,8
,,Fairfield,,535,108,343,84,3,3,,,3,14,5,2,,7,2,,2,4,,180,9,259,5,,52,15,26,10,,1,433,2,,22,21,,70,28,290,71,9,4,104,104,,1,,1,,,2,2,2,,17
,,Florence,,"1,406",177,862,367,2,2,,,6,30,8,10,1,11,2,,2,1,,758,88,898,25,,274,140,88,46,,,"1,558",,1,79,,3,377,190,908,180,39,17,609,547,62,5,,1,4,,2,10,8,2,42
,,Greenville,,"6,032","1,528","3,937",567,25,17,3,5,128,424,142,74,24,184,28,,28,74,,"3,055",448,"2,650",122,12,"1,235",834,267,129,,5,"7,154",6,5,"1,575","1,136",61,"1,673",817,"1,881",918,323,229,"2,709","1,585","1,124",38,11,24,3,,9,61,57,4,331
,,Jasper,,86,6,70,10,5,5,,,1,12,10,,,2,,,,1,,134,17,159,,,32,14,18,,,,302,,2,47,,,14,,239,36,13,5,63,63,,,,,,,,,,,13
,,Kershaw,,"1,209",218,692,299,2,2,,,6,67,28,,,39,14,1,13,1,,488,45,531,3,,171,88,50,24,1,8,996,,3,43,43,1,184,7,715,100,14,33,424,421,3,7,,1,6,,4,,,,25
,,Lancaster,,"1,285",175,902,208,11,10,,1,16,61,19,5,2,35,7,,7,13,,768,114,"1,298",1,,184,72,89,19,,4,"1,676",,1,277,6,4,238,43,"1,107",100,45,37,387,343,44,,,,,,1,,,,66
,,Laurens,,"1,055",262,555,238,4,4,,,22,52,21,2,4,25,4,,4,8,,467,18,404,,,107,83,7,12,,5,740,4,1,35,18,5,69,41,567,83,20,23,334,236,98,2,,,2,,2,,,,36
,,Lexington,,"3,004",389,"2,230",385,8,7,1,,11,223,62,17,3,141,6,1,5,13,,"1,058",63,"1,355",10,,316,48,248,3,,17,"3,107",4,4,308,84,4,690,208,"1,805",413,81,7,641,620,21,,,,,,3,1,,1,55
,,Pickens,,"1,099",220,748,131,5,4,1,,15,74,14,4,,56,2,,2,10,,576,52,405,3,1,214,75,78,48,,13,"1,334",,,19,26,4,236,73,976,201,17,58,225,225,,,,,,,5,1,1,,28
,,Richland,,"4,402","1,760","1,935",707,17,15,1,1,94,273,107,29,9,128,18,,18,27,1,"2,691",306,"2,559",62,1,"1,531",598,609,277,,47,"6,025",5,4,"1,010",164,13,"1,715",534,"2,580","1,189",390,94,"1,290","1,079",211,4,,2,2,,9,19,19,,214
,,Saluda,,172,30,124,18,,,,,3,9,4,3,,2,,,,1,,114,14,104,1,,18,6,7,2,,3,189,,,6,8,,15,6,154,23,3,4,64,59,5,,,,,,,,,,8
,,Spartanburg,,"2,105",433,"1,497",175,10,8,,2,61,123,63,10,6,44,2,2,,33,,"1,744",165,"2,445",7,1,699,439,164,85,,11,"3,690",4,5,499,5,22,804,342,"2,009",482,95,45,"1,054",972,82,36,10,5,20,1,8,9,9,,120
,,Sumter,,"1,463",363,"1,026",74,5,5,,,12,51,20,3,,28,3,,3,34,,901,62,595,45,,110,22,55,30,,3,"1,313",1,2,139,43,1,177,81,869,191,40,16,415,402,13,8,,1,7,,1,1,,1,41
,,Union,,394,82,249,63,2,2,,,3,18,2,4,1,11,1,,1,6,,148,16,220,1,,95,70,7,10,,8,438,,,38,5,,42,22,331,23,9,12,249,230,19,4,1,1,2,,1,3,3,,23
,,York,,"2,596",441,"1,465",690,1,1,,,21,67,20,16,6,25,10,1,9,19,,539,124,"1,269",18,5,464,229,168,66,,1,"1,699",1,,112,188,,450,101,847,129,37,64,"1,215","1,051",164,10,2,5,3,,9,5,5,,56
,Nonmetropolitan Counties,Abbeville,,231,44,146,41,,,,,4,9,2,,,7,1,,1,4,,127,7,104,,,33,19,9,3,1,1,329,,,2,4,,26,2,295,19,3,10,45,44,1,,,,,,2,,,,2
,,Allendale,,25,2,19,4,,,,,,,,,,,,,,,,23,,40,,,8,2,3,3,,,51,,1,,17,,6,,27,5,,1,8,8,,,,,,,,,,,1
,,Bamberg,,135,31,88,16,,,,,,2,1,,,1,2,,2,,,103,5,118,1,,30,23,6,1,,,162,,,3,1,,12,11,135,25,2,13,28,25,3,,,,,,,,,,6
,,Barnwell,,363,83,250,30,,,,,,9,3,,,6,5,,5,5,,110,6,209,,,39,16,16,7,,,330,,,3,64,1,48,4,210,46,2,13,39,39,,,,,,,,,,,31
,,Cherokee,,518,66,358,94,1,1,,,3,49,,,43,6,,,,3,,188,10,188,,,34,23,11,,,,238,,,5,5,,20,1,207,78,12,17,236,224,12,4,1,,3,,,,,,19
,,Chesterfield,,765,118,504,143,2,2,,,2,23,7,,,16,2,1,1,6,,248,19,356,,,42,10,24,3,,5,697,1,1,23,29,1,100,17,525,55,11,7,274,216,58,,,,,,,,,,13
,,Clarendon,,693,91,424,178,1,1,,,2,32,6,1,1,24,6,,6,4,,287,20,240,1,,116,96,3,9,,8,563,,1,14,9,3,58,12,466,61,15,14,320,316,4,,,,,,,,,,22
,,Colleton,,950,183,511,256,2,2,,,5,43,11,4,1,27,6,,6,9,,329,33,345,,,103,81,20,,,2,749,1,1,7,12,,153,22,553,147,8,18,133,129,4,1,,,1,,3,,,,39
,,Dillon,,587,161,352,74,4,4,,,3,34,13,3,1,17,3,,3,6,,376,16,265,,,54,47,2,4,,1,634,1,,28,21,,105,20,459,76,20,16,133,131,2,2,1,,1,,1,,,,24
,,Greenwood,,"1,109",388,670,51,4,4,,,8,33,18,10,3,2,1,,1,5,,416,54,849,10,,222,120,61,37,,4,"1,626",,1,286,65,592,220,35,427,69,20,32,320,317,3,3,,2,1,,2,3,3,,68
,,Hampton,,247,63,123,61,,,,,,16,5,4,,7,2,,2,1,,116,10,155,,,39,36,,1,,2,182,,,,4,,25,8,145,20,7,1,46,36,10,,,,,,1,,,,14
,,Lee,,285,66,148,71,,,,,4,4,2,,,2,1,,1,7,,138,19,114,,,13,2,10,1,,,263,,,3,22,,43,13,182,50,8,7,80,80,,,,,,,,,,,16
,,Marion,,371,88,218,65,4,4,,,3,10,3,,,7,2,,2,6,,334,10,245,,,61,46,4,7,1,3,420,,,15,5,1,78,15,306,63,11,17,55,52,3,,,,,,,,,,7
,,Marlboro,,705,146,319,240,2,2,,,5,19,14,1,,4,,,,2,,271,19,364,,,78,48,5,12,,13,578,,4,25,6,,53,21,469,40,12,5,48,46,2,,,,,,2,,,,5
,,McCormick,,79,17,56,6,,,,,,1,1,,,,,,,,,36,8,36,,,13,3,6,4,,,60,2,,,15,,8,5,30,11,,3,9,9,,,,,,,,,,,3
,,Newberry,,333,71,229,33,1,1,,,,4,,,,4,1,,1,3,,127,5,97,,,36,34,1,1,,,329,,,10,7,1,26,15,270,27,7,19,310,203,107,,,,,,1,,,,29
,,Oconee,,570,231,284,55,5,5,,,5,51,30,1,6,14,,,,11,,539,75,248,44,1,154,46,67,31,,10,"1,037",,,196,,1,141,68,631,124,7,23,190,182,8,,,,,,4,2,2,,19
,,Orangeburg,,"1,936",151,"1,654",131,13,12,1,,11,62,27,10,2,23,4,,4,17,,"1,039",73,"2,054",,,5,1,4,,,,"1,918",,,236,,,153,46,"1,483",383,70,6,233,230,3,,,,,,,,,,39
,State Police Agencies,Highway Patrol:,,,,,,,,,,,,,,,,,,,,,,,,,,,,,,,,,,,,,,,,,,,,,,,,,,,,,,,,
,,Abbeville County,,1,1,,,,,,,,,,,,,,,,,,,,,,,,,,,,,,,,,,,,,,1,,,5,5,,,,,,,,,,,
,,Aiken County,,1,,1,,,,,,,,,,,,,,,,,,1,,,,,,,,,,,,,,,,,,,1,,2,145,144,1,,,,,,,,,,16
,,Allendale County,,1,,1,,,,,,,,,,,,,,,,,,,,,,,,,,,,,,,,,,,,,,,,10,10,,,,,,,,,,,3
,,Anderson County,,,,,,,,,,,,,,,,,,,,,,2,,,,,,,,,,1,,,,,,,,1,,,1,90,90,,,,,,,,,,,9
,,Bamberg County,,1,1,,,,,,,,,,,,,,,,,,,,,,,,,,,,,,,,,,,,,,,,,13,13,,,,,,,,,,,
,,Barnwell County,,,,,,,,,,,,,,,,,,,,,,,,,,,,,,,,,,,,,,,,,1,,1,26,26,,,,,,,,,,,6
,,Beaufort County,,,,,,,,,,,,,,,,,,,,,,,,,,,,,,,,,,,,,,,,,,,,49,39,10,,,,,,,,,,1
,,Berkeley County,,,,,,,,,,,,,,,,,,,,,,,,,,,,,,,,,,,,,,,,,1,,1,25,24,1,,,,,,,,,,2
,,Calhoun County,,,,,,,,,,,,,,,,,,,,,,,,,,,,,,,,,,,,,,,,,,,,2,2,,,,,,,,,,,
,,Charleston County,,,,,,,,,,,,,,,,,,,,,,,,,,,,,,,,,,,,,,,,,,,,17,17,,,,,,,,,,,
,,Cherokee County,,1,,1,,,,,,,,,,,,,,,,,,,,,,,,,,,,,,,,,,,,,,,2,37,37,,,,,,,,,,,3
,,Chester County,,,,,,,,,,,,,,,,,,,,,,,,,,,,,,,,,,,,,,,,,,,1,20,20,,,,,,,,,,,4
,,Chesterfield County,,,,,,,,,,,,,,,,,,,,,,,2,,,,,,,,,,,,,,,,,,,,,7,7,,,,,,,,,,,
,,Clarendon County,,,,,,,,,,,,,,,,,,,,,,,,,,,,,,,,,,,,,,,,,1,,1,19,19,,,,,,,,,,,
,,Colleton County,,,,,,,,,,,,,,,,,,,,,,,,,,,,,,,,,,,,,,,,,,,2,16,16,,,,,,,,,,,
,,Darlington County,,,,,,,,,,,,,,,,,,,,,,,,,,,,,,,,,,,,,,,,,,,1,5,5,,,,,,,,,,,
,,Dillon County,,,,,,,,,,,,,,,,,,,,,,,,,,,,,,,,,,,,,,,,,,,,1,1,,,,,,,,,,,
,,Dorchester County,,,,,,,,,,,,,,,,,,,,,,,,,,,,,,,,,,,,,,,,,1,,,37,36,1,,,,,,,,,,1
,,Edgefield County,,,,,,,,,,,,,,,,,,,,,,,,,,,,,,,,,,,,,,,,,,,,9,9,,,,,,,,,,,
,,Fairfield County,,,,,,,,,,,,,,,,,,,,,,,,,,,,,,,,,,,,,,,,,1,,1,4,4,,,,,,,,,,,
,,Florence County,,,,,,,,,,,,,,,,,,,,,,,,,,,,,,,,,,,,,,,,,,,,10,10,,,,,,,,,,,1
,,Georgetown County,,,,,,,,,,,,,,,,,,,,,,,,,,,,,,,,,,,,,,,,,,,,21,20,1,,,,,,,,,,
,,Greenville County,,1,1,,,,,,,,,,,,,,,,,,,,,,,,,,,,,,,,,,,,,,,,3,95,95,,,,,,,,,,,10
,,Greenwood County,,,,,,,,,,,,,,,,,,,,,,,,,,,,,,,,,,,,,,,,,,,,93,92,1,,,,,,,,,,6
,,Hampton County,,,,,,,,,,,,,,,,,,,,,,,,,,,,,,,,,,,,,,,,,,,,6,6,,,,,,,,,,,5
,,Horry County,,,,,,,,,,,,,,,,,,,,,,,,,,,,,,,,,,,,,,,,,1,,,70,69,1,,,,,,,,,,13
,,Jasper County,,,,,,,,,,,,,,,,,,,,,,,,,,,,,,,,,,,,,,,,,,,,6,6,,,,,,,,,,,
,,Kershaw County,,,,,,,,,,,,,,,,,,,,,,,,,,,,,,,,,,,,,,,,,,,1,69,69,,,,,,,,,,,5
,,Laurens County,,,,,,,,,,,,,,,,,,,,,,,,,,,,,,,,,,,,,,,,,,,,27,27,,,,,,,,,,,8
,,Lee County,,,,,,,,,,,,,,,,,,,,,,,,,,,,,,,,,,,,,,,,,,,,24,24,,,,,,,,,,,
,,Lexington County,,,,,,,,,,,,,,,,,,,,,,,,,,,,,,,,,,,,,,,,,,,1,79,79,,,,,,,,,,,3
,,Marion County,,,,,,,,,,,,,,,,,,,,,,,,,,,,,,,,,,,,,,,,,,,,2,2,,,,,,,,,,,
,,Newberry County,,,,,,,,,,,,,,,,,,,,,,,,,,,,,,,,,,,,,,,,,,,,16,15,1,,,,,,,,,,1
,,Oconee County,,,,,,,,,,,,,,,,,,,,,,,,,,,,,,,,,,,,,,,,,,,,13,13,,,,,,,,,,,
,,Orangeburg County,,,,,,,,,,,,,,,,,,,,,,,,,,,,,,,,,,,,,,,,,,,1,58,58,,,,,,,,,,,8
,,Pickens County,,,,,,,,,,,,,,,,,,,,,,,,,,,,,,,,,,,,,,,,,,,,30,30,,,,,,,,,,,1
,,Richland County,,2,2,,,,,,,,,,,,,,,,,,,,1,,,,,,,,,,,,,,,,,,,,,49,49,,,,,,,,,,,7
,,Saluda County,,,,,,,,,,,,,,,,,,,,,,,,,,,,,,,,,,,,,,,,,,,1,3,3,,,,,,,,,,,1
,,Spartanburg County,,,,,,,,,,,,,,,,,,,,,,,1,,,,,,,,,,,,,,,,,,,,1,39,38,1,,,,,,,,,,3
,,Sumter County,,,,,,,,,,,,,,,,,,,,,,,1,,,,,,,,,,,,,,,,,,,,,37,36,1,,,,,,,,,,5
,,Union County,,,,,,,,,,,,,,,,,,,,,,,,,,,,,,,,,,,,,,,,,,,,6,6,,,,,,,,,,,
,,Williamsburg County,,,,,,,,,,,,,,,,,,,,,,,,,,,,,,,,,,,,,,,,,,,,5,5,,,,,,,,,,,
,,York County,,1,1,,,,,,,,,,,,,,,,,,,,,,,,,,,,,,,,,,,,,,,,1,44,44,,,,,,,,,,,1
,Other Agencies,Bureau of Protective Services,,,,,,,,,,,,,,,,,,,,,7,,25,,,,,,,,,18,,,,5,,5,,8,,,2,1,1,,,,,,,1,,,,
,,Charleston County Aviation Authority,,6,,4,2,,,,,,2,,,,2,,,,,,,1,3,1,,2,1,1,,,,38,,,,16,,4,4,14,6,,1,8,6,2,,,,,,,,,,5
,,Columbia Metropolitan Airport,,4,,2,2,,,,,,,,,,,,,,,,,,2,1,,4,4,,,,,4,,,,,,,1,3,,,,,,,,,,,,,,,,1
,,Department of Mental Health,,165,1,140,24,,,,,,,,,,,,,,,,,,19,,,,,,,,,17,,,,14,,3,,,,,,,,,,,,,,,,,,
,,Employment Security Commission,,,,,,,,,,,,,,,,,,,,,,,,,,,,,,,,,,,,,,,,,,,,,,,,,,,,,,,,
,,Greenville-Spartanburg International Airport,,2,,2,,,,,,,,,,,,,,,,,,,3,,,,,,,,,28,,,,1,,5,11,11,1,,1,,,,,,,,,,,,,5
,,Lexington County Medical Center,,35,2,28,5,,,,,,,,,,,,,,,,3,2,14,,,10,1,,9,,,36,,,1,6,3,4,1,21,6,,5,10,9,1,,,,,,,,,,
,,State Museum,,,,,,,,,,,,,,,,,,,,,,,,,,,,,,,,,,,,,,,,,,,,,,,,,,,,,,,,
,,State Ports Authority,,2,,2,,,,,,,,,,,,,,,,,,,3,,,,,,,,,11,,,,,,1,,10,,,1,1,1,,,,,,,,,,,
,,State Transport Police:,,,,,,,,,,,,,,,,,,,,,,,,,,,,,,,,,,,,,,,,,,,,,,,,,,,,,,,,
,,Abbeville County,,,,,,,,,,,,,,,,,,,,,,,,,,,,,,,,,,,,,,,,,,,,,,,,,,,,,,,,
,,Aiken County,,,,,,,,,,,,,,,,,,,,,,,,,,,,,,,,,,,,,,,,,,,,1,1,,,,,,,,,,,
,,Bamberg County,,,,,,,,,,,,,,,,,,,,,,,,,,,,,,,,,,,,,,,,,,,,,,,,,,,,,,,,
,,Barnwell County,,,,,,,,,,,,,,,,,,,,,,,,,,,,,,,,,,,,,,,,,,,,,,,,,,,,,,,,
,,Beaufort County,,,,,,,,,,,,,,,,,,,,,,,,,,,,,,,,,,,,,,,,,,,,,,,,,,,,,,,,
,,Berkeley County,,,,,,,,,,,,,,,,,,,,,,,,,,,,,,,,,,,,,,,,,,,,1,1,,,,,,,,,,,
,,Calhoun County,,,,,,,,,,,,,,,,,,,,,,,,,,,,,,,,,,,,,,,,,,,,,,,,,,,,,,,,
,,Charleston County,,,,,,,,,,,,,,,,,,,,,,,,,,,,,,,,,,,,,,,,,,,,,,,,,,,,,,,,
,,Cherokee County,,,,,,,,,,,,,,,,,,,,,,,,,,,,,,,,,,,,,,,,,,,,,,,,,,,,,,,,
,,Chester County,,,,,,,,,,,,,,,,,,,,,,,,,,,,,,,,,,,,,,,,,,,,,,,,,,,,,,,,
,,Chesterfield County,,,,,,,,,,,,,,,,,,,,,,,,,,,,,,,,,,,,,,,,,,,,,,,,,,,,,,,,
,,Clarendon County,,,,,,,,,,,,,,,,,,,,,,,,,,,,,,,,,,,,,,,,,,,,3,3,,,,,,,,,,,
,,Colleton County,,,,,,,,,,,,,,,,,,,,,,,,,,,,,,,,,,,,,,,,,,,,,,,,,,,,,,,,
,,Darlington County,,,,,,,,,,,,,,,,,,,,,,,,,,,,,,,,,,,,,,,,,,,,,,,,,,,,,,,,
,,Dillon County,,,,,,,,,,,,,,,,,,,,,,,,,,,,,,,,,,,,,,,,,,,,,,,,,,,,,,,,
,,Dorchester County,,,,,,,,,,,,,,,,,,,,,,,,,,,,,,,,,,,,,,,,,,,1,3,3,,,,,,,,,,,
,,Edgefield County,,,,,,,,,,,,,,,,,,,,,,,,,,,,,,,,,,,,,,,,,,,,,,,,,,,,,,,,
,,Fairfield County,,,,,,,,,,,,,,,,,,,,,,,,,,,,,,,,,,,,,,,,,,,,,,,,,,,,,,,,
,,Georgetown County,,,,,,,,,,,,,,,,,,,,,,,,,,,,,,,,,,,,,,,,,,,,,,,,,,,,,,,,
,,Greenville County,,,,,,,,,,,,,,,,,,,,,,,,,,,,,,,,,,,,,,,,,,,,6,6,,,,,,,,,,,4
,,Greenwood County,,,,,,,,,,,,,,,,,,,,,,,,,,,,,,,,1,,,,,,,,1,,,,1,1,,,,,,,,,,,
,,Hampton County,,,,,,,,,,,,,,,,,,,,,,,,,,,,,,,,,,,,,,,,,,,,,,,,,,,,,,,,
,,Horry County,,,,,,,,,,,,,,,,,,,,,,,,,,,,,,,,,,,,,,,,,,,,,,,,,,,,,,,,
,,Jasper County,,,,,,,,,,,,,,,,,,,,,,,,,,,,,,,,,,,,,,,,,,,,,,,,,,,,,,,,
,,Kershaw County,,,,,,,,,,,,,,,,,,,,,,,,,,,,,,,,,,,,,,,,,,,,,,,,,,,,,,,,
,,Lancaster County,,,,,,,,,,,,,,,,,,,,,,,,,,,,,,,,,,,,,,,,,,,,,,,,,,,,,,,,
,,Lee County,,,,,,,,,,,,,,,,,,,,,,,,,,,,,,,,,,,,,,,,,,,,,,,,,,,,,,,,
,,Lexington County,,,,,,,,,,,,,,,,,,,,,,,,,,,,,,,,,,,,,,,,,,,,3,3,,,,,,,,,,,
,,Marion County,,,,,,,,,,,,,,,,,,,,,,,,,,,,,,,,,,,,,,,,,,,,,,,,,,,,,,,,
,,Marlboro County,,,,,,,,,,,,,,,,,,,,,,,,,,,,,,,,,,,,,,,,,,,,,,,,,,,,,,,,
,,McCormick County,,,,,,,,,,,,,,,,,,,,,,,,,,,,,,,,,,,,,,,,,,,,,,,,,,,,,,,,
,,Newberry County,,,,,,,,,,,,,,,,,,,,,,,,,,,,,,,,,,,,,,,,,,,,1,1,,,,,,,,,,,
,,Oconee County,,,,,,,,,,,,,,,,,,,,,,,,,,,,,,,,,,,,,,,,,,,,1,1,,,,,,,,,,,
,,Orangeburg County,,,,,,,,,,,,,,,,,,,,,,,,,,,,,,,,,,,,,,,,,,,,,,,,,,,,,,,,
,,Pickens County,,,,,,,,,,,,,,,,,,,,,,,,,,,,,,,,,,,,,,,,,,,,,,,,,,,,,,,,
,,Richland County,,,,,,,,,,,,,,,,,,,,,,,,,,,,,,,,,,,,,,,,,,,,2,2,,,,,,,,,,,
,,Saluda County,,,,,,,,,,,,,,,,,,,,,,,,,,,,,,,,,,,,,,,,,,,,,,,,,,,,,,,,
,,Sumter County,,,,,,,,,,,,,,,,,,,,,,,,,,,,,,,,,,,,,,,,,,,,,,,,,,,,,,,,
,,Union County,,,,,,,,,,,,,,,,,,,,,,,,,,,,,,,,,,,,,,,,,,,,,,,,,,,,,,,,
,,Williamsburg County,,,,,,,,,,,,,,,,,,,,,,,,,,,,,,,,,,,,,,,,,,,,,,,,,,,,,,,,
,,York County,,,,,,,,,,,,,,,,,,,,,,,,,,,,,,,,,,,,,,,,,,,,,,,,,,,,,,,,
,,"United States Department of Energy, Savannah River Project",,1,,1,,,,,,,,,,,,,,,,,,,5,,,,,,,,,37,,,,30,,,2,5,,,,8,7,1,,,,,,2,,,,1
SOUTH DAKOTA,Cities,Aberdeen,"26,593",303,45,257,1,,,,,1,61,24,,1,36,6,,6,3,,89,23,207,,,54,12,14,28,,,414,,,38,,,77,,299,28,1,6,234,140,94,,,,,,18,4,4,,14
,,Armour,700,,,,,,,,,,,,,,,,,,,,,,,,,,,,,,,,,,,,,,,,,,,1,1,,,,,,,,,,,
,,Avon,587,,,,,,,,,,,,,,,,,,,,,,,,,,,,,,,,,,,,,,,,,,,,,,,,,,,,,,,
,,Belle Fourche,"5,739",53,15,30,8,,,,,4,19,9,,,10,,,,,,34,5,62,,1,6,2,1,3,,,108,,,,5,,20,1,82,1,,6,42,21,21,,,,,,,,,,6
,,Beresford,"2,072",8,2,5,1,,,,,,,,,,,,,,,,5,1,5,,,2,1,1,,,,14,,,,7,1,4,1,1,2,,,8,5,3,,,,,,,,,,
,,Box Elder,"7,997",147,15,114,18,,,,,,12,9,,,3,2,,2,,,5,1,64,,,25,9,7,8,,1,190,,1,3,56,,23,5,102,9,,,63,44,19,,,,,,2,,,,2
,,Brandon,"9,008",20,1,19,,,,,,,,,,,,,,,,,2,,10,,,,,,,,,29,,,4,7,,7,,11,1,,,7,3,4,,,,,,,,,,
,,Brookings,"22,478",93,8,85,,,,,,,,,,,,3,2,1,,,,2,16,,,,,,,,,40,,,9,14,,10,,7,,,,125,94,31,,,,,,,,,,4
,,Burke,603,,,,,,,,,,,,,,,,,,,,,,,,,,,,,,,,,,,,,,,,,,,,,,,,,,,,,,,
,,Canton,"3,224",31,10,16,5,,,,,,1,1,,,,,,,,,15,,14,2,,3,1,1,1,,,43,,,,13,,24,1,5,3,,1,13,9,4,,,,,,,,,,2
,,Centerville,890,2,,2,,,,,,,,,,,,,,,,,,,,,,,,,,,,2,,,,,,2,,,,,,,,,,,,,,,,,,
,,Chamberlain,"2,427",90,8,69,13,,,,,,4,3,,,1,,,,,,18,2,30,,,10,9,1,,,,77,,,1,4,,12,,60,8,,,12,7,5,,,,,,,,,,1
,,Deadwood,"1,298",44,2,42,,,,,,,,,,,,,,,,,1,,14,,,,,,,,,25,,,,12,,5,2,6,3,,,48,28,20,,,,,,,,,,1
,,Eagle Butte,"1,350",1,1,,,,,,,,,,,,,,,,4,,5,,6,,,1,,,1,,,3,,,,,,3,,,,,,1,1,,,,,,,,,,,
,,Estelline,786,5,1,3,1,,,,,,1,,,,1,,,,,,3,,3,,,,,,,,,6,,,,,,4,,2,,,,,,,,,,,,,,,,
,,Faith,429,1,,1,,,,,,,,,,,,,,,,,,,,,,,,,,,,1,,,,,,,,1,,,,,,,,,,,,,,,,
,,Flandreau,"2,363",55,6,49,,,,,,,4,3,,,1,,,,1,,5,1,33,,,2,1,1,,,,47,1,,20,5,,7,,14,1,,,37,37,,,,,,,1,,,,
,,Freeman,"1,305",3,1,1,1,,,,,,,,,,,,,,,,2,,,,,2,,,,,2,2,,,1,,,,,1,1,,,,,,,,,,,,,,,
,,Gettysburg,"1,192",3,1,2,,,,,,,,,,,,,,,,,,,1,,,,,,,,,,,,,,,,,,1,,,,,,,,,,,,,,,
,,Hermosa,408,,,,,,,,,,,,,,,,,,,,,,,,,,,,,,,,,,,,,,,,,,,,,,,,,,,,,,,
,,Hot Springs,"3,694",47,6,41,,,,,,,1,,,,1,,,,,,8,2,12,,,,,,,,,12,,,5,4,,1,,2,5,,,18,14,4,,,,,,,,,,
,,Hoven,418,,,,,,,,,,,,,,,,,,,,,,,,,,,,,,,,,,,,,,,,,,,,,,,,,,,,,,,
,,Huron,"12,849",171,32,121,18,,,,,3,14,9,,,5,,,,12,,63,14,211,2,,38,8,13,16,,1,349,,3,20,72,3,64,12,175,18,,5,113,79,34,,,,,,,,,,3
,,Irene,428,,,,,,,,,,,,,,,,,,,,,,,,,,,,,,,1,,,,,,,1,,,,,,,,,,,,,,,,,
,,Jefferson,562,1,,1,,,,,,,,,,,,,,,,,,,,,,,,,,,,1,,,,,,,,1,,,,,,,,,,,,,,,,
,,Kadoka,690,5,3,2,,,,,,,,,,,,,,,,,5,,2,,,,,,,,,2,,,,,,,,2,1,,,,,,,,,,,,,,,
,,Kimball,715,,,,,,,,,,,,,,,,,,,,,,,,,,,,,,,1,,,1,,,,,,,,,,,,,,,,,,,,,
,,Lead,"3,189",29,4,25,,,,,,,,,,,,,,,,,5,,12,,,,,,,,,28,,,1,6,1,5,,15,4,,,14,10,4,,,,,,,,,,
,,Lemmon,"1,247",,,,,,,,,,,,,,,,,,,,,,,,,,,,,,,1,,,,,,,,1,,,,,,,,,,,,,,,,
,,Lennox,"2,225",13,1,9,3,,,,,,2,,,,2,,,,,,1,,,1,,3,1,1,1,,,8,,,,3,,4,,1,1,,1,7,4,3,,,,,,,,,,2
,,Leola,461,,,,,,,,,,,,,,,,,,,,,,,,,,,,,,,,,,,,,,,,,,,,,,,,,,,,,,,
,,Madison,"6,723",38,2,34,2,1,1,,,,2,2,,,,1,,1,,,15,4,30,1,,5,1,4,,,,75,,,6,5,,19,7,38,5,,,53,30,23,,,,,,1,,,,
,,Martin,"1,086",39,8,25,6,,,,,1,,,,,,,,,1,,2,1,14,,,2,,,1,1,,9,,,3,3,,2,,1,3,,2,26,22,4,,,,,,,,,,2
,,McIntosh,173,,,,,,,,,,,,,,,,,,,,,,,,,,,,,,,,,,,,,,,,,,,,,,,,,,,,,,,
,,Menno,608,,,,,,,,,,,,,,,,,,,,,,,,,,,,,,,,,,,,,,,,,,,,,,,,,,,,,,,
,,Miller,"1,502",5,,5,,,,,,,,,,,,1,,1,,,3,,5,,,,,,,,,3,,,,2,,1,,,,,,,,,,,,,,,,,,
,,Mitchell,"15,541",322,31,291,,,,,,1,29,17,,,12,21,8,13,3,,58,16,192,8,,3,1,,2,,,354,,,82,37,,55,,180,22,3,8,224,144,80,,,,,,4,,,,11
,,Mobridge,"3,593",67,4,63,,,,,,,2,2,,,,,,,,,9,,31,,,,,,,,,61,,,24,15,,6,,16,4,,,39,25,14,,,,,,,,,,
,,North Sioux City,"2,604",15,,14,1,,,,,,,,,,,,,,,,,2,11,,,11,1,8,2,,,28,,2,,9,,4,,13,1,,,56,41,15,,,,,,,,,,
,,Parkston,"1,505",26,,26,,,,,,,,,,,,,,,,,4,2,2,,,3,2,1,,,,7,,,1,1,,3,1,1,2,,,1,1,,,,,,,,,,,
,,Philip,776,,,,,,,,,,,,,,,,,,,,,,,,,,,,,,,,,,,,,,,,,,,,,,,,,,,,,,,
,,Pierre,"14,016",251,28,201,22,1,1,,,7,40,17,,,23,3,,3,2,,59,28,148,,1,21,10,3,8,,,469,,,1,133,,52,4,279,21,2,8,172,115,57,,,,,,2,,,,3
,,Rapid City,"69,979","1,690",257,"1,319",114,5,4,,1,25,189,112,8,1,68,5,,5,15,,577,87,574,39,,527,266,93,167,1,,"2,853",,,908,17,,909,8,"1,011",242,55,64,817,472,345,,,,,,27,13,3,10,71
,,Rosholt,433,,,,,,,,,,,,,,,,,,,,1,,,,,,,,,,,,,,,,,,,,,,,,,,,,,,,,,,,
,,Scotland,837,,,,,,,,,,,,,,,,,,,,,,,,,,,,,,,,,,,,,,,,,,,,,,,,,,,,,,,
,,Selby,664,5,2,3,,,,,,,,,,,,,,,,,,,3,,,,,,,,,3,,,,2,,1,,,,1,,,,,,,,,,,,,,1
,,Sioux Falls,"158,354","2,200",420,"1,613",167,2,2,,,34,173,141,4,,28,87,12,75,56,,845,173,"1,953",88,2,548,169,144,233,2,,"4,080",36,15,"1,277",458,7,721,81,"1,485",300,71,67,"2,350","1,310","1,040",,,,,,20,39,22,17,40
,,Sisseton,"2,530",116,8,108,,,,,,1,,,,,,,,,,,10,1,51,,,1,,1,,,,54,,,34,9,,6,1,4,5,,,93,69,24,,,,,,,,,,1
,,Spearfish,"10,704",128,10,97,21,,,,,1,13,8,1,,4,2,,2,,,46,12,131,3,1,37,13,14,10,,,339,7,5,63,91,1,52,7,113,8,,2,154,82,72,,,,,,2,2,,2,9
,,Springfield,"1,999",,,,,,,,,,,,,,,,,,,,,,,,,,,,,,,,,,,,,,,,,,,,,,,,,,,,,,,
,,Sturgis,"6,731",57,3,51,3,,,,,,1,1,,,,3,,3,,,22,7,92,1,,6,2,3,,,1,116,,,17,30,,21,4,44,5,,2,208,117,91,,,,,,,,,,7
,,Summerset,"1,841",2,,2,,,,,,,1,,,,1,,,,,,1,,4,,,2,1,,,,1,6,,,,3,,1,,2,1,,,49,48,1,,,,,,,,,,2
,,Tea,"4,021",40,8,26,6,,,,,,,,,,,1,,1,1,,25,,31,2,,4,1,1,,,2,64,,,2,13,1,15,4,29,8,,,43,22,21,,,,,,,,,,1
,,Tripp,646,3,,3,,,,,,,,,,,,,,,,,1,,,,,,,,,,,,,,,,,,,,,,,,,,,,,,,,,,,
,,Tyndall,"1,064",,,,,,,,,,,,,,,,,,,,,,,,,,,,,,,,,,,,,,,,,,,,,,,,,,,,,,,
,,Vermillion,"10,826",160,25,107,28,,,,,1,16,4,,,12,1,,1,,,33,17,133,,,,,,,,,220,1,1,26,39,,53,7,93,10,1,,81,55,26,,,,,,1,,,,4
,,Viborg,791,,,,,,,,,,,,,,,,,,,,,,,,,,,,,,,,,,,,,,,,,,,,,,,,,,,,,,,
,,Wagner,"1,599",17,,17,,,,,,,,,,,,,,,,,,2,4,,,,,,,,,23,,,21,2,,,,,,,,22,20,2,,,,,,,,,,
,,Watertown,"21,902",447,47,315,85,,,,,9,37,15,5,1,16,11,,11,2,,102,22,254,9,,110,45,5,60,,,460,,,103,153,2,61,12,129,26,2,9,322,188,134,,,,,,12,1,1,,12
,,Whitewood,949,8,,8,,,,,,,,,,,,,,,,,,1,,,,,,,,,,2,,,,,,,,2,,,,1,1,,,,,,,,,,,
,,Winner,"2,914",50,4,39,7,,,,,,1,,,,1,,,,,,1,,5,,,2,1,,1,,,10,,,4,1,,1,,4,3,,,25,17,8,,,,,,,,,,
,,Worthing,926,,,,,,,,,,,,,,,,,,,,,,,,,,,,,,,,,,,,,,,,,,,,,,,,,,,,,,,
,,Yankton,"14,728",202,21,165,16,,,,,3,52,23,2,,27,,,,1,,58,17,152,1,,31,14,,17,,,408,,,2,16,,15,1,374,20,2,12,200,146,54,,,,,,,,,,6
,Universities and Colleges,South Dakota State University,"12,725",2,,1,1,,,,,,,,,,,,,,,,,,7,,,,,,,,,46,,,,18,,10,1,17,,,,131,68,63,,,,,,,,,,1
,Metropolitan Counties,Custer,,17,4,13,,,,,,,1,1,,,,,,,,,7,,8,2,,,,,,,,20,,,2,4,,3,,11,4,,,8,6,2,,,,,,,,,,
,,Lincoln,,71,7,56,8,,,,,1,24,3,,,21,,,,2,,71,2,83,3,1,4,2,,2,,,109,,,,17,1,17,4,70,13,,7,60,34,26,,,,,,2,2,2,,2
,,McCook,,20,2,17,1,,,,,,4,1,,1,2,,,,,,11,,29,,,2,1,,1,,,26,,,,16,,3,1,6,2,,,16,11,5,,,,,,,,,,
,,Meade,,15,8,7,,,,,,,2,1,,,1,,,,,,8,,16,,,2,1,,,1,,12,,,,2,,4,,6,2,,,18,16,2,,,,,,,,,,
,,Minnehaha,,219,27,182,10,,,,,1,23,14,,,9,11,,11,6,,82,13,180,2,,44,8,26,10,,,237,,2,1,29,2,61,9,133,11,,3,361,194,167,,,,,,19,1,,1,19
,,Pennington,,293,43,244,6,,,,,4,42,21,6,,15,1,,1,6,,109,14,179,3,,72,29,,43,,,397,,,3,5,,80,11,298,18,,19,203,115,88,,,,,,5,,,,26
,,Turner,,50,7,39,4,,,,,2,,,,,,4,,4,,,21,1,10,,,7,3,3,1,,,21,,,,3,,4,1,13,4,,1,18,11,7,,,,,,,,,,1
,,Union,,19,4,12,3,,,,,,,,,,,,,,,,14,1,18,,,5,1,1,3,,,63,,,1,,1,7,7,47,2,,,67,37,30,,,,,,2,,,,1
,Nonmetropolitan Counties,Aurora,,13,,13,,,,,,,,,,,,,,,,,6,,5,,,1,1,,,,,11,,,,4,2,4,,1,1,,,6,5,1,,,,,,,,,,
,,Beadle,,10,2,8,,,,,,,,,,,,,,,,,3,,15,,,1,,1,,,,23,,,,9,,3,,11,3,,,,,,,,,,,,,,,
,,Bennett,,6,,6,,,,,,1,1,1,,,,,,,,,,,8,,,,,,,,,6,,,,6,,,,,1,,,32,32,,,,,,,,,,,
,,Bon Homme,,4,,4,,,,,,,,,,,,,,,,,1,,,,,,,,,,,,,,,,,,,,,,,3,3,,,,,,,,,,,
,,Brookings,,38,2,30,6,,,,,,1,,,,1,,,,2,,11,2,59,,1,14,8,3,3,,,48,,,1,21,,11,4,11,3,,,35,20,15,,,,,,2,,,,1
,,Brown,,22,3,19,,,,,,,,,,,,,,,,,11,1,8,,,,,,,,,18,,,,5,,2,,11,3,,,74,45,29,,,,,,,,,,1
,,Butte,,21,,17,4,,,,,,4,3,,,1,,,,1,,12,3,10,,,8,4,4,,,,29,,,,2,,4,2,21,2,,4,6,4,2,,,,,,1,,,,
,,Campbell,,1,,1,,,,,,,,,,,,1,,1,1,,1,,3,,,1,,1,,,,4,,,,2,,,1,1,2,,,,,,,,,,,,,,,
,,Charles Mix,,45,9,35,1,1,1,,,,2,2,,,,,,,1,,29,4,28,,,3,1,1,1,,,20,,,4,4,,7,,5,3,,3,52,41,11,,,,,,,,,,3
,,Clark,,1,,1,,,,,,,,,,,,,,,,,3,,,,,,,,,,,1,,,,,,,,1,,,,2,2,,,,,,,,,,,
,,Clay,,27,3,20,4,,,,,,5,2,,,3,,,,,,8,2,17,2,,1,,,1,,,46,,,3,12,,4,3,24,3,1,,23,15,8,,,,,,3,,,,2
,,Codington,,48,6,40,2,,,,,,1,1,,,,,,,,,20,3,52,,,5,3,1,1,,,40,,,,8,,2,1,29,5,,1,60,45,15,,,,,,1,,,,1
,,Corson,,4,1,2,1,,,,,,,,,,,,,,,,14,,13,,,2,,2,,,,6,,,,3,,1,1,1,4,,1,15,14,1,,,,,,,,,,1
,,Davison,,20,5,15,,,,,,,2,1,,,1,1,,1,,,1,,6,,,1,1,,,,,13,,,,4,,,1,8,2,,,15,14,1,,,,,,,,,,
,,Deuel,,4,,4,,2,2,,,,2,1,,,1,1,,1,,,15,,24,,,,,,,,,14,,,,2,,2,3,7,4,,,7,5,2,,,,,,,,,,
,,Dewey,,10,2,8,,,,,,,,,,,,,,,,,2,,2,,,,,,,,,,,,,,,,,,,,,,,,,,,,,,,,,
,,Douglas,,5,,3,2,,,,,,,,,,,,,,,,,,1,,,1,1,,,,,,,,,,,,,,,,,1,1,,,,,,,,,,,
,,Edmunds,,7,,7,,,,,,,,,,,,,,,,,,,1,,,,,,,,,,,,,,,,,,1,,,10,7,3,,,,,,,,,,
,,Faulk,,9,1,6,2,,,,,,,,,,,,,,,,,,5,,,3,,1,2,,,2,,,,1,,,,1,,,,2,2,,,,,,,,,,,
,,Hamlin,,11,2,7,2,,,,,,1,1,,,,,,,,,13,,23,,,2,1,1,,,,24,,,,5,,1,3,15,2,,,4,4,,,,,,,,,,,2
,,Hand,,6,4,2,,,,,,,1,,,,1,,,,,,,,6,,,,,,,,,9,,,,2,,4,,3,,,1,,,,,,,,,,,,,
,,Hanson,,2,1,1,,,,,,,1,1,,,,,,,,,1,,1,,,,,,,,,2,,,,1,,,,1,,,,4,2,2,,,,,,,,,,2
,,Harding,,4,1,3,,,,,,,,,,,,,,,,,,,1,,,1,1,,,,,,,,,,,,,,,,,2,1,1,,,,,,1,,,,
,,Hughes,,18,3,15,,,,,,,6,1,,,5,,,,,,6,,7,,,3,2,,1,,,11,,,,1,,1,,9,3,,,60,58,2,,,,,,,1,1,,3
,,Hutchinson,,5,2,3,,,,,,,,,,,,,,,,,1,,,,,,,,,,,,,,,,,,,,,,,2,1,1,,,,,,,,,,
,,Jerauld,,3,,3,,,,,,,,,,,,,,,,,1,,2,,,,,,,,,3,,,,1,,2,,,1,,,18,16,2,,,,,,,,,,
,,Lawrence,,61,7,52,2,,,,,,2,1,,,1,1,,1,,,12,3,,,,7,,,7,,,166,,,,1,,1,,164,,,,44,25,19,,,,,,,,,,3
,,Marshall,,22,9,13,,,,,,,6,6,,,,,,,,,11,,28,,,4,1,1,2,,,25,,,3,,,4,1,17,5,,,9,8,1,,,,,,,,,,
,,McPherson,,1,,1,,,,,,,,,,,,,,,,,,,1,,,,,,,,,1,,,,1,,,,,,,,3,2,1,,,,,,,,,,
,,Mellette,,14,2,12,,,,,,,,,,,,,,,,,6,,14,,,2,,1,1,,,8,,,1,,,1,,6,2,,,22,14,8,,,,,,,,,,2
,,Miner,,,,,,,,,,,,,,,,,,,,,6,1,1,,,,,,,,,2,,,,2,,,,,,1,,1,1,,,,,,,,,,,1
,,Moody,,20,2,18,,,,,,,1,1,,,,,,,,,5,,15,,,1,,1,,,,26,,,,8,,4,,14,2,,,21,17,4,,,,,,,,,,1
,,Perkins,,2,,2,,,,,,,,,,,,,,,,,2,,5,,,,,,,,,7,,,,2,,3,,2,1,,,1,1,,,,,,,,,,,
,,Potter,,2,1,1,,,,,,,,,,,,,,,,,,,2,,,,,,,,,,,,,,,,,,,,,1,1,,,,,,,,,,,
,,Roberts,,41,13,28,,,,,,,1,,,,1,,,,,,6,,20,,,2,,,2,,,18,,,,7,,2,3,6,4,,,29,24,5,,,,,,1,,,,
,,Spink,,37,6,31,,,,,,,9,4,,,5,,,,3,,7,1,38,,,2,,1,,,1,32,,,3,1,,2,3,23,4,,1,9,9,,,,,,,,,,,3
,,Stanley,,12,3,9,,,,,,1,3,2,,,1,2,,2,,,17,1,5,,1,,,,,,,22,,,,,,,,22,,,5,5,2,3,,,,,,,,,,1
,,Tripp,,5,2,3,,,,,,,,,,,,1,,1,,,6,,3,,,,,,,,,4,,,,4,,,,,,,,1,1,,,,,,,,,,,1
,,Walworth,,6,1,5,,,,,,,,,,,,,,,,,1,,2,,,,,,,,,4,,1,,2,,1,,,1,,,3,3,,,,,,,,,,,1
,,Yankton,,58,10,41,7,,,,,,8,3,,,5,,,,1,,30,3,42,,,7,5,,2,,,79,,,,6,1,11,10,51,10,1,6,39,34,5,,,,,,,,,,3
,,Ziebach,,,,,,,,,,,,,,,,,,,,,,,,,,,,,,,,,,,,,,,,,1,,,,,,,,,,,,,,,
,Other Agencies,Division of Criminal Investigation,,15,6,6,3,5,3,2,,3,6,2,,1,3,2,,2,1,,5,1,2,,,,,,,,,1,,,,,,,,1,2,,1,36,34,2,,,,,,7,1,1,,3
TENNESSEE,Cities,Adamsville,"2,227",28,2,15,11,,,,,,1,,,,1,,,,1,,12,1,16,,,3,,3,,,,35,1,1,1,17,,5,4,6,1,,,6,6,,,,,,,,,,,
,,Alamo,"2,476",75,14,34,27,,,,,,4,4,,,,,,,,,12,3,16,1,,4,3,1,,,,43,,,2,21,,9,5,6,3,1,,8,8,,,,,,,,,,,3
,,Alcoa,"8,587",272,50,189,33,,,,,2,14,7,1,1,5,1,,1,1,,90,52,70,13,,186,96,80,10,,,457,1,1,188,79,5,81,18,84,28,14,3,260,133,127,,,,,,,1,1,,30
,,Alexandria,981,12,2,9,1,,,,,,,,,,,,,,,,3,1,6,1,,2,1,1,,,,9,,,2,1,,2,1,3,,1,,14,9,5,,,,,,,,,,
,,Algood,"3,555",52,15,26,11,,,,,,1,1,,,,,,,,,21,2,34,1,,12,6,4,1,,1,133,,,73,17,1,18,2,22,,1,,35,18,17,,,,,,1,,,,1
,,Ardmore,"1,219",24,2,14,8,,,,,,,,,,,,,,,,13,7,17,1,,2,1,,1,,,18,,1,3,6,,6,,2,,2,,15,10,5,,,,,,,,,,
,,Ashland City,"4,575",182,24,109,49,,,,,,6,1,1,,4,1,,1,1,,37,17,48,5,,24,6,7,11,,,182,,,63,19,1,47,9,43,6,3,,98,59,39,,,,,,,,,,7
,,Athens,"13,632",570,130,390,50,,,,,9,17,9,,,8,2,,2,3,,232,77,220,23,,242,150,69,18,,5,911,,1,318,181,1,157,59,194,51,32,10,398,224,174,,,,,,29,,,,43
,,Atoka,"8,488",64,6,53,5,,,,,,10,3,1,,6,1,,1,2,,33,5,52,1,,9,,4,1,,4,91,,,12,9,,27,6,37,9,1,2,29,21,8,,,,,,3,,,,1
,,Baileyton,438,14,3,9,2,,,,,,,,,,,,,,,,2,3,3,,,2,2,,,,,12,,,2,2,,1,4,3,,,,3,1,2,,,,,,,,,,2
,,Baneberry,488,,,,,,,,,,,,,,,,,,,,,,1,,,,,,,,,,,,,,,,,,,,,,,,,,,,,,,,,
,,Bartlett,"55,510",582,107,319,156,,,,,6,21,7,3,,11,5,,5,4,,125,35,178,10,1,78,20,36,22,,,633,2,,149,136,4,155,58,129,29,19,6,419,280,139,,,,,,,,,,16
,,Baxter,"1,388",66,7,35,24,,,,,1,3,1,,,2,,,,1,,16,5,17,,,3,,2,1,,,39,,,7,18,,6,2,6,5,2,1,23,16,7,,,,,,,,,,1
,,Bean Station,"2,865",56,15,32,9,,,,,,3,2,,,1,,,,,,23,7,34,,,1,,1,,,,89,,,7,22,1,16,6,37,11,,,21,12,9,,,,,,,,,,2
,,Belle Meade,"2,978",4,,3,1,,,,,,,,,,,,,,,,10,,3,,,2,1,,1,,,34,,,,11,,13,1,9,,,,3,2,1,,,,,,,,,,
,,Bells,"2,452",73,28,28,17,,,,,,4,1,,,3,1,,1,,,11,14,22,5,3,17,9,4,4,,,27,1,,2,2,,5,,17,1,1,1,26,19,7,,,,,,,,,,1
,,Benton,"1,393",31,6,22,3,,,,,,,,,,,2,1,1,,,4,4,11,,,3,2,1,,,,24,,,9,5,,2,2,6,,,,63,38,25,,,,,,,,,,5
,,Berry Hill,550,10,3,3,4,,,,,,2,,,1,1,,,,1,,6,2,7,4,,11,7,1,2,,1,49,,,14,5,,10,,20,,4,,4,3,1,,,,,,,,,,2
,,Big Sandy,561,1,1,,,,,,,,1,,,,1,,,,,,2,1,,,,1,1,,,,,1,,,,,,1,,,1,,,,,,,,,,,,,,,
,,Blaine,"1,881",6,1,5,,,,,,1,1,1,,,,,,,1,,9,1,11,,,3,2,1,,,,14,,,1,4,,,,9,1,,,,,,,,,,,,,,,
,,Bluff City,"1,753",46,6,31,9,,,,,2,,,,,,,,,,,8,4,13,3,,4,4,,,,,36,1,1,4,12,,3,1,14,,,,29,13,16,,,,,,,,,,1
,,Bolivar,"5,371",213,43,118,52,1,1,,,,2,,,,2,1,,1,1,,59,21,75,2,,25,7,6,9,,3,157,,,35,29,,15,25,53,8,9,4,67,49,18,,,,,,,1,1,,6
,,Bradford,"1,062",13,,12,1,,,,,1,,,,,,,,,,,2,,4,,,3,1,,2,,,6,,,1,3,,,,2,,,,6,6,,,,,,,,,,,
,,Brighton,"2,769",18,1,12,5,,,,,,,,,,,,,,,,11,2,18,,,2,,,2,,,39,,,,13,,10,3,13,1,1,1,18,15,3,,,,,,3,,,,
,,Bristol,"27,024",745,122,613,10,,,,,11,55,12,2,2,39,2,,2,5,,186,178,396,32,,451,171,85,194,1,,863,,1,243,165,2,136,82,234,69,9,8,250,171,79,,,,,,4,,,,26
,,Brownsville,"10,201",457,103,298,56,,,,,2,12,3,,,9,1,,1,2,1,145,38,178,,,59,23,15,21,,,278,,,68,68,1,29,16,96,11,7,3,140,104,36,,,,,,1,,,,12
,,Bruceton,"1,486",16,3,13,,,,,,1,,,,,,,,,,,6,2,6,,,4,2,2,,,,16,,,3,6,,,,7,,,,15,8,7,,,,,,,,,,
,,Burns,"1,492",7,2,5,,,,,,,,,,,,,,,,,6,1,5,,,3,1,2,,,,19,,,3,2,,2,,12,,,,1,1,,,,,,,,,,,
,,Calhoun,497,5,,3,2,,,,,,,,,,,,,,,,,,1,,,,,,,,,5,,,1,1,,,,3,,,,5,5,,,,,,,,,,,
,,Camden,"3,598",58,9,33,16,,,,,,2,2,,,,,,,,,33,9,43,1,,47,4,38,3,,2,123,,4,49,30,,22,1,17,6,,,21,16,5,,,,,,,,,,2
,,Carthage,"2,324",22,2,16,4,,,,,,,,,,,,,,,,17,,15,,,3,,2,1,,,47,,,7,11,1,16,1,11,4,2,,12,11,1,,,,,,,,,,
,,Caryville,"2,304",55,6,22,27,,,,,,4,2,,,2,,,,1,,22,,42,1,,5,4,1,,,,70,,,3,21,,24,3,19,7,,,30,14,16,,,,,,,,,,1
,,Celina,"1,489",23,4,17,2,,,,,,,,,,,1,,1,,,8,2,5,,,1,,1,,,,19,,,11,,,2,1,5,,,,65,45,20,,,,,,,,,,2
,,Centerville,"3,630",79,4,64,11,,,,,,1,,,,1,,,,,,22,7,32,,,11,3,1,7,,,70,,1,6,31,,10,2,20,2,,,62,43,19,,,,,,,,,,4
,,Chapel Hill,"1,470",14,4,10,,,,,,,,,,,,,,,,,3,2,16,7,,1,1,,,,,10,,,,,,,,10,1,,1,2,1,1,,,,,,,,,,
,,Charleston,663,6,,5,1,,,,,,,,,,,,,,,,6,,1,,,1,,1,,,,11,,,,5,,3,,3,2,,,12,7,5,,,,,,,,,,
,,Church Hill,"6,773",108,13,56,39,,,,,2,1,1,,,,,,,,,26,7,34,1,1,20,12,4,4,,,105,,,19,36,2,16,5,27,7,1,1,66,32,34,,,,,,1,,,,5
,,Clarksburg,394,2,,2,,,,,,,,,,,,,,,,,1,,1,,,1,,1,,,,1,,,,,,1,,,,,,3,3,,,,,,,,,,,
,,Clarksville,"137,356","3,361",723,"2,327",311,10,10,,,82,156,46,16,17,77,24,1,23,25,6,983,191,937,67,4,"1,029",312,423,292,,2,"2,630",5,,716,748,11,573,150,427,165,99,30,"2,366","1,528",838,4,2,,2,,35,44,17,27,249
,,Cleveland,"42,068","1,319",304,693,322,,,,,13,86,30,9,5,42,3,,3,5,,408,169,608,39,4,553,257,236,46,,14,"1,773",4,,687,404,4,230,133,311,79,39,8,418,264,154,1,,,1,,4,1,1,,29
,,Clifton,"2,712",9,3,6,,,,,,,,,,,,,,,,,2,,2,,,,,,,,,1,,,,,,1,,,1,,,13,12,1,,,,,,,,,,1
,,Clinton,"9,936",241,58,153,30,,,,,4,4,3,,,1,3,,3,2,,72,33,75,14,1,115,50,43,18,,4,306,,,122,66,5,34,25,54,29,5,2,197,134,63,,,,,,1,,,,6
,,Collegedale,"8,353",50,8,35,7,,,,,1,5,1,,2,2,,,,1,,17,10,14,2,,36,9,19,8,,,123,1,,48,19,1,37,2,15,5,1,3,121,69,52,,,,,,,1,1,,11
,,Collierville,"44,690",510,66,294,150,,,,,3,22,5,8,,9,4,,4,1,,81,66,304,39,,178,48,45,76,,9,802,3,,241,168,11,171,39,169,18,7,5,523,336,187,,,,,,6,,,,23
,,Collinwood,985,7,1,2,4,,,,,,,,,,,1,1,,1,,1,1,3,,,,,,,,,7,,,2,1,,,,4,,,,2,2,,,,,,,,,,,1
,,Columbia,"35,203","1,492",235,977,280,5,4,1,,8,30,12,7,,11,7,,7,8,,296,70,200,30,,259,110,91,57,1,,"1,077",1,1,303,282,2,219,24,245,31,37,12,496,375,121,,,,,,1,3,2,1,42
,,Cookeville,"30,946",750,108,497,145,,,,,7,25,12,1,3,9,6,,6,1,,376,75,314,18,1,363,123,183,35,,22,"1,112",3,,305,284,11,218,110,181,57,26,9,513,301,212,,,,,,1,1,1,,32
,,Coopertown,"4,368",17,3,6,8,,,,,,,,,,,,,,,,8,1,4,1,,1,1,,,,,8,,,,,,2,2,4,4,1,,5,4,1,,,,,,,,,,
,,Cornersville,"1,215",27,6,15,6,,,,,,,,,,,,,,2,,2,2,3,,,2,1,,,,1,12,,,,6,,4,,2,,,,8,6,2,,,,,,,,,,
,,Cowan,"1,744",17,4,9,4,,,,,,,,,,,,,,,,5,,14,,,2,1,,1,,,16,,,,9,,1,,6,1,,,15,10,5,,,,,,,,,,2
,,Cross Plains,"1,749",15,1,11,3,,,,,,,,,,,,,,1,,4,,3,,,,,,,,,13,,,,5,,5,,3,,,,,,,,,,,,,,,,
,,Crossville,"10,993",441,135,255,51,,,,,1,27,11,,,16,3,,3,1,,244,92,201,11,,250,116,100,23,,11,860,1,2,279,218,7,164,76,113,43,17,6,338,215,123,,,,,,5,,,,27
,,Crump,"1,432",32,5,19,8,,,,,,1,1,,,,,,,,,15,3,8,,,3,,1,2,,,29,,,2,3,,2,5,17,,,,41,27,14,,,,,,,,,,2
,,Cumberland City,310,1,,1,,1,1,,,,,,,,,,,,,,5,5,5,,,6,6,,,,,2,,,,,,2,,,,,,1,,1,,,,,,,,,,
,,Cumberland Gap,498,7,3,1,3,,,,,,,,,,,,,,,,2,,1,,,,,,,,,6,,,1,2,,,,3,,,,5,3,2,,,,,,,,,,
,,Dandridge,"2,848",37,12,22,3,,,,,,1,1,,,,1,,1,,,16,7,15,,,12,10,2,,,,66,1,,11,28,,9,2,15,6,4,,72,42,30,,,,,,,,,,1
,,Dayton,"7,308",112,20,90,2,,,,,,2,2,,,,,,,,,56,18,66,3,,24,9,14,,,1,224,,,69,43,2,39,18,53,26,4,,100,57,43,,,,,,,,,,5
,,Decatur,"1,609",29,9,16,4,,,,,,,,,,,,,,,,10,,4,,,1,,,1,,,38,,1,11,15,,4,3,4,4,1,,31,21,10,,,,,,,,,,3
,,Decaturville,870,14,3,5,6,,,,,,,,,,,,,,,,7,1,4,,,1,1,,,,,7,,,1,1,,1,,4,1,,,2,2,,,,,,,,,,,
,,Decherd,"2,373",47,8,28,11,,,,,,2,2,,,,,,,,,24,4,14,,,9,4,2,3,,,26,,,5,11,,1,1,8,6,1,1,48,30,18,,,,,,,,,,1
,,Dickson,"14,780",474,50,258,166,1,1,,,1,14,7,,,7,,,,1,,99,56,153,12,1,111,45,27,34,,5,645,1,1,252,168,1,90,44,88,20,1,3,157,98,59,,,,,,,1,1,,7
,,Dover,"1,416",25,5,17,3,,,,,,1,,,,1,,,,1,,5,3,9,1,,3,2,1,,,,24,,,8,3,1,4,,8,2,1,,13,8,5,,,,,,,,,,
,,Dresden,"3,027",35,4,28,3,,,,,,,,,,,,,,1,,18,,17,1,,9,6,1,2,,,54,,,8,17,3,10,,16,2,,,59,45,14,,,,,,,,,,
,,Dunlap,"4,933",93,20,59,14,,,,,,6,1,,,5,1,,1,1,,54,16,46,,,12,8,2,2,,,191,3,5,101,46,1,17,4,14,15,2,,29,21,8,,,,,,,,,,3
,,Dyer,"2,372",31,4,21,6,,,,,,,,,,,,,,,,13,3,7,,,3,2,,1,,,28,,2,5,12,,5,1,3,2,,,2,2,,,,,,,,,,,
,,Dyersburg,"17,223","1,142",157,826,159,,,,,7,26,7,2,,17,2,,2,3,,269,52,423,9,,130,69,30,31,,,868,1,2,227,146,,139,51,302,25,20,,358,315,43,,,,,,1,3,1,2,12
,,Eagleville,623,,,,,,,,,,,,,,,,,,,,,,,,,2,,2,,,,1,,,,1,,,,,,,,10,5,5,,,,,,,,,,
,,East Ridge,"21,435",603,112,410,81,,,,,4,22,6,1,,15,2,,2,4,,233,68,89,11,,149,102,37,10,,,745,2,2,113,187,,212,91,138,86,33,8,104,72,32,,,,,,,2,1,1,21
,,Elizabethton,"14,240",330,29,158,143,1,,1,,1,10,2,,1,7,1,,1,1,,123,44,135,5,,114,45,52,15,,2,631,1,,201,31,,147,7,244,27,5,4,227,133,94,,,,,,,,,,11
,,Elkton,581,4,1,3,,,,,,,,,,,,,,,,,1,,,,,,,,,,,1,,,1,,,,,,,,,,,,,,,,,,,,,
,,Englewood,"1,552",17,2,12,3,,,,,,1,,,,1,,,,,,7,1,8,,,9,1,1,7,,,21,,,3,5,,3,4,6,1,,,100,50,50,,,,,,,,,,1
,,Erin,"1,322",25,5,18,2,,,,,,,,,,,,,,,,4,1,11,,1,2,1,1,,,,15,,,1,4,,4,1,5,6,,,10,8,2,,,,,,,,,,1
,,Erwin,"6,136",108,14,61,33,,,,,3,1,,,,1,2,,2,1,,20,5,31,2,,12,9,1,2,,,99,,1,7,62,1,20,,8,12,1,,60,34,26,,,,,,,,,,2
,,Estill Springs,"2,065",40,6,26,8,,,,,,,,,,,2,,2,,,5,,10,15,,2,,1,1,,,15,,,1,2,,4,,8,4,,,10,6,4,,,,,,,,,,1
,,Ethridge,472,11,1,8,2,,,,,,2,2,,,,,,,,,8,,10,,,2,1,1,,,,19,,,2,2,,4,2,9,,,,4,2,2,,,,,,,,,,
,,Etowah,"3,535",91,19,47,25,,,,,,7,6,1,,,,,,3,,43,6,43,1,,27,8,15,2,,2,93,,,20,18,,24,9,22,7,1,1,78,58,20,,,,,,1,,,,7
,,Fairview,"8,013",98,22,58,18,,,,,1,1,,,,1,1,,1,1,,24,12,30,,,38,8,3,3,,24,97,,1,14,21,1,36,4,20,4,1,,77,44,33,,,,,,,,,,7
,,Fayetteville,"6,896",381,62,192,127,1,1,,,3,5,3,1,,1,,,,1,,46,22,139,13,,56,31,24,1,,,371,,1,75,50,5,80,14,146,12,5,,125,87,38,,,,,,,6,5,1,6
,,Franklin,"64,848",452,70,334,48,1,1,,,6,29,11,3,1,14,1,,1,3,,91,41,181,46,3,254,79,44,131,,,912,4,1,390,192,,119,73,133,37,11,6,557,354,203,,,,,,7,10,9,1,26
,,Friendship,672,4,1,1,2,,,,,,2,,,,2,2,,2,,,,2,1,,,,,,,,,7,,,,3,,,2,2,,,,2,2,,,,,,,,,,,
,,Gadsden,472,13,6,5,2,,,,,,,,,,,,,,,,2,1,6,,,1,1,,,,,10,,,,3,,,1,6,,,,3,2,1,,,,,,,,,,
,,Gainesboro,952,29,9,17,3,,,,,,1,,,,1,,,,,,3,1,17,,,4,2,2,,,,23,,,4,10,,3,,6,2,1,,16,8,8,,,,,,,,,,1
,,Gallatin,"31,093",694,116,472,106,,,,,5,18,5,1,,12,1,,1,1,,101,51,153,18,1,174,47,66,49,,12,438,,2,148,97,,56,28,107,24,13,5,451,271,180,2,,1,1,,3,2,2,,21
,,Gallaway,688,11,4,5,2,,,,,,,,,,,,,,,,2,2,3,,,2,1,,1,,,5,,,,,,1,,4,1,,,3,2,1,,,,,,,,,,1
,,Gates,650,13,1,7,5,,,,,,,,,,,,,,,,8,1,7,,,1,1,,,,,8,,,,,,3,1,4,1,,,,,,,,,,,,,,,
,,Gatlinburg,"4,047",126,17,86,23,1,,,1,1,12,2,,,10,1,,1,,,172,21,77,20,,39,20,14,2,,3,279,,,19,103,26,60,5,66,18,11,,161,99,62,1,1,,,,,2,,2,12
,,Germantown,"39,484",249,24,163,62,,,,,,3,2,,,1,,,,6,,134,19,100,3,2,161,22,14,118,,7,482,,,44,127,1,226,20,64,11,5,4,108,61,47,1,1,,,,2,,,,19
,,Gibson,401,5,,2,3,,,,,,,,,,,,,,,,1,,3,1,,,,,,,,7,,,1,2,,1,,3,1,,,3,2,1,,,,,,,,,,
,,Gleason,"1,455",25,3,14,8,,,,,,,,,,,,,,,,2,,7,,,,,,,,,13,,,1,1,,,1,10,,,,13,10,3,,,,,,,,,,
,,Goodlettsville,"16,310",377,59,251,67,3,3,,,3,14,4,2,1,7,1,,1,1,,134,20,144,10,2,87,43,2,42,,,758,1,1,429,81,4,111,52,79,19,24,3,195,128,67,,,,,,,,,,17
,,Gordonsville,"1,222",10,3,6,1,,,,,,2,,,1,1,,,,,,5,1,7,1,,2,2,,,,,10,,,,4,,1,2,3,,,,5,3,2,,,,,,,,,,
,,Grand Junction,322,12,,4,8,,,,,,,,,,,,,,1,,4,1,2,,,1,,,1,,,17,,,9,1,,1,,6,2,,,14,13,1,,,,,,,,,,3
,,Graysville,"1,530",14,3,9,2,,,,,,,,,,,2,,2,,,3,,6,,,1,1,,,,,8,,,,2,,4,,2,2,,,13,9,4,,,,,,,,,,
,,Greenbrier,"6,568",117,9,76,32,,,,,,,,,,,,,,,,32,3,52,,,8,5,1,2,,,73,,,5,22,,14,11,21,6,1,,59,48,11,,,,,,,,,,2
,,Greeneville,"15,295",472,92,216,164,1,1,,,6,16,5,1,1,9,6,3,3,3,,191,138,231,9,,196,93,62,37,,4,795,4,5,192,119,11,175,32,257,39,18,2,132,79,53,,,,,,1,,,,10
,,Greenfield,"2,198",24,4,16,4,,,,,,,,,,,,,,,,9,,8,1,,1,1,,,,,16,,,4,3,,,1,8,1,1,,11,7,4,,,,,,,,,,1
,,Halls,"2,268",52,10,34,8,,,,,,,,,,,,,,1,,19,4,15,1,,6,4,1,1,,,20,,,3,5,,4,1,7,,1,2,29,23,6,2,,1,1,,,,,,4
,,Harriman,"6,363",103,22,70,11,,,,,,10,2,,,8,3,,3,3,,85,20,70,1,,18,2,9,7,,,183,,,40,58,1,24,2,58,15,3,,181,97,84,,,,,,1,,,,3
,,Henderson,"6,363",186,26,84,76,,,,,2,5,1,1,,3,,,,1,,74,12,70,4,,19,2,11,4,,2,74,,,8,20,1,15,3,27,3,,,70,44,26,,,,,,,,,,4
,,Hendersonville,"52,781",599,108,406,85,,,,,13,16,6,,,10,2,,2,10,,143,56,235,27,1,227,99,79,40,,9,783,1,2,356,139,4,85,54,142,31,13,15,528,280,248,1,1,,,,1,1,1,,31
,,Henning,950,2,,2,,,,,,,,,,,,,,,,,8,,1,,,,,,,,,9,,,2,6,,,,1,,,,,,,,,,,,,,,,
,,Henry,469,5,,1,4,,,,,,,,,,,,,,,,3,,6,,,1,,1,,,,11,,,,3,,2,,6,1,,,19,17,2,,,,,,,,,,
,,Hohenwald,"3,782",103,19,81,3,,,,,,1,,,,1,1,,1,1,,21,14,29,6,,16,3,12,,,1,105,,,17,29,1,17,6,35,6,4,,59,38,21,,,,,,,,,,6
,,Hollow Rock,723,12,4,6,2,,,,,,,,,,,,,,,,2,3,4,,,8,2,6,,,,8,,,,2,,,2,4,1,,,9,5,4,,,,,,,,,,2
,,Hornbeak,426,,,,,,,,,,,,,,,,,,,,2,,,,,,,,,,,1,,,,,,,,1,,,,,,,,,,,,,,,,
,,Humboldt,"8,563",391,94,234,63,1,,,1,2,11,3,1,1,6,3,1,2,7,,88,11,154,4,,22,9,5,8,,,247,,1,90,48,1,24,29,54,11,11,,164,117,47,,,,,,2,,,,13
,,Huntingdon,"4,009",72,13,50,9,,,,,,1,,1,,,,,,,,26,6,38,1,,28,7,21,,,,125,,,66,16,,8,6,29,3,1,1,46,30,16,,,,,,,,,,1
,,Huntland,877,18,2,11,5,,,,,1,,,,,,,,,,,4,3,7,,,1,,1,,,,7,1,,,1,,,1,4,,,,9,7,2,,,,,,,,,,1
,,Jacksboro,"2,027",47,7,24,16,,,,,,,,,,,,,,,,9,,39,3,,5,2,1,1,,1,134,,2,97,8,,13,4,10,,,,53,27,26,,,,,,,,,,1
,,Jackson,"65,725","2,987",770,"1,757",460,12,11,1,,26,46,22,,4,20,4,,4,21,1,977,220,"1,409",64,2,581,233,172,157,1,18,"2,170",5,5,566,588,12,317,214,463,132,192,26,"1,089",725,364,3,,3,,,3,7,7,,168
,,Jamestown,"1,982",35,9,23,3,,,,,,,,,,,1,,1,,,21,1,20,,,2,,1,1,,,150,2,7,71,45,,4,2,19,6,,1,46,28,18,,,,,,,,,,
,,Jasper,"3,304",65,12,41,12,,,,,,2,,,,2,,,,,,11,4,32,,,46,25,2,19,,,55,,,11,16,,10,5,13,5,1,,42,33,9,,,,,,,,,,8
,,Jefferson City,"8,149",170,11,116,43,,,,,,2,2,,,,,,,,,59,25,69,9,,66,51,11,4,,,301,1,1,116,66,13,28,12,64,12,10,,211,121,90,,,,,,,,,,11
,,Jellico,"2,366",25,5,14,6,,,,,3,,,,,,,,,,,19,,24,1,,8,4,3,1,,,65,,,6,22,,18,1,18,3,3,,48,33,15,,,,,,,,,,4
,,Johnson City,"64,342","1,244",253,812,179,1,1,,,15,35,14,4,1,16,4,,4,14,,491,163,541,40,,519,269,157,89,,4,"2,265",9,3,740,457,14,562,160,320,102,52,12,671,405,266,,,,,,5,5,4,1,68
,,Jonesborough,"5,146",58,11,33,14,,,,,2,1,,1,,,,,,2,,15,13,27,5,,47,9,28,10,,,94,,,12,18,,36,4,24,2,,,71,47,24,,,,,,1,,,,2
,,Kenton,"1,295",40,3,25,12,,,,,,1,1,,,,,,,,,8,,4,2,,2,,1,1,,,19,,,3,2,,7,,7,1,,,3,2,1,,,,,,,,,,
,,Kimball,"1,407",42,5,15,22,,,,,,1,,,,1,,,,,,8,8,23,,,7,1,4,2,,,100,,1,41,40,1,10,1,6,5,,,29,22,7,,,,,,,,,,1
,,Kingsport,"49,639","1,664",284,"1,265",115,5,2,2,1,20,83,31,1,1,50,9,,9,14,,417,373,815,51,2,779,261,390,116,1,11,"2,405",4,1,743,584,10,414,158,491,124,50,17,708,462,246,,,,,,3,6,4,2,46
,,Kingston,"5,946",65,4,32,29,1,1,,,1,2,1,,,1,,,,4,,20,3,28,1,1,16,8,5,3,,,78,,,6,18,1,15,3,35,5,6,,22,16,6,,,,,,,,,,
,,Kingston Springs,"2,777",8,,7,1,,,,,,,,,,,,,,,,,,2,,,,,,,,,10,,,1,3,,,2,4,1,,,18,11,7,,,,,,,,,,
,,Knoxville,"182,254","4,318","1,116","2,967",235,19,18,,1,45,242,120,21,6,95,14,2,12,23,2,"2,872",232,"2,009",87,1,499,160,195,133,,11,"8,546",14,16,"2,890","1,315",47,"1,610",653,"2,001",920,532,64,"3,292","1,881","1,411",6,4,,2,,7,124,120,4,217
,,Lafayette,"4,557",52,11,36,5,,,,,,3,1,,,2,2,,2,1,,17,4,15,,,6,3,1,2,,,35,,,9,3,1,8,4,10,10,,,44,32,12,,,,,,,,,,2
,,La Follette,"7,481",388,51,187,150,,,,,4,13,5,4,,4,,,,5,,204,30,191,9,,84,35,24,23,,2,457,,,75,171,3,80,40,88,17,14,,313,167,146,,,,,,1,4,3,1,15
,,Lake City,"1,798",28,3,23,2,,,,,,,,,,,,,,2,,34,4,17,,,24,2,21,1,,,75,,,25,20,,12,6,12,4,1,,7,2,5,,,,,,,,,,
,,La Vergne,"33,665",593,128,403,62,,,,,11,32,12,4,16,,1,1,,3,,170,11,241,,1,38,4,29,5,,,351,,,24,4,,78,22,223,38,18,,190,154,36,,,,,,,,,,27
,,Lawrenceburg,"10,576",506,60,288,158,,,,,1,14,4,1,1,8,6,,6,5,,124,20,211,8,,111,69,33,9,,,461,,,123,173,,68,31,66,13,6,,189,133,56,,,,,,3,,,,11
,,Lebanon,"26,991",672,163,443,66,2,2,,,2,20,10,1,4,5,3,,3,1,,192,66,223,22,1,356,100,231,25,,,905,,3,233,41,7,198,14,409,56,24,2,433,283,150,,,,,,1,1,1,,37
,,Lenoir City,"8,836",350,35,203,112,,,,,3,8,3,,,5,1,,1,1,,113,37,40,8,,91,51,37,3,,,385,1,,133,72,12,53,33,81,19,14,,92,58,34,,,,,,,,,,6
,,Lewisburg,"11,287",298,55,202,41,1,1,,,,11,7,1,,3,2,,2,4,,91,21,149,4,,54,24,21,8,,1,190,,,58,46,3,27,11,45,10,1,,72,49,23,,,,,,,,,,10
,,Lexington,"7,755",537,106,272,159,,,,,3,19,5,,2,12,4,,4,1,,71,26,144,3,,62,18,31,13,,,349,,1,93,75,1,39,16,124,17,6,5,207,150,57,,,,,,3,2,2,,19
,,Livingston,"4,106",44,18,18,8,,,,,,2,,,,2,,,,2,,6,10,35,,,18,15,,3,,,83,,1,10,38,,11,2,21,4,1,,54,31,23,,,,,,,,,,3
,,Lookout Mountain,"1,871",4,2,2,,,,,,,,,,,,,,,,,2,,4,,,7,3,3,1,,,17,,,,14,,,,3,2,,,5,5,,,,,,,,,,,
,,Loretto,"1,737",13,1,5,7,,,,,,,,,,,2,,2,,,4,2,6,,,4,,2,2,,,21,,,1,11,,3,1,5,,,,5,4,1,,,,,,,,,,
,,Loudon,"5,499",54,3,19,32,,,,,,,,,,,,,,,,9,,39,,,1,,1,,,,34,,,5,18,,8,,3,1,1,,11,7,4,,,,,,,,,,1
,,Madisonville,"4,651",142,11,73,58,1,1,,,,1,1,,,,,,,,,49,13,53,,,26,,18,6,,2,243,,1,74,63,1,38,5,61,13,5,,49,37,12,,,,,,,,,,1
,,Manchester,"10,226",427,70,238,119,,,,,1,13,5,1,,7,1,,1,1,,103,56,169,16,,139,89,39,4,6,1,494,1,,128,113,1,134,26,91,16,7,,255,189,66,,,,,,2,4,,4,8
,,Martin,"11,556",240,33,165,42,,,,,,1,,,,1,,,,3,,55,13,79,5,,29,12,14,3,,,289,2,,59,54,1,85,1,87,4,1,,78,60,18,,,,,,1,,,,8
,,Maryville,"27,874",283,42,222,19,,,,,,12,5,3,,4,3,1,2,1,,191,46,136,16,,105,55,40,10,,,634,,,199,162,2,116,39,116,25,13,,169,81,88,,,,,,2,,,,6
,,Mason,"1,626",65,18,38,9,1,1,,,,3,1,,,2,2,,2,,,10,8,11,,,4,1,2,1,,,27,,,3,3,,6,1,14,8,2,1,30,29,1,,,,,,,,,,3
,,Maury City,678,11,5,4,2,1,,,1,,,,,,,,,,,,4,2,7,,,3,2,,1,,,11,,,,6,,2,1,2,1,,,2,2,,,,,,,,,,,
,,Maynardville,"2,443",40,6,30,4,,,,,,1,1,,,,1,,1,1,,25,4,29,2,,14,12,,2,,,99,,,21,24,,15,7,32,8,1,1,78,43,35,,,,,,,,,,2
,,McEwen,"1,757",21,4,17,,,,,,,,,,,,,,,,,1,,4,,,,,,,,,10,,,10,,,,,,,,9,29,19,10,,,,,,,,,,4
,,McKenzie,"5,344",104,15,80,9,,,,,,7,2,,,5,,,,1,,52,20,34,3,1,62,20,39,3,,,114,2,,22,31,1,26,8,24,4,1,3,82,58,24,,,,,,,,,,1
,,McMinnville,"13,746",414,88,249,77,1,1,,,,24,14,,,10,5,,5,6,,133,29,185,6,,119,62,23,33,,1,476,2,,161,113,1,60,30,109,39,8,4,231,146,85,,,,,,1,,,,14
,,Medina,"3,527",47,1,24,22,,,,,,,,,,,,,,,,8,2,11,,,6,5,1,,,,17,,,,3,,3,,11,,,,13,8,5,,,,,,,,,,1
,,Memphis,"657,436","38,998","7,621","22,320","9,057",158,133,6,19,384,970,424,111,29,406,94,2,92,407,3,"12,500","1,289","13,028",431,18,"3,553",889,"1,604","1,028",3,29,"26,239",140,101,"6,013","2,848",35,"5,585","4,590","6,927","2,917","3,399",113,"6,856","5,528","1,328",62,42,9,11,,42,868,831,37,"1,390"
,,Middleton,698,16,,11,5,,,,,,,,,,,,,,,,1,,2,,,1,1,,,,,8,,,,7,,,,1,,,,1,1,,,,,,,,,,,1
,,Milan,"7,955",267,56,140,71,,,,,2,7,2,,,5,3,,3,2,,81,49,82,14,,175,69,100,4,,2,209,,,45,60,2,32,10,60,9,6,,77,50,27,,,,,,,,,,15
,,Millersville,"6,609",86,23,45,18,,,,,1,3,1,,,2,1,,1,1,,30,5,15,1,,4,3,,1,,,62,,,5,18,,10,8,21,4,1,,56,28,28,,,,,,,,,,
,,Millington,"10,342",416,51,259,106,,,,,1,17,4,1,,12,1,,1,2,,68,22,144,8,,95,34,15,38,,8,333,9,1,104,72,2,38,21,86,17,14,1,185,140,45,,,,,,1,,,,20
,,Minor Hill,539,,,,,,,,,,,,,,,,,,,,,,,,,,,,,,,,,,,,,,,,,,,3,3,,,,,,,,,,,
,,Monteagle,"1,192",11,9,2,,,,,,,,,,,,,,,,,1,,11,,,1,,,1,,,10,,,1,3,,,2,4,,,,4,,4,,,,,,,,,,
,,Monterey,"2,898",21,2,14,5,,,,,,,,,,,,,,,,4,4,19,,,9,3,4,2,,,67,,1,5,21,3,11,1,25,3,,,9,8,1,,,,,,,,,,
,,Morristown,"29,617",730,145,555,30,1,,,1,5,31,13,,,18,4,,4,4,,161,110,294,22,1,337,176,144,15,,2,"1,525",,1,512,477,30,179,83,243,84,45,4,277,190,87,,,,,,1,,,,14
,,Moscow,562,13,3,8,2,,,,,,,,,,,,,,,,5,1,1,,,,,,,,,7,,,3,2,,,1,1,1,1,,15,10,5,,,,,,,,,,2
,,Mountain City,"2,550",26,11,13,2,,,,,,2,1,,,1,,,,,,8,4,18,,,3,,1,1,,1,46,,1,8,11,1,8,6,11,2,,,10,4,6,,,,,,,,,,
,,Mount Carmel,"5,458",42,11,31,,,,,,,1,1,,,,,,,,,16,15,12,14,,10,2,4,4,,,53,,,,23,,8,3,19,5,,1,67,34,33,,,,,,,,,,4
,,Mount Juliet,"24,419",220,46,146,28,1,1,,,2,9,3,1,5,,5,2,3,2,1,69,11,79,12,,77,32,26,18,1,,374,1,,115,91,6,70,18,73,14,5,,352,226,126,,,,,,2,11,8,3,15
,,Mount Pleasant,"4,629",155,29,108,18,,,,,1,2,2,,,,,,,,,23,8,76,,,13,4,5,4,,,125,,1,4,58,,18,4,40,4,1,,75,52,23,,,,,,,,,,7
,,Munford,"6,002",152,23,85,44,,,,,1,5,,1,,4,2,,2,,,23,7,57,,,20,1,6,9,,4,85,,,2,16,1,32,1,33,6,4,3,67,45,22,,,,,,2,,,,9
,,Murfreesboro,"112,247","3,418",510,"1,745","1,163",3,3,,,53,111,56,6,15,34,13,,13,4,2,914,160,"1,072",38,4,788,455,164,156,,13,"2,947",3,,886,544,11,622,211,670,185,135,7,"1,690","1,023",667,,,,,,6,8,8,,99
,,Nashville,"620,886","24,450","5,516","13,747","5,187",68,62,1,5,199,899,312,127,70,390,59,1,58,93,,"5,792",657,"8,864",396,14,"2,381","1,250",379,582,4,166,"19,248",103,57,"4,154","4,669",52,"4,248","2,566","3,399","1,469","1,736",15,"14,921","9,592","5,329",93,10,14,66,3,96,901,899,2,"1,061"
,,Newbern,"3,329",90,16,68,6,,,,,1,1,1,,,,,,,,,38,2,52,1,,15,13,1,1,,,57,,,15,9,,8,1,24,1,1,,16,10,6,1,1,,,,,,,,3
,,New Hope,"1,092",,,,,,,,,,,,,,,,,,,,,,,,,,,,,,,,,,,,,,,,,,,,,,,,,,,,,,,
,,New Johnsonville,"1,959",20,3,16,1,,,,,,,,,,,,,,,,1,,3,,,3,1,2,,,,12,,,3,4,,,,5,,,,23,16,7,,,,,,,,,,1
,,New Market,"1,352",4,,4,,,,,,,,,,,,,,,,,2,,,,,,,,,,,5,,,2,1,,,,2,,,,22,13,9,,,,,,1,,,,1
,,Newport,"6,979",337,49,172,116,,,,,,11,3,,1,7,1,1,,,,86,39,126,10,1,52,9,24,15,,4,599,,3,196,194,13,90,16,87,25,12,,159,91,68,,,,,,1,,,,12
,,New Tazewell,"3,059",18,6,12,,,,,,1,,,,,,,,,,,8,1,4,2,,1,1,,,,,37,,1,24,3,1,3,2,3,,1,1,36,17,19,,,,,,,,,,3
,,Niota,728,9,,6,3,,,,,,,,,,,,,,,,8,1,9,,,2,1,1,,,,28,,,6,9,,1,,12,2,,,5,3,2,,,,,,,,,,1
,,Nolensville,"6,086",14,3,10,1,,,,,,,,,,,,,,,,3,1,12,1,,4,,2,1,,1,34,,,1,7,1,9,3,13,1,,,24,16,8,,,,,,,,,,
,,Norris,"1,505",5,,3,2,,,,,,,,,,,,,,,,4,,7,,,1,,1,,,,21,,,2,1,1,5,1,11,,,,,,,,,,,,,,,,
,,Oakland,"6,695",35,3,32,,1,1,,,,,,,,,,,,,,8,1,14,1,,8,,7,1,,,66,2,1,21,3,,19,,20,1,2,,24,14,10,,,,,,,,,,
,,Oak Ridge,"29,593",429,55,338,36,2,1,1,,3,24,8,3,1,12,4,,4,5,,215,64,176,19,,223,60,126,34,,3,760,2,,161,272,5,123,51,146,60,21,34,254,166,88,,,,,,3,1,1,,18
,,Obion,"1,127",17,4,11,2,,,,,,,,,,,2,,2,,,1,,8,,,6,,6,,,,13,,,,7,,2,1,3,,,,9,7,2,,,,,,,,,,
,,Oliver Springs,"3,255",41,8,31,2,,,,,1,,,,,,,,,,,20,13,17,,,10,,9,1,,,86,,,18,51,,13,2,2,10,,,172,127,45,,,,,,1,,,,4
,,Oneida,"3,765",124,19,57,48,,,,,4,2,2,,,,,,,1,,35,6,58,4,,28,16,5,2,,5,162,,,61,31,5,34,3,28,4,1,,131,85,46,,,,,,,,,,4
,,Paris,"10,246",181,47,122,12,,,,,,3,1,,,2,1,,1,,,152,9,84,7,,34,21,8,5,,,377,,,101,65,,95,22,94,11,11,1,244,156,88,,,,,,,,,,10
,,Parsons,"2,378",23,5,15,3,,,,,,,,,,,,,,,,11,5,9,,,4,3,1,,,,31,,,12,1,,11,2,5,3,,1,4,3,1,,,,,,,,,,1
,,Petersburg,550,12,,3,9,,,,,,,,,,,,,,,,2,,4,,,,,,,,,5,,,,2,,,,3,,,,1,1,,,,,,,,,,,
,,Pigeon Forge,"6,024",239,42,125,72,,,,,,13,8,1,2,2,4,,4,4,,203,28,71,30,1,77,48,19,8,,2,490,,1,58,103,47,153,27,101,37,9,6,127,72,55,,,,,,1,,,,11
,,Pikeville,"1,619",23,1,19,3,,,,,,,,,,,,,,,,2,,13,,,,,,,,,25,,,6,14,,2,,3,1,,,19,11,8,,,,,,,,,,
,,Piperton,"1,460",9,1,6,2,,,,,,,,,,,,,,,,7,2,5,1,,4,2,2,,,,12,,,1,6,,1,2,2,1,,,5,3,2,,,,,,,,,,
,,Pittman Center,515,5,,1,4,,,,,,,,,,,,,,,,5,1,7,,,,,,,,,2,,,,1,1,,,,1,,,1,1,,,,,,,,,,,
,,Plainview,"2,154",21,1,12,8,,,,,,1,1,,,,,,,,,11,4,15,,,2,1,1,,,,30,,,1,9,,12,3,5,3,,,4,4,,,,,,,,,,,1
,,Pleasant View,"4,180",31,3,15,13,,,,,,,,,,,,,,,,19,1,20,,,4,2,2,,,,50,,,6,5,,19,,20,,1,,6,4,2,,,,,,,,,,
,,Portland,"11,801",224,53,162,9,,,,,2,12,5,,,7,2,,2,5,,97,15,96,4,,42,27,12,3,,,204,,,39,52,1,33,17,62,10,2,1,156,97,59,,,,,,,,,,13
,,Powells Crossroads,"1,332",2,,1,1,,,,,,,,,,,,,,,,,,,,,,,,,,,,,,,,,,,,,,1,,,,,,,,,,,,,
,,Pulaski,"7,910",255,45,191,19,,,,,3,19,6,2,,11,,,,3,,87,45,131,1,,68,53,10,4,,1,299,,,77,83,1,41,19,78,11,7,4,122,96,26,,,,,,1,,,,4
,,Puryear,678,5,4,1,,,,,,,,,,,,,,,,,3,,1,,,,,,,,,14,1,,4,,,6,,3,,,,4,2,2,,,,,,,,,,
,,Red Boiling Springs,"1,133",20,1,18,1,,,,,1,,,,,,,,,,,12,3,10,,,2,,,2,,,20,,,4,6,1,1,1,7,1,,,34,23,11,,,,,,,,,,1
,,Ridgely,"1,792",42,9,26,7,,,,,1,,,,,,,,,,,11,1,8,,,2,2,,,,,8,,,1,1,,1,2,3,,2,,7,4,3,,,,,,,,,,1
,,Ridgetop,"1,914",7,1,6,,,,,,,1,,,1,,,,,1,,3,1,5,,,2,,,2,,,10,,,2,4,,,1,3,1,1,,6,3,3,,,,,,,,,,
,,Ripley,"8,494",362,96,202,64,3,3,,,1,11,4,3,,4,,,,1,,208,22,182,4,,62,40,13,9,,,259,1,,62,73,,29,24,70,12,14,,32,25,7,,,,,,,,,,9
,,Rockwood,"5,573",100,28,55,17,,,,,2,1,1,,,,,,,,,80,11,71,,,20,,10,10,,,269,,,105,54,1,27,5,77,8,2,,33,21,12,,,,,,,,,,3
,,Rogersville,"4,464",99,16,68,15,,,,,,,,,,,1,,1,1,,56,63,56,7,,141,75,61,1,2,2,224,,,81,42,6,32,18,45,11,3,,28,15,13,,,,,,,,,,2
,,Rossville,672,11,,5,6,,,,,,,,,,,,,,,,,3,8,,,3,2,1,,,,7,,,,2,,2,1,2,,,,4,3,1,,,,,,,,,,
,,Rutherford,"1,168",13,1,8,4,,,,,,,,,,,,,,,,8,,8,,,,,,,,,8,,,1,6,,,,1,,,,1,1,,,,,,,,,,,
,,Rutledge,"1,138",20,2,17,1,,,,,,,,,,,,,,,,9,7,19,,,1,,1,,,,34,,,7,11,,3,,13,3,,,26,12,14,,,,,,,,,,1
,,Saltillo,519,4,,4,,,,,,,,,,,,,,,,,,,2,,,2,,,1,,1,5,,,,,,,,5,,,,6,3,3,,,,,,,,,,1
,,Samburg,220,3,1,2,,,,,,,,,,,,,,,,,2,,2,,,,,,,,,6,,,,3,,2,,1,,,,,,,,,,,,,,,,
,,Savannah,"7,000",265,44,154,67,1,1,,,,10,5,2,1,2,,,,3,1,110,21,125,4,,71,39,24,2,,6,366,2,2,96,83,,73,34,76,22,8,5,44,27,17,,,,,,,,,,3
,,Scotts Hill,992,8,1,7,,,,,,,,,,,,,,,,,5,1,6,,,3,2,1,,,,4,,,,3,,,,1,1,,,2,2,,,,,,,,,,,
,,Selmer,"4,436",208,39,101,68,,,,,2,2,1,,,1,1,,1,,,48,10,40,1,,10,7,,3,,,146,,,27,42,,24,4,49,9,4,,42,30,12,,,,,,,,,,6
,,Sevierville,"15,161",289,63,162,64,,,,,,19,6,3,2,8,4,,4,,,124,72,114,40,2,175,128,34,7,,6,668,,2,231,129,24,102,56,124,46,11,18,267,176,91,,,,,,4,1,1,,13
,,Sewanee,"2,351",9,,8,1,,,,,,,,,,,,,,2,,20,1,31,,,5,,,5,,,30,,,,22,,3,1,4,,,,76,42,34,,,,,,,,,,4
,,Sharon,950,11,1,10,,,,,,,,,,,,,,,,,11,,9,,,1,,,1,,,32,,,2,8,,6,,16,,,,1,1,,,,,,,,,,,
,,Shelbyville,"20,706",610,98,422,90,,,,,4,24,16,2,,6,7,2,5,,,135,36,199,2,,80,32,38,9,,1,490,,1,138,41,,58,21,231,20,16,,112,96,16,,,,,,2,,,,7
,,Signal Mountain,"7,718",26,3,12,11,,,,,,,,,,,,,,,,10,2,10,,,10,4,1,5,,,60,,,,17,,31,7,5,2,,,83,49,34,,,,,,,,,,1
,,Smithville,"4,599",102,29,57,16,2,2,,,3,3,,,,3,,,,5,,72,26,64,2,,38,27,3,8,,,207,1,,75,44,,35,14,38,17,8,3,117,64,53,,,,,,,,,,7
,,Smyrna,"41,284",661,71,510,80,2,2,,,4,26,13,,,13,5,,5,2,,137,71,247,,,104,13,45,43,,3,856,,,182,253,7,137,78,199,51,21,5,383,304,79,,,,,,,1,,1,21
,,Sneedville,"1,386",32,1,29,2,,,,,,2,2,,,,2,,2,1,,8,7,27,,1,14,4,7,3,,,69,1,1,7,15,,4,1,40,1,,,86,61,25,,,,,,,,,,
,,Soddy-Daisy,"12,989",143,48,85,10,,,,,2,7,3,1,,3,,,,2,,62,10,35,7,,34,20,7,7,,,349,2,,174,68,3,36,16,50,19,5,,220,134,86,,,,,,,,,,11
,,South Carthage,"1,332",25,6,11,8,,,,,,3,,1,,2,,,,,,16,5,14,,,3,,,2,,1,31,1,,3,18,,2,,7,1,1,,16,11,5,,,,,,,,,,
,,South Fulton,"2,371",51,17,25,9,,,,,,3,,1,,2,1,,1,1,,11,,31,,,1,1,,,,,31,,,4,11,,6,1,9,2,1,,8,5,3,,,,,,1,,,,1
,,Sparta,"5,022",156,16,111,29,,,,,2,5,1,,,4,2,,2,3,,71,15,73,4,,22,3,11,6,,2,249,1,1,79,57,,31,18,62,15,5,,36,20,16,,,,,,,,,,1
,,Spencer,"1,597",12,1,10,1,,,,,,,,,,,,,,,,4,,1,,,,,,,,,15,,,,3,4,4,1,3,2,,,52,35,17,,,,,,,,,,
,,Spring City,"2,013",33,10,22,1,,,,,,,,,,,,,,,,5,3,16,,,1,,1,,,,34,,,3,,,1,,30,6,,,12,7,5,,,,,,,,,,1
,,Springfield,"16,776",592,121,375,96,2,2,,,,22,14,,,8,3,,3,3,,125,26,195,,,61,20,17,24,,,652,,,198,120,,142,9,183,27,46,,129,103,26,,,,,,,2,2,,18
,,Spring Hill,"29,981",284,46,198,40,,,,,4,15,6,3,1,5,1,,1,1,,71,18,145,2,,65,20,21,17,,7,311,4,,61,40,1,93,6,106,6,7,2,120,74,46,,,,,,5,,,,9
,,St. Joseph,794,10,6,2,2,,,,,,1,1,,,,,,,1,,6,,8,,,1,1,,,,,5,,,,2,,1,,2,1,,,33,20,13,,,,,,,,,,1
,,Surgoinsville,"1,811",6,,5,1,,,,,,,,,,,,,,,,1,2,8,,1,2,1,1,,,,20,,,1,3,,3,4,9,2,,,12,8,4,,,,,,,,,,
,,Sweetwater,"5,884",93,30,59,4,,,,,,3,,,,3,,,,1,,52,11,46,3,,20,7,10,2,,1,141,,,13,27,1,35,11,54,20,2,1,39,25,14,,,,,,1,,,,5
,,Tazewell,"2,237",69,24,23,22,2,1,1,,2,7,1,,,6,,,,1,,17,20,28,,,11,4,5,2,,,90,1,,23,24,2,20,5,15,8,1,,150,97,53,1,,,1,,,,,,13
,,Tellico Plains,894,31,3,7,21,,,,,,,,,,,,,,1,,7,3,10,,,3,2,1,,,,28,,,1,2,,7,3,15,1,,,13,7,6,,,,,,,,,,
,,Tiptonville,"4,482",42,9,27,6,,,,,,,,,,,,,,4,,14,,32,2,,4,2,,2,,,34,,,9,11,,5,1,8,1,,,31,25,6,,,,,,,,,,2
,,Toone,361,14,3,10,1,,,,,,1,,,,1,,,,,,2,,2,,,,,,,,,2,,,,1,1,,,,,,,3,3,,,,,,,,,,,
,,Townsend,455,3,,1,2,,,,,,,,,,,,,,,,4,,3,,,2,2,,,,,14,,,,1,4,1,,8,1,,,,,,,,,,,,,,,
,,Trenton,"4,319",81,15,49,17,,,,,,3,,,,3,1,1,,,,27,2,11,2,,1,1,,,,,98,,,26,25,,19,4,24,3,2,,61,39,22,,,,,,,,,,1
,,Trezevant,865,19,1,18,,,,,,,,,,,,1,,1,,,9,5,1,,,9,8,1,,,,10,,,,6,,,,4,,,,,,,,,,,,,,,,
,,Trimble,639,5,1,1,3,,,,,,,,,,,,,,,,1,,2,,,,,,,,,4,,,,4,,,,,,,,,,,,,,,,,,,,
,,Troy,"1,381",14,1,13,,,,,,,,,,,,,,,,,5,2,10,,,2,2,,,,,31,,,6,4,,1,3,17,1,1,1,1,1,,,,,,,,,,,
,,Tullahoma,"18,880",502,91,331,80,1,1,,,7,4,2,,,2,4,,4,3,,149,21,219,4,1,68,39,15,14,,,475,,,127,110,3,65,50,120,27,7,,237,149,88,,,,,,1,1,1,,21
,,Tusculum,"2,700",6,,6,,,,,,,,,,,,,,,,,3,1,1,,,4,2,1,1,,,13,,,,8,,4,,1,1,,,39,27,12,,,,,,,,,,
,,Union City,"10,978",371,41,224,106,,,,,7,20,10,1,,9,3,,3,5,,126,118,176,15,,171,134,31,1,,5,579,1,,147,126,1,40,31,233,14,11,8,76,54,22,,,,,,,,,,15
,,Vonore,"1,499",79,9,33,37,,,,,1,2,,,,2,,,,2,,10,4,9,5,,15,3,11,1,,,55,,,4,16,1,11,1,22,3,,2,18,11,7,,,,,,,,,,1
,,Wartburg,921,10,3,7,,,,,,,1,,,1,,,,,,,5,1,3,,,2,,1,1,,,26,,,9,5,,7,,5,,,,32,28,4,,,,,,,,,,1
,,Wartrace,662,11,,4,7,,,,,,,,,,,,,,,,1,,1,,,,,,,,,2,,,,,,,,2,,,,1,1,,,,,,,,,,,
,,Watauga,459,2,,2,,,,,,,,,,,,,,,,,,,2,,,,,,,,,1,,,,1,,,,,,,,,,,,,,,,,,,,
,,Watertown,"1,524",11,,7,4,,,,,,,,,,,,,,1,,17,1,14,,,7,2,5,,,,22,,,1,4,,5,1,11,1,1,1,6,5,1,,,,,,,,,,
,,Waverly,"4,125",38,6,32,,,,,,,1,,,1,,2,,2,,,18,2,21,,,19,3,13,1,1,1,91,1,,30,13,,11,8,28,3,,1,78,45,33,,,,,,,,,,1
,,Waynesboro,"2,459",30,6,23,1,,,,,,,,,,,,,,,,2,1,14,,,24,23,1,,,,37,,,3,9,1,1,,23,,,2,49,44,5,,,,,,,,,,4
,,Westmoreland,"2,265",63,2,36,25,,,,,,1,,1,,,,,,,,11,2,27,,,10,4,3,1,,2,27,,,2,6,,6,1,12,,,,87,52,35,,,,,,,,,,4
,,White Bluff,"3,261",32,4,19,9,,,,,,1,1,,,,1,,1,,,10,4,13,1,,6,2,1,2,,1,39,1,,8,9,,7,,14,2,,4,27,20,7,,,,,,,,,,2
,,White House,"10,505",188,18,103,67,,,,,,12,2,1,1,8,1,,1,1,,20,17,97,9,,54,31,16,6,,1,187,1,1,77,40,1,18,17,32,3,5,2,122,63,59,,,,,,1,,,,10
,,White Pine,"2,225",18,5,13,,1,1,,,,,,,,,,,,2,,5,6,11,,,11,1,4,5,,1,81,,,22,21,1,12,8,17,4,3,,14,9,5,,,,,,,,,,
,,Whiteville,"4,655",32,9,20,3,,,,,,,,,,,,,,2,,18,3,15,,,4,1,,3,,,31,,,14,,,3,1,13,4,1,,32,27,5,,,,,,,,,,2
,,Whitwell,"1,710",21,2,15,4,,,,,,,,,,,,,,,,7,2,7,,,3,1,1,1,,,30,,,3,10,,6,2,9,3,,3,23,17,6,,,,,,,,,,
,,Winchester,"8,272",252,46,146,60,1,1,,,3,10,5,1,,4,3,,3,,,62,19,87,4,,37,21,7,5,,4,263,1,,103,47,,45,14,53,3,4,,107,73,34,,,,,,,,,,8
,,Winfield,972,7,1,4,2,1,1,,,1,,,,,,,,,,,2,,2,,,,,,,,,9,,,,2,,2,,5,2,,,10,7,3,,,,,,,,,,
,,Woodbury,"2,694",64,22,33,9,,,,,,,,,,,,,,,,13,,14,,,49,1,46,2,,,76,,,13,1,,38,6,18,10,,,61,38,23,,,,,,,,,,3
,Universities and Colleges,Austin Peay State University,"10,873",23,,19,4,,,,,,1,1,,,,,,,,,14,1,37,,,,,,,,,117,,,1,63,,28,4,21,3,1,1,26,16,10,,,,,,,,,,2
,,Christian Brothers University,"1,694",6,2,4,,,,,,,,,,,,,,,,,10,,5,,,,,,,,,20,,,,7,,4,,9,1,1,,20,13,7,,,,,,,,,,1
,,East Tennessee State University,"15,250",44,5,19,20,,,,,,2,1,,,1,,,,,,17,,64,,,2,2,,,,,93,,,,57,,10,3,23,2,1,,64,37,27,,,,,,,,,,5
,,Middle Tennessee State University,"26,442",82,8,36,38,,,,,,1,1,,,,,,,1,,29,,82,,,11,3,7,1,,,187,1,,3,104,,20,5,54,3,3,,62,41,21,,,,,,1,,,,4
,,Northeast State Community College,"6,478",1,1,,,,,,,,,,,,,,,,,,,,1,,,1,,,1,,,12,,,1,10,,,,1,,,,,,,,,,,,,,,,2
,,Southwest Tennessee Community College,"12,958",35,1,8,26,,,,,,1,,,,1,,,,,,,,7,,,,,,,,,54,,,1,43,,5,2,3,,,,2,2,,1,1,,,,,,,,1
,,Tennessee State University,"9,165",77,7,49,21,,,,,,,,,,,,,,,,16,2,28,1,,1,1,,,,,136,,,,114,1,18,,3,2,7,,19,13,6,1,,,1,,,,,,5
,,Tennessee Technological University,"11,768",35,6,13,16,,,,,,1,,,,1,,,,2,,27,,62,,,1,,1,,,,87,,,,39,11,6,12,19,1,,1,43,26,17,,,,,,,,,,1
,,University of Memphis,"22,725",52,4,23,25,,,,,1,1,1,,,,,,,,,44,2,31,1,,20,3,15,2,,,182,,1,6,99,,17,17,42,4,2,,26,19,7,,,,,,,,,,6
,,University of Tennessee:,,,,,,,,,,,,,,,,,,,,,,,,,,,,,,,,,,,,,,,,,,,,,,,,,,,,,,,,
,,Chattanooga,"11,438",24,6,13,5,,,,,,2,1,,,1,,,,1,,28,,43,,,3,1,,2,,,149,,,,56,,48,2,43,,1,,63,30,33,,,,,,,,,,1
,,Health Science Center3,,5,,3,2,,,,,,,,,,,,,,,,6,,6,,,,,,,,,31,,,,22,2,1,3,3,1,,,1,,1,,,,,,,,,,1
,,Knoxville,"30,194",40,5,31,4,,,,,,6,1,1,3,1,,,,,,29,2,81,,,9,5,2,2,,,460,,,9,293,1,62,20,75,13,2,,146,72,74,,,,,,,,,,5
,,Martin,"7,910",21,2,14,5,,,,,2,,,,,,,,,,,17,2,20,,,5,,1,4,,,41,1,,1,20,,6,3,10,,1,,28,16,12,,,,,,,,,,3
,,Vanderbilt University,"12,836",165,15,102,48,,,,,2,13,6,1,,6,,,,1,,12,16,93,4,1,32,13,4,15,,,522,1,,31,288,,65,17,120,1,4,1,102,62,40,,,,,,,,,,4
,,Volunteer State Community College,"8,666",1,,,1,,,,,,,,,,,,,,,,,,4,,,,,,,,,6,,,,4,,1,,1,,,,4,2,2,,,,,,,,,,
,,Walters State Community College,"6,733",1,1,,,,,,,,,,,,,,,,,,1,,3,,,,,,,,,10,1,,,2,,4,3,,,,,,,,,,,,,,,,,
,Metropolitan Counties,Anderson,,316,79,232,5,4,1,,3,5,36,17,3,,16,4,1,3,9,,336,3,189,2,1,31,21,7,3,,,398,,,9,9,3,53,36,288,78,10,9,217,149,68,,,,,,1,1,,1,10
,,Blount,,"1,099",254,724,121,3,3,,,2,86,28,7,,51,15,2,13,3,,711,15,249,3,2,146,49,13,29,,55,"1,037",,,3,346,5,203,83,397,115,17,4,198,115,83,,,,,,20,,,,17
,,Bradley,,943,199,608,136,2,1,1,,14,24,6,,2,16,3,1,2,2,1,274,18,269,6,,69,22,29,17,1,,647,1,,39,186,1,127,40,253,80,14,3,479,300,179,,,,,,1,,,,47
,,Campbell,,151,38,100,13,1,,1,,1,37,12,,,25,5,1,4,14,,336,23,56,1,,50,8,25,14,,3,308,3,1,4,69,1,97,24,109,33,8,,151,97,54,,,,,,,,,,9
,,Cannon,,59,8,39,12,1,,,1,,1,,,1,,,,,1,,47,,22,,,4,,3,1,,,35,,,,6,,2,4,23,15,,,29,15,14,,,,,,1,,,,1
,,Carter,,266,47,208,11,4,4,,,1,7,2,1,1,3,1,,1,4,,297,10,87,1,,12,2,7,3,,,330,,,6,91,7,78,29,119,57,1,,150,99,51,,,,,,,,,,11
,,Chester,,100,15,58,27,,,,,,3,1,,,2,1,,1,,,36,1,37,,,5,2,2,1,,,88,6,,,15,,6,6,55,9,,,27,20,7,,,,,,1,,,,1
,,Crockett,,123,27,62,34,1,1,,,1,6,5,,,1,2,,2,,,51,4,60,1,,7,4,,,,3,77,,,1,31,1,5,4,35,9,,2,41,27,14,,,,,,,,,,8
,,Dickson,,545,93,255,197,1,1,,,,18,9,,4,5,2,,2,7,,214,18,145,3,,146,91,24,22,,9,319,4,,2,56,,45,15,197,30,2,2,162,121,41,,,,,,5,,,,6
,,Fayette,,345,52,185,108,,,,,,9,5,,,4,2,,2,2,,105,4,106,,,44,12,16,15,,1,198,1,,,12,,21,17,147,22,8,1,69,55,14,,,,,,3,,,,11
,,Grainger,,78,13,65,,,,,,,3,2,,,1,,,,,,63,2,29,,,2,,1,1,,,205,2,1,1,25,1,9,3,163,13,2,,16,11,5,,,,,,,,,,3
,,Hamblen,,279,70,162,47,,,,,2,12,4,1,1,6,3,,3,8,,188,10,138,3,,36,14,6,16,,,407,1,,,146,,91,46,123,30,13,2,196,161,35,3,,2,1,,3,,,,17
,,Hamilton,,"1,108",212,798,98,3,2,1,,8,78,21,4,3,50,4,,4,4,,625,15,372,3,,75,44,15,14,,2,"1,135",1,2,52,289,4,384,83,320,112,18,12,"1,003",615,388,,,,,,11,1,,1,67
,,Hickman,,195,57,127,11,,,,,4,10,4,,,6,4,,4,,,151,7,72,,,1,,1,,,,162,,,9,8,,25,11,109,26,3,,141,75,66,,,,,,,,,,7
,,Knox,,"2,689",421,"1,832",436,8,7,,1,1,81,30,9,3,39,7,,7,21,,"1,296",37,980,53,,246,104,48,82,,12,"3,910",6,4,454,816,11,"1,205",373,"1,041",427,81,20,608,306,302,,,,,,2,27,20,7,36
,,Loudon,,197,55,106,36,,,,,2,8,4,,,4,,,,1,,168,2,62,1,,5,4,1,,,,366,1,,3,136,1,68,32,125,39,1,3,186,122,64,,,,,,,,,,10
,,Macon,,209,53,113,43,,,,,3,3,1,,,2,2,,2,,,28,8,52,,,,,,,,,109,,,17,41,,3,3,45,12,,,84,67,17,,,,,,,,,,8
,,Madison,,846,128,480,238,1,1,,,3,25,11,1,,13,6,,6,6,,323,62,319,,1,116,17,72,26,,1,463,1,,16,114,2,66,39,225,36,6,,84,60,24,,,,,,,1,1,,16
,,Marion,,201,52,99,50,,,,,,2,1,,,1,1,,1,1,,88,2,61,,,12,8,2,1,,1,170,,,,19,,55,7,89,31,3,,61,48,13,,,,,,,,,,4
,,Maury,,605,113,449,43,2,1,1,,10,39,12,5,1,21,9,2,7,3,,202,14,200,1,,136,56,48,31,,1,408,,,3,120,,59,42,184,44,5,3,228,160,68,,,,,,4,3,3,,23
,,Montgomery,,666,90,395,181,2,2,,,1,15,9,,,6,4,1,3,3,,179,12,220,,1,35,2,18,13,,2,537,,,16,215,1,46,30,229,54,4,2,272,186,86,,,,,,2,1,,1,43
,,Morgan,,187,67,104,16,3,2,,1,1,9,5,,1,3,3,,3,1,,157,8,90,2,1,33,20,7,4,1,1,252,3,2,3,82,,43,11,108,28,4,,188,125,63,,,,,,,,,,9
,,Polk,,129,38,87,4,4,4,,,,3,1,,,2,3,,3,,,109,3,98,,,11,,10,1,,,188,,1,9,61,,27,7,83,40,2,,183,105,78,,,,,,1,,,,19
,,Roane,,229,44,129,56,,,,,1,10,7,,,3,4,3,1,5,,248,6,155,,,6,1,5,,,,322,3,4,,147,1,31,7,129,35,,2,181,132,49,,,,,,,,,,11
,,Robertson,,240,47,189,4,,,,,,8,4,,,4,3,,3,,,121,2,59,,,10,3,3,4,,,209,1,,1,27,,45,10,125,23,2,,185,120,65,1,,,1,,2,,,,18
,,Rutherford,,"1,134",216,749,169,,,,,5,36,12,1,2,21,1,,1,3,,399,28,210,4,1,204,55,92,48,,9,816,,2,62,185,1,186,57,323,93,14,6,972,626,346,,,,,,5,3,3,,58
,,Sequatchie,,127,32,67,28,,,,,3,6,2,1,,3,,,,6,,60,7,56,,,25,16,5,4,,,95,,,,20,,14,3,58,25,1,2,68,51,17,,,,,,,,,,10
,,Shelby,,"3,034",487,"1,852",695,1,1,,,18,98,37,13,,48,16,1,15,11,,952,47,890,66,1,239,73,10,153,1,2,"2,019",9,2,148,393,1,595,206,665,162,80,70,717,547,170,1,1,,,,,4,2,2,117
,,Smith,,176,28,77,71,,,,,,10,6,,,4,3,2,1,2,,96,10,106,,,21,12,4,5,,,143,,,,3,1,13,10,116,21,1,1,53,35,18,,,,,,,,,,7
,,Sullivan,,"1,651",374,951,326,1,1,,,21,130,17,14,17,82,12,3,9,17,,465,29,518,7,3,142,66,12,57,,7,985,1,,28,349,,175,108,324,104,15,,307,172,135,,,,,,8,,,,27
,,Sumner,,642,105,382,155,1,1,,,4,29,11,2,,16,15,3,12,10,1,246,10,208,1,1,107,39,39,27,,2,465,1,,4,108,1,57,32,262,36,3,8,290,172,118,,,,,,7,,,,16
,,Tipton,,"1,017",133,530,354,,,,,2,40,12,2,7,19,7,1,6,3,,206,21,208,1,,93,61,17,14,,1,375,,,8,150,,84,8,125,54,7,1,258,133,125,3,,2,1,,3,,,,24
,,Unicoi,,131,17,84,30,,,,,5,2,,,,2,2,,2,2,,39,4,74,1,2,19,4,10,5,,,224,,1,80,87,1,31,1,23,9,,3,145,94,51,,,,,,,1,,1,8
,,Union,,193,38,135,20,1,1,,,2,7,5,1,,1,3,3,,9,,200,5,130,,,20,10,4,6,,,286,,,9,68,,33,36,140,39,8,3,58,33,25,,,,,,3,,,,9
,,Washington,,800,160,522,118,,,,,2,21,5,1,,15,6,1,5,7,,451,12,246,1,,58,17,24,14,,3,591,,,15,124,2,111,23,316,56,9,8,275,161,114,,,,,,2,,,,23
,,Williamson,,365,59,255,51,,,,,4,26,7,4,1,14,,,,6,,154,10,168,1,,46,15,17,11,,3,311,,,15,135,,49,14,98,29,8,4,384,225,159,1,,1,,,4,,,,14
,,Wilson,,722,124,450,148,1,1,,,8,11,3,1,,7,4,,4,,2,299,10,309,1,,113,47,39,26,,1,581,1,,,132,,117,44,287,80,14,5,240,179,61,,,,,,5,,,,37
,Nonmetropolitan Counties,Bedford,,309,41,171,97,1,1,,,,13,3,,,10,3,1,2,2,,104,5,97,,,69,10,47,11,,1,164,1,,,26,,13,2,122,11,,,96,65,31,,,,,,4,,,,8
,,Benton,,112,27,83,2,,,,,3,3,1,1,,1,1,,1,1,,58,,50,1,,8,2,5,1,,,97,,,,32,,10,3,52,16,1,2,123,79,44,9,,4,5,,,,,,3
,,Bledsoe,,40,9,31,,,,,,3,1,,,,1,,,,1,,20,,31,,,5,1,2,2,,,51,,,,23,,2,5,21,10,1,,49,31,18,,,,,,,,,,9
,,Carroll,,99,26,66,7,,,,,1,3,1,,,2,,,,2,,84,1,51,,,40,9,26,3,,2,98,,,2,25,,11,12,48,18,,1,80,53,27,,,,,,2,,,,10
,,Claiborne,,257,126,125,6,,,,,3,3,3,,,,1,,1,8,,340,17,106,2,,18,3,5,10,,,311,2,,7,74,1,60,22,145,46,11,,191,146,45,,,,,,4,,,,11
,,Clay,,45,10,34,1,,,,,1,,,,,,1,,1,,,34,1,27,,,1,,,1,,,28,,,2,,,4,1,21,6,,,50,32,18,,,,,,,,,,2
,,Cocke,,403,143,208,52,3,3,,,1,17,2,1,3,11,3,1,2,15,,398,20,200,1,2,73,40,27,5,,1,450,,,3,148,4,79,33,183,61,12,,361,210,151,,,,,,,,,,21
,,Coffee,,250,63,153,34,1,1,,,,2,,1,,1,,,,,,112,,68,,,2,1,1,,,,243,,,1,66,,37,5,134,25,3,,487,434,53,,,,,,,,,,4
,,Decatur,,211,45,79,87,1,,,1,,6,1,2,1,2,,,,1,,77,4,80,,,20,7,11,2,,,123,,,,10,,20,22,71,19,3,1,36,24,12,,,,,,4,,,,6
,,DeKalb,,131,23,89,19,,,,,,2,1,,,1,3,1,2,,,84,14,44,,,29,16,9,4,,,141,,1,2,38,,23,8,69,14,,1,42,33,9,,,,,,,,,,7
,,Dyer,,171,53,97,21,,,,,,4,1,,,3,,,,,,68,7,100,18,,13,3,5,4,1,,182,,1,,66,,35,3,77,24,2,,123,84,39,1,,,1,,1,,,,3
,,Fentress,,133,27,71,35,1,1,,,1,7,4,,1,2,1,1,,3,,96,9,98,2,,18,5,9,4,,,187,,,3,67,1,36,4,76,12,4,,200,125,75,,,,,,2,,,,10
,,Franklin,,319,26,123,170,3,3,,,,7,6,,,1,4,2,2,3,,93,4,149,,,59,17,13,25,,4,185,3,,,84,,39,5,54,20,,,120,85,35,,,,,,,,,,8
,,Gibson,,204,49,112,43,,,,,4,4,1,,1,2,1,,1,,,131,2,62,,,22,13,1,8,,,180,,,,39,2,29,21,89,22,2,,16,12,4,,,,,,2,,,,
,,Giles,,177,37,137,3,1,1,,,1,9,3,1,,5,1,,1,1,,109,2,86,,,5,3,1,1,,,150,,,,114,,13,3,20,8,4,1,49,34,15,,,,,,,,,,5
,,Greene,,472,117,305,50,4,4,,,2,23,10,,,13,3,,3,11,,430,20,289,7,1,105,82,18,4,,1,579,,,14,237,2,74,61,191,83,23,,160,70,90,,,,,,1,,,,7
,,Grundy,,297,104,126,67,3,3,,,,5,4,,,1,,,,11,,145,12,126,,,8,2,6,,,,150,1,3,2,7,,31,1,105,61,1,,145,87,58,,,,,,1,,,,27
,,Hancock,,42,16,23,3,,,,,,4,,1,1,2,2,1,1,,,39,3,37,,,6,1,2,3,,,64,,,,14,1,3,3,43,7,,,33,22,11,,,,,,,,,,2
,,Hardeman,,260,75,125,60,3,3,,,5,16,3,,,13,3,,3,3,,142,6,91,1,,13,3,1,9,,,161,,,,47,3,25,17,69,36,1,2,90,73,17,,,,,,,,,,14
,,Haywood,,162,30,106,26,,,,,1,10,4,,,6,,,,3,,84,4,82,,,7,1,2,3,,1,131,1,,,14,,12,25,79,15,2,,23,15,8,,,,,,,,,,1
,,Henderson,,285,52,160,73,1,1,,,1,10,3,,1,6,1,,1,2,,133,33,172,,,71,3,66,2,,,225,,,2,72,,32,11,108,22,4,2,69,56,13,,,,,,,,,,2
,,Henry,,204,31,109,64,1,1,,,10,17,7,,2,8,3,,3,,,129,4,76,2,,46,16,20,10,,,280,,,7,85,,40,20,128,17,,,198,138,60,,,,,,2,,,,6
,,Houston,,114,28,59,27,,,,,,3,,,,3,5,,5,1,,31,6,30,1,,4,3,,1,,,50,,,,19,,4,2,25,8,1,,10,4,6,,,,,,1,,,,1
,,Humphreys,,76,23,43,10,,,,,,,,,,,,,,1,,54,1,52,,,1,,1,,,,130,,,,25,,8,5,92,4,,,60,41,19,,,,,,,,,,
,,Jackson,,105,24,74,7,,,,,,,,,,,,,,3,,79,10,33,1,,15,1,5,7,,2,111,,,2,38,,10,4,57,16,1,1,103,55,48,,,,,,,,,,4
,,Johnson,,256,70,127,59,2,2,,,5,17,3,3,,11,1,,1,2,,90,9,46,,,20,11,6,3,,,135,1,,,32,,21,18,63,35,2,2,119,71,48,,,,,,,,,,17
,,Lake,,16,5,9,2,,,,,,2,,1,,1,,,,,,3,,2,,,,,,,,,17,1,,,2,,4,2,8,3,,,21,13,8,,,,,,,1,,1,1
,,Lauderdale,,294,54,123,117,,,,,3,9,5,,,4,1,1,,2,,175,8,95,1,,24,5,2,14,,3,191,,,,41,,24,20,106,30,4,,70,48,22,,,,,,,,,,12
,,Lawrence,,660,94,292,274,,,,,3,12,2,,1,9,2,,2,6,,218,26,316,1,,62,40,13,9,,,326,2,,5,98,,52,46,123,39,2,,408,270,138,,,,,,,,,,20
,,Lewis,,99,14,53,32,,,,,,6,3,1,,2,,,,2,,33,,90,,,5,2,2,1,,,120,,,,38,,21,1,60,13,,,34,19,15,,,,,,,,,,2
,,Lincoln,,325,81,139,105,4,4,,,,6,3,1,,2,2,,2,3,,148,35,129,,,72,48,12,12,,,208,,,3,55,,36,11,103,17,1,1,82,44,38,2,,1,1,,,11,8,3,6
,,Marshall,,164,31,101,32,,,,,,1,,,,1,4,1,3,,,55,1,41,,,10,4,2,4,,,100,,,,22,,9,,69,9,,,22,16,6,,,,,,,,,,2
,,McMinn,,355,62,213,80,,,,,3,4,2,,,2,3,2,1,7,,194,10,151,,,35,6,19,8,1,1,387,1,,4,103,,54,9,216,64,5,1,109,80,29,,,,,,,,,,3
,,McNairy,,258,78,128,52,,,,,2,7,3,2,,2,,,,1,,95,6,120,5,,20,7,5,5,,3,207,,,3,69,,20,23,92,29,1,2,180,121,59,,,,,,1,,,,11
,,Monroe,,625,125,312,188,4,4,,,1,5,3,,,2,1,,1,9,,214,,157,,,24,21,1,2,,,422,,,,5,,11,,406,61,3,,37,28,9,,,,,,,,,,3
,,Moore,,44,4,23,17,,,,,,,,,,,,,,,,20,,18,,1,18,14,4,,,,68,,,2,9,,6,3,48,4,,,23,18,5,,,,,,,,,,
,,Obion,,77,23,44,10,,,,,1,2,1,1,,,,,,3,,64,,59,,,35,34,1,,,,178,,,,62,,32,20,64,15,1,,32,24,8,,,,,,1,,,,2
,,Overton,,145,43,93,9,1,1,,,,5,3,,,2,,,,3,,102,,37,,,11,4,2,5,,,92,,,,31,,11,3,47,9,1,1,85,57,28,,,,,,,,,,7
,,Perry,,88,22,44,22,,,,,3,1,1,,,,,,,1,,33,3,22,,,24,2,14,8,,,65,,,3,21,,6,,35,8,1,,60,31,29,,,,,,2,,,,5
,,Putnam,,479,132,252,95,,,,,8,16,7,,,9,,,,2,,272,18,365,,,122,49,38,15,,20,687,,,1,114,1,148,100,323,55,3,,136,87,49,,,,,,2,1,1,,
,,Rhea,,276,74,127,75,1,,1,,7,5,3,,,2,1,1,,1,,123,3,108,3,,7,4,,3,,,233,2,,5,69,,38,27,92,35,4,,259,163,96,,,,,,,,,,18
,,Scott,,172,21,69,82,1,1,,,1,8,1,1,,6,3,,3,2,,132,9,67,,,10,7,3,,,,184,,,2,35,,23,7,117,24,,,117,78,39,,,,,,,,,,2
,,Sevier,,945,114,495,336,2,2,,,3,29,13,,,16,7,,7,4,,834,56,511,1,,51,16,25,8,,2,"1,098",,,13,452,2,132,9,490,94,13,1,97,75,22,,,,,,2,,,,12
,,Stewart,,69,31,35,3,,,,,,3,1,2,,,2,,2,3,,50,2,59,1,,7,1,4,2,,,71,,,4,16,,13,4,34,13,2,,19,12,7,,,,,,,,,,5
,,Van Buren,,32,11,9,12,,,,,,1,1,,,,,,,,,11,,29,1,,,,,,,,72,3,1,,5,,2,,61,3,,,6,6,,,,,,,1,,,,
,,Warren,,218,37,164,17,,,,,2,2,1,,,1,5,1,4,1,,130,1,120,,,6,4,,2,,,238,1,1,2,78,1,41,24,90,34,1,1,147,93,54,,,,,,1,,,,12
,,Wayne,,72,38,30,4,1,1,,,,3,2,1,,,1,,1,2,,40,1,20,1,,3,1,2,,,,47,,,,18,,4,2,23,7,,2,87,61,26,,,,,,,,,,2
,,Weakley,,192,59,91,42,2,2,,,,5,3,,,2,,,,,,77,1,37,,,16,9,2,5,,,113,,,,27,,20,13,53,20,1,,97,54,43,,,,,,,,,,15
,,White,,324,81,172,71,1,1,,,3,10,5,5,,,3,,3,2,,97,17,121,1,2,24,6,7,5,,6,278,,,8,99,,22,17,132,37,1,1,151,101,50,,,,,,2,,,,18
,State Police Agencies,Department of Safety,,76,51,17,8,2,1,1,,1,,,,,,,,,2,,,5,4,,,116,6,,110,,,15,,,,1,,6,2,6,38,,18,"1,390",977,413,,,,,,,,,,117
,Other Agencies,Alcoholic Beverage Commission,,,,,,,,,,,,,,,,,,,,,,1,,,,,,,,,,,,,,,,,,,,,,17,16,1,,,,,,,,,,
,,Chattanooga Housing Authority,,6,2,3,1,,,,,,,,,,,,,,,,,,7,,,6,1,,5,,,2,,,,1,,,,1,,,,150,111,39,1,,,1,,,,,,14
,,Chattanooga Metropolitan Airport,,,,,,,,,,,,,,,,,,,,,,,1,,,,,,,,,2,,,,1,,,1,,,,,,,,,,,,,,,,,4
,,"Department of Correction, Internal Affairs",,24,18,5,1,,,,,1,,,,,,,,,,2,1,1,,,,,,,,,,,,,,,,,,,,,1,28,28,,,,,,,,,,,14
,,Dickson Parks and Recreation,,,,,,,,,,,,,,,,,,,,,,,,,,,,,,,,,,,,,,,,,,,,,,,,,,,,,,,,
,,Drug Task Force:,,,,,,,,,,,,,,,,,,,,,,,,,,,,,,,,,,,,,,,,,,,,,,,,,,,,,,,,
,,1st Judicial District,,,,,,,,,,,,,,,,,,,,,,,,,,,,,,,,,,,,,,,,,,,,22,21,1,,,,,,,,,,1
,,2nd Judicial District,,,,,,,,,,,,,,,,,,,,,,,,,,,,,,,,,,,,,,,,,,,,39,33,6,,,,,,,,,,2
,,3rd Judicial District,,,,,,,,,,,,,,,,,,,,,,,,,,,,,,,,,,,,,,,,,,,1,45,45,,,,,,,,,,,
,,4th Judicial District,,,,,,,,,,,,,,,,,,,,,,,,,,,,,,,,2,,,,,,,,2,,,,255,253,2,,,,,,,,,,
,,5th Judicial District,,,,,,,,,,,,,,,,,,,,,1,1,,,,118,100,,10,8,,1,,,,,,,,1,,,2,447,287,160,1,,1,,,,,,,10
,,8th Judicial District,,,,,,,,,,,,,,,,,,,,,,,,,,,,,,,,,,,,,,,,,,,,76,76,,,,,,,,,,,
,,9th Judicial District,,,,,,,,,,,,,,,,,,,,,,,,,,,,,,,,,,,,,,,,,,,,64,62,2,,,,,,,,,,1
,,10th Judicial District,,1,,1,,,,,,,,,,,,,,,,,,1,,,,6,,,6,,,1,,,,,,,,1,,,,159,124,35,,,,,,,,,,7
,,12th Judicial District,,,,,,,,,,,,,,,,,,,,,,1,,,,,,,,,,,,,,,,,,,,,1,24,20,4,,,,,,,,,,3
,,13th Judicial District,,,,,,,,,,,,,,,,,,,,,,,,,,,,,,,,,,,,,,,,,,,,,,,,,,,,,,,,
,,14th Judicial District,,,,,,,,,,,,,,,,,,,,,,,,,,,,,,,,,,,,,,,,,,,,7,7,,,,,,,,,,,
,,15th Judicial District,,,,,,,,,,,,,,,,,,,,,,,,,,11,10,,1,,,,,,,,,,,,,,,143,114,29,,,,,,,,,,5
,,17th Judicial District,,,,,,,,,,,,,,,,,,,,,,1,,,1,,,,,,,,,,,,,,,,,,,393,331,62,,,,,,,,,,2
,,18th Judicial District,,,,,,,,,,,,,,,,,,,,,,,,,,6,4,,2,,,,,,,,,,,,,,1,159,97,62,,,,,,,,,,13
,,19th Judicial District,,,,,,,,,,,,,,,,,,,,,,40,,,,68,68,,,,,3,,,,1,,,,2,,,1,177,153,24,,,,,,,,,,1
,,21st Judicial District,,,,,,,,,,,,,,,,,,,,,,20,,,,34,21,,13,,,,,,,,,,,,,,,83,72,11,,,,,,,,,,
,,22nd Judicial District,,,,,,,,,,,,,,,,,,,,,,,,,,,,,,,,,,,,,,,,,,,,84,60,24,,,,,,,,,,1
,,23rd Judicial District,,,,,,,,,,,,,,,,,,,,,,,,,,,,,,,,,,,,,,,,,,,,159,118,41,,,,,,,,,,
,,24th Judicial District,,,,,,,,,,,,,,,,,,,,,,,,,,1,,,1,,,2,,,,,,2,,,1,1,,75,44,31,,,,,,,,,,2
,,25th Judicial District,,,,,,,,,,,,,,,,,,,,,,,,,,,,,,,,,,,,,,,,,,,,4,4,,,,,,,,,,,
,,27th Judicial District,,,,,,,,,,,,,,,,,,,,,,,,,,,,,,,,,,,,,,,,,,,1,147,115,32,,,,,,,,,,9
,,31st Judicial District,,,,,,,,,,,,,,,,,,,,,,,,,,,,,,,,,,,,,,,,,,,,2,2,,,,,,,,,,,
,,Knoxville Metropolitan Airport,,1,,,1,,,,,,,,,,,,,,,,,,3,,,3,3,,,,,21,,,,10,,4,,7,,,,4,4,,,,,,,,,,,9
,,Memphis International Airport,,16,1,11,4,,,,,,,,,,,,,,,,,3,16,2,,3,1,1,1,,,125,,,2,64,,17,12,30,7,1,,10,9,1,,,,,,,,,,11
,,Metropolitan Nashville Park Police,,26,3,18,5,,,,,,,,,,,1,,1,,,3,,129,,,,,,,,,135,,,,9,,112,2,12,3,6,,23,17,6,,,,,,1,,,,1
,,Nashville International Airport,,4,1,3,,,,,,,,,,,,,,,,,,1,,,,1,,,1,,,24,,,1,18,,1,3,1,9,,,9,5,4,,,,,,,,,,49
,,Smyrna/Rutherford County Airport Authority,,,,,,,,,,,,,,,,,,,,,,,,,,,,,,,,1,,,,1,,,,,,,,,,,,,,,,,,,,
,,State Fire Marshal,,,,,,,,,,,,,,,,,,,27,,,,,,,,,,,,,,,,,,,,,,,,,,,,,,,,,,,,,
,,State Park Rangers:,,,,,,,,,,,,,,,,,,,,,,,,,,,,,,,,,,,,,,,,,,,,,,,,,,,,,,,,
,,Bicentennial Capitol Mall,,2,,,2,,,,,,,,,,,,,,,,,,5,,,,,,,,,2,,,,,,1,,1,,,,,,,,,,,,,,,,
,,Big Hill Pond,,,,,,,,,,,,,,,,,,,,,,,,,,,,,,,,,,,,,,,,,,,,,,,,,,,,,,,,
,,Big Ridge,,,,,,,,,,,,,,,,,,,,,,,,,,,,,,,,,,,,,,,,,,,,,,,,,,,,,,,,
,,Bledsoe Creek,,,,,,,,,,,,,,,,,,,,,,,,,,,,,,,,1,,,,,,1,,,,,,,,,,,,,,,,,,
,,Booker T. Washington,,,,,,,,,,,,,,,,,,,,,,,1,,,,,,,,,,,,,,,,,,,,,,,,,,,,,,,,,
,,Burgess Falls Natural Area,,,,,,,,,,,,,,,,,,,,,,,1,,,,,,,,,1,,,,,,1,,,,,,,,,,,,,,,,,,
,,Cedars of Lebanon,,,,,,,,,,,,,,,,,,,,,,,,,,,,,,,,2,,,,,,2,,,,,,,,,,,,,,,,,,
,,Chickasaw,,,,,,,,,,,,,,,,,,,,,,,,,,,,,,,,2,,,,,1,,,1,,,,,,,,,,,,,,,,
,,Cove Lake,,,,,,,,,,,,,,,,,,,,,,,,,,,,,,,,5,,,,,,2,3,,,,,,,,,,,,,,,,,
,,Cumberland Mountain,,,,,,,,,,,,,,,,,,,,,,,,,,,,,,,,,,,,,,,,,,,,,,,,,,,,,,,,
,,Cumberland Trail,,2,1,,1,,,,,,,,,,,,,,,,,,2,,,,,,,,,10,,,,,,9,,1,1,1,,10,6,4,,,,,,,,,,
,,Cummins Falls,,,,,,,,,,,,,,,,,,,,,,,,,,,,,,,,,,,,,,,,,,,,,,,,,,,,,,,,
,,David Crockett,,,,,,,,,,,,,,,,,,,,,,,,,,,,,,,,,,,,,,,,,,,,,,,,,,,,,,,,
,,Davy Crockett Birthplace,,,,,,,,,,,,,,,,,,,,,,,1,,,,,,,,,3,,,,,,3,,,,,,,,,,,,,,,,,,
,,Dunbar Cave Natural Area,,,,,,,,,,,,,,,,,,,,,,,1,,,,,,,,,4,,,,1,,1,,2,,,,,,,,,,,,,,,,
,,Edgar Evins,,,,,,,,,,,,,,,,,,,,,,,5,,,,,,,,,7,,,,,,6,,1,,,,2,1,1,,,,,,,,,,1
,,Fall Creek Falls,,1,,1,,,,,,,1,,1,,,,,,,,,,,,,,,,,,,2,,,,1,,1,,,,,,2,1,1,,,,,,,,,,
,,Fort Loudon State Historic Park,,,,,,,,,,,,,,,,,,,,,,,,,,,,,,,,,,,,,,,,,,,,,,,,,,,,,,,,
,,Fort Pillow State Historic Park,,,,,,,,,,,,,,,,,,,,,,,,,,,,,,,,,,,,,,,,,,,,1,1,,,,,,,,,,,1
,,Frozen Head Natural Area,,,,,,,,,,,,,,,,,,,,,,,,,,,,,,,,,,,,,,,,,,,,,,,,,,,,,,,,
,,Harpeth Scenic Rivers,,,,,,,,,,,,,,,,,,,,,,,2,,,,,,,,,2,,,,,,2,,,,,,,,,,,,,,,,,,
,,Harrison Bay,,,,,,,,,,,,,,,,,,,,,,,,,,,,,,,,,,,,,,,,,,,,2,1,1,,,,,,,,,,
,,Henry Horton,,,,,,,,,,,,,,,,,,,,,1,,2,,,,,,,,,5,,,,,,4,,1,,,,,,,,,,,,,,,,
,,Hiwassee/Ocoee State Scenic Rivers,,,,,,,,,,,,,,,,,,,,,,,,,,,,,,,,3,,,,,,3,,,1,,,13,7,6,,,,,,,,,,1
,,Indian Mountain,,,,,,,,,,,,,,,,,,,,,,,,,,,,,,,,,,,,,,,,,,,,,,,,,,,,,,,,
,,Johnsonville State Historic Park,,,,,,,,,,,,,,,,,,,,,,,,,,,,,,,,,,,,,,,,,,,,,,,,,,,,,,,,
,,Long Hunter,,,,,,,,,,,,,,,,,,,,,,,1,,,,,,,,,3,,,,,,3,,,,,,,,,,,,,,,,,,
,,Meeman-Shelby Forest,,,,,,,,,,,,,,,,,,,,,,,,,,,,,,,,2,,,,,,,1,1,,,,2,2,,,,,,,,,,,
,,Montgomery Bell,,,,,,,,,,,,,,,,,,,,,,,,,,,,,,,,3,,,,1,,1,,1,,,,1,1,,,,,,,,,,,
,,Mousetail Landing,,,,,,,,,,,,,,,,,,,,,,,,,,,,,,,,,,,,,,,,,,,,,,,,,,,,,,,,
,,Natchez Trace,,1,,1,,,,,,,,,,,,,,,,,,,,,,,,,,,,,,,,,,,,,,,,,,,,,,,,,,,,
,,Nathan Bedford Forrest,,,,,,,,,,,,,,,,,,,,,,,,,,,,,,,,,,,,,,,,,,,,,,,,,,,,,,,,
,,Norris Dam,,,,,,,,,,,,,,,,,,,,,,,2,,,,,,,,,1,,,,,,1,,,,,,3,2,1,,,,,,,,,,
,,Old Stone Fort State Archaeological Park,,,,,,,,,,,,,,,,,,,,,,,1,,,,,,,,,6,,,,,,6,,,,,,,,,,,,,,,,,,
,,Panther Creek,,,,,,,,,,,,,,,,,,,,,,,2,,,,,,,,,10,,,,,2,8,,,,,,,,,,,,,,,,,,
,,Paris Landing,,,,,,,,,,,,,,,,,,,,,,,1,,,,,,,,,2,,,,,,1,,1,,,,,,,,,,,,,,,,
,,Pickett,,,,,,,,,,,,,,,,,,,,,,,1,,,,,,,,,2,,,,,,2,,,,,,,,,,,,,,,,,,
,,Pickwick Landing,,3,2,1,,,,,,,1,,,,1,,,,,,,,,,,,,,,,,2,,,,1,,,,1,,,,,,,,,,,,,,,,
,,Pinson Mounds State Archaeological Park,,,,,,,,,,,,,,,,,,,,,,,,,,,,,,,,,,,,,,,,,,,,,,,,,,,,,,,,
,,Radnor Lake Natural Area,,1,,,1,,,,,,,,,,,,,,,,,,,,,,,,,,,1,,,,,,1,,,,,,,,,,,,,,,,,,
,,Red Clay State Historic Park,,,,,,,,,,,,,,,,,,,,,,,,,,,,,,,,,,,,,,,,,,,,,,,,,,,,,,,,
,,Reelfoot Lake,,,,,,,,,,,,,,,,,,,,,,,,,,,,,,,,,,,,,,,,,,,,,,,,,,,,,,,,
,,Roan Mountain,,,,,,,,,,,,,,,,,,,,,,,,,,,,,,,,,,,,,,,,,,,,,,,,,,,,,,,,
,,Rock Island,,,,,,,,,,,,,,,,,,,,,,,,,,,,,,,,3,,,,,,1,,2,,,,,,,,,,,,,,,,
,,Sgt. Alvin C. York,,,,,,,,,,,,,,,,,,,,,,,,,,,,,,,,,,,,,,,,,,,,,,,,,,,,,,,,
,,South Cumberland Recreation Area,,,,,,,,,,,,,,,,,,,,,,,1,,,,,,,,,,,,,,,,,,,,,6,3,3,,,,,,,,,,2
,,Standing Stone,,,,,,,,,,,,,,,,,,,,,,,,,,,,,,,,,,,,,,,,,,,,1,1,,,,,,,,,,,
,,Sycamore Shoals State Historic Park,,,,,,,,,,,,,,,,,,,,,,,3,,,,,,,,,1,,,,,,,,1,,,,,,,,,,,,,,,,
,,Tim's Ford,,,,,,,,,,,,,,,,,,,,,,,,,,,,,,,,1,,,,,,1,,,,,,1,,1,,,,,,,,,,
,,T.O. Fuller,,,,,,,,,,,,,,,,,,,,,1,,2,,,,,,,,,5,,,,,,2,,3,,,,2,2,,,,,,,,,,,
,,Warrior's Path,,2,,2,,,,,,,,,,,,,,,,,,,,,,,,,,,,,,,,,,,,,,,,2,1,1,,,,,,,,,,
,,TennCare Office of Inspector General,,,,,,,,,,,,,,,,,,,,,,17,,,,345,40,,12,293,,,,,,,,,,,,,,38,38,,,,,,,,,,,
,,Tennessee Bureau of Investigation,,18,4,10,4,1,,,1,,2,,,,2,1,,1,,1,1,2,1,3,,30,15,2,1,5,7,5,,,,2,,,,3,,,,139,138,1,,,,,,13,,,,1
,,"Tennessee Department of Revenue, Special Investigations Unit",,,,,,,,,,,,,,,,,,,,,,,,,,,,,,,,,,,,,,,,,,,,,,,,,,,,,,,,
,,Tri-Cities Regional Airport,,,,,,,,,,,,,,,,,,,,,,,,,,,,,,,,,,,,,,,,,,,,,,,,,,,,,,,,
,,West Tennessee Violent Crime Task Force,,1,,1,,,,,,,,,,,,,,,,,,,,,,,,,,,,,,,,,,,,,,,,141,77,64,,,,,,,,,,9
,,Wildlife Resources Agency:,,,,,,,,,,,,,,,,,,,,,,,,,,,,,,,,,,,,,,,,,,,,,,,,,,,,,,,,
,,Region 1,,,,,,,,,,,,,,,,,,,,,,,,,,,,,,,,,,,,,,,,,,,,4,3,1,,,,,,,,,,
,,Region 2,,,,,,,,,,,,,,,,,,,,,,,,,,1,,,1,,,,,,,,,,,,,,,31,22,9,,,,,,,,,,
,,Region 3,,,,,,,,,,,,,,,,,,,,,,,,,,,,,,,,,,,,,,,,,,,,14,9,5,,,,,,,,,,
,,Region 4,,,,,,,,,,,,,,,,,,,,,,,,,,2,,,2,,,,,,,,,,,,,,,26,21,5,,,,,,,,,,
TEXAS,Cities,Allen,"88,783",581,31,464,86,,,,,1,25,11,4,1,9,8,,8,,,215,45,278,19,,319,55,95,160,,9,"1,181",2,,282,104,4,475,70,244,44,13,7,606,383,223,,,,,,8,1,1,,26
,,Amarillo,"196,576","4,869",883,"3,449",537,12,10,,2,235,269,113,55,89,12,10,3,7,54,,"2,040",457,"2,554",67,,"1,025",183,574,265,,3,"6,242",,4,"1,498",353,28,"1,890",228,"2,241",635,278,4,"3,119","1,743","1,376",1,1,,,,15,27,26,1,182
,,Aransas Pass,"8,325",234,35,159,40,2,2,,,,9,7,1,,1,,,,2,,814,13,176,,1,41,1,25,15,,,375,,1,1,79,,76,,218,20,4,,83,81,2,,,,,,,,,,9
,,Bedford,"48,763",521,103,389,29,2,2,,,6,22,10,3,,9,,,,2,,269,78,355,3,,243,16,72,154,,1,980,4,2,142,72,10,322,65,363,76,29,14,503,336,167,2,,2,,,4,2,2,,22
,,Cleburne,"30,126",524,99,397,28,1,1,,,8,29,28,,,1,1,,1,4,,255,48,347,,,77,28,,49,,,"1,035",,,1,,7,245,3,779,61,21,2,237,160,77,,,,,,1,,,,15
,,Conroe,"59,856",841,132,630,79,2,2,,,3,37,13,10,2,12,6,,6,1,1,452,70,52,51,,193,85,105,3,,,"1,527",,2,416,,6,301,130,672,115,74,2,630,562,68,,,,,,4,1,1,,42
,,Denison,"23,125",293,68,209,16,1,1,,,2,47,11,16,9,11,3,2,1,1,,250,37,272,,,22,21,,1,,,784,5,,127,19,5,144,51,433,63,15,1,184,161,23,,,,,,,1,1,,22
,,Denton,"118,942","1,224",200,972,52,2,1,,1,19,148,86,10,20,32,12,2,10,,,608,144,809,36,,682,520,161,,,1,"2,498",5,1,536,152,17,548,224,"1,015",152,82,8,830,529,301,,,,,,4,2,,2,57
,,Edna,"5,561",66,10,49,7,,,,,,3,1,1,,1,2,,2,,,25,5,37,,,14,3,6,5,,,112,2,1,40,7,,16,,46,5,,,39,38,1,,,,,,,,,,2
,,Flower Mound,"68,023",206,16,150,40,,,,,,5,,2,,3,,,,2,,107,31,248,,,210,28,38,144,,,440,,,3,,3,123,3,308,17,5,,171,146,25,,,,,,,,,,7
,,Forney,"15,174",89,11,72,6,1,,,1,,11,5,,,6,,,,1,,49,25,61,,,59,4,18,37,,,245,,,46,13,1,94,7,84,20,5,,135,96,39,,,,,,,,,,7
,,Fort Worth,"770,101","12,150","2,820","8,222","1,108",47,45,1,1,138,898,398,126,53,321,63,1,62,134,3,"8,406",468,"8,081",215,,"2,550",463,894,"1,190",1,2,"21,814",357,71,"4,957",167,112,"5,534","3,013","7,603","2,401","1,284",2,"5,350","4,061","1,289",20,11,9,,,52,263,255,8,561
,,Frisco,"123,205",602,66,477,59,,,,,,29,8,9,2,10,2,,2,4,,439,82,646,53,,492,310,173,8,,1,"2,051",1,,520,410,,571,176,373,58,24,10,503,282,221,,,,,,2,1,1,,11
,,Georgetown,"50,304",262,47,185,30,,,,,,27,18,,,9,,,,8,,148,33,317,12,,206,160,45,1,,,766,1,1,94,67,14,289,15,285,20,5,2,172,121,51,,,,,,3,,,,8
,,Highland Park,"8,871",15,1,14,,,,,,,2,,,,2,,,,2,,17,2,35,,,18,,1,17,,,224,,3,14,31,,106,17,53,7,2,1,20,16,4,,,,,,,,,,1
,,Iowa Park,"6,407",64,17,46,1,,,,,,5,2,2,,1,5,2,3,2,,18,1,31,,,19,3,12,4,,,69,1,,,6,2,26,2,32,7,,,18,16,2,,,,,,,1,,1,2
,,Katy,"14,642",171,21,150,,,,,,,23,1,10,7,5,,,,2,,67,14,232,,,,,,,,,573,,1,141,1,,152,1,277,31,8,3,191,80,111,,,,,,,2,1,1,6
,,Llano,"3,261",35,,25,10,,,,,,,,,,,,,,,,25,,10,,,,,,,,,57,,1,10,,,18,,28,,,,17,12,5,,,,,,,,,,4
,,Longview,"82,554","1,753",298,"1,303",152,7,7,,,4,71,28,10,1,32,19,,19,,,904,302,880,,,489,34,371,84,,,"3,014",14,19,636,82,19,931,39,"1,274",311,132,,588,463,125,,,,,,11,2,1,1,93
,,Lumberton,"12,258",114,9,96,9,,,,,10,10,3,1,2,4,,,,1,,41,10,46,,,48,1,31,16,,,178,,,61,,,38,3,76,11,2,,134,106,28,,,,,,,,,,8
,,Marble Falls,"6,222",188,14,167,7,,,,,2,10,8,,1,1,1,,1,,,34,20,98,,,25,11,14,,,,229,,,88,2,2,33,3,101,10,3,,125,80,45,,,,,,1,,,,6
,,McKinney,"138,105","1,086",117,907,62,2,,2,,7,82,54,8,,20,2,,2,26,,483,77,897,5,,382,57,165,160,,,"2,206",3,4,549,130,10,717,20,773,104,58,2,494,424,70,,,,,,4,3,1,2,28
,,Murphy,"18,662",68,4,46,18,,,,,,1,1,,,,,,,,,16,4,24,,,50,,30,20,,,115,,,2,2,,27,2,82,1,,,37,29,8,,,,,,,,,,1
,,Pearland,"94,702",833,76,677,80,1,1,,,7,39,21,1,12,5,3,2,1,8,,278,173,275,2,,456,188,263,3,,2,"1,406",4,,268,,5,469,81,579,83,28,9,832,517,315,9,1,7,1,,11,,,,51
,,Plano,"273,816","2,128",193,"1,598",337,2,1,,1,21,158,55,12,10,81,12,,12,23,1,"1,094",180,"1,340",86,1,827,242,348,237,,,"5,110",70,14,"1,366",624,17,"1,371",577,"1,071",315,110,26,"1,698",965,733,13,,1,12,,12,3,3,,68
,,Rockwall,"39,613",258,35,209,14,1,1,,,1,8,2,,,6,,,,,,126,82,148,2,,124,10,49,64,,1,694,5,6,128,149,3,227,36,140,44,4,6,305,279,26,,,,,,3,1,1,,17
,,Rowlett,"58,324",359,45,261,53,,,,,1,34,17,1,7,9,2,,2,2,,220,37,236,5,,134,11,46,70,,7,757,,,105,11,,242,87,312,43,9,8,238,119,119,,,,,,,1,1,,15
,,Royse City,"9,834",68,4,59,5,,,,,,6,2,1,,3,1,,1,2,,33,4,56,,,15,,3,12,,,106,,,6,13,1,49,2,35,5,,,95,56,39,,,,,,,,,,8
,,Rusk,"5,661",96,16,73,7,,,,,1,5,4,,,1,1,,1,,,20,12,31,,,6,1,4,1,,,65,,,12,12,,17,,24,2,,1,63,38,25,,,,,,1,,,,1
,,Sachse,"21,172",119,12,85,22,1,1,,,,12,8,3,,1,,,,1,,36,6,101,,,39,2,10,13,,14,154,,,20,18,1,46,10,59,10,2,,73,45,28,,,,,,1,,,,
,,San Saba,"3,173",31,6,23,2,,,,,1,2,,,1,1,,,,1,,9,4,12,,,3,,2,1,,,38,,,3,6,,13,2,14,,,,6,5,1,,,,,,,,,,
,,Sweetwater,"11,107",306,85,207,14,,,,,1,44,29,9,,6,,,,1,,109,43,143,,,45,15,24,6,,,313,,,10,,12,,,291,19,9,1,102,79,23,,,,,,,1,,1,4
,,Temple,"68,194","1,187",105,"1,014",68,2,1,1,,12,90,22,,,68,,,,,,4394,83,329,5,,206,95,109,1,,1,"1,433",17,,311,62,8,325,43,667,89,74,,745,592,153,,,,,,5,,,,51
,,Tomball,"11,143",134,21,97,16,,,,,,14,10,,,4,,,,1,,70,25,114,8,,53,17,23,12,,1,368,1,,139,,,97,1,130,19,5,8,199,175,24,4,,1,3,,2,,,,15
,,Tyler,"100,040","1,700",397,"1,222",81,5,4,,1,1,85,46,6,,33,6,,6,,,978,224,"1,076",73,,887,335,394,141,,17,"3,377",3,2,957,266,31,794,246,"1,078",136,92,1,823,657,166,2,,,2,,4,7,7,,34
,,Victoria,"64,076","1,377",325,988,64,6,5,1,,2,63,33,6,21,3,4,,4,,,590,58,786,,,208,82,123,,,3,"1,923",1,,261,2,8,450,33,"1,168",108,47,5,783,634,149,,,,,,6,1,1,,58
,,Wylie,"43,645",286,22,258,6,2,2,,,,5,1,,,4,,,,1,,97,10,236,7,,32,10,21,,,1,489,,2,114,63,1,151,48,110,30,3,,190,154,36,,,,,,1,,,,12
,Universities and Colleges,"Texas A&M University, Commerce","11,417",17,2,14,1,,,,,1,1,,,,1,,,,1,,17,,29,1,,3,3,,,,,61,,,1,18,,6,,36,,,,12,6,6,,,,,,,,,,
,,Tyler Junior College,"11,540",17,3,11,3,,,,,,1,,1,,,,,,,,,,,,,,,,,,,96,,1,2,1,1,8,4,79,1,,,14,13,1,,,,,,,,,,
,Metropolitan Counties,Collin,,354,56,274,24,1,1,,,,35,16,2,1,16,6,,6,2,,248,17,137,,,27,8,19,,,,359,,,1,18,2,63,7,268,53,2,,209,128,81,,,,,,5,6,6,,10
,,Goliad,,56,5,49,2,,,,,,4,3,,,1,1,,1,,,36,2,24,,,7,,4,3,,,74,,,1,7,,12,1,53,3,2,,22,17,5,,,,,,,,,,4
,,Kaufman,,627,113,470,44,1,1,,,,42,19,4,,19,1,,1,2,,429,24,336,,,204,109,67,17,5,6,651,1,,,3,,106,19,522,117,11,18,250,201,49,,,,,,10,,,,21
,,McLennan,,440,55,332,53,,,,,8,37,22,4,,11,,,,4,,276,14,208,,1,72,40,30,,2,,404,,,4,,1,94,18,287,45,4,4,157,142,15,,,,,,2,,,,17
,,Rusk,,316,88,194,34,,,,,,21,6,,,15,,,,,,255,2,102,,,10,,5,5,,,403,,,1,3,,30,6,363,49,8,,47,41,6,,,,,,2,,,,10
,Nonmetropolitan Counties,Polk,,626,39,571,16,,,,,1,52,23,1,2,26,2,,2,7,,2514,22,226,,,45,11,28,6,,,434,,,5,14,2,44,8,361,51,7,,188,174,14,,,,,,1,,,,6
,,Tyler,,166,54,86,26,1,1,,,2,16,10,,3,3,,,,3,,123,6,69,,,30,3,19,8,,,115,,1,,15,,9,4,86,19,1,,52,41,11,,,,,,,,,,10
,Other Agencies,Dallas-Fort Worth International Airport,,48,8,34,6,,,,,,1,1,,,,,,,2,,10,15,,1,,61,48,11,2,,,584,,1,1,310,1,59,25,187,26,1,,57,52,5,,,,,,,,,,137
,,"Independent School District, East Central",,13,1,5,7,,,,,,,,,,,,,,,,,,20,,,,,,,,,,,,,,,,,,,,,30,24,6,,,,,,,,,,1
UTAH,Cities,Bluffdale,"7,848",51,4,44,3,,,,,3,8,,,,8,,,,1,,31,4,73,,,12,11,1,,,,73,,,2,9,,21,4,37,7,1,2,82,37,45,,,,,,,,,,
,,Bountiful,"43,888",303,17,268,18,2,1,1,,13,55,17,5,1,32,6,,6,,,142,40,392,,,158,57,66,26,,9,748,,,98,112,1,167,26,344,49,2,23,348,196,152,,,,,,1,,,,32
,,Brigham City,"18,255",267,45,175,47,1,,,1,4,27,10,12,,5,3,,3,3,,94,18,238,,1,86,56,21,9,,,554,,,49,,,108,,397,18,4,7,135,68,67,,,,,,,,,,25
,,Centerville,"15,807",78,3,67,8,,,,,1,9,2,7,,,2,,2,1,,58,32,193,,,140,23,100,17,,,411,,,149,,,52,,210,18,,9,164,80,84,,,,,,,,,,4
,,Clearfield,"31,032",304,36,254,14,,,,,,91,9,3,1,78,3,1,2,1,,92,19,338,,,71,68,1,2,,,630,1,4,63,114,,161,11,276,17,6,,262,151,111,,,,,,7,,,,22
,,Clinton,"21,064",131,9,98,24,,,,,3,36,3,3,1,29,11,1,10,,,37,6,124,,,75,21,52,1,1,,276,,,113,,,53,1,109,9,,,85,38,47,,,,,,,,,,6
,,Draper,"43,600",299,32,182,85,2,1,1,,16,25,7,1,,17,5,,5,4,,153,38,396,1,1,178,56,81,41,,,678,,,115,4,,181,15,363,35,4,13,234,125,109,,,,,,4,,,,35
,,Farmington,"18,836",96,3,92,1,,,,,5,19,3,,1,15,,,,5,,7,13,149,,,62,23,24,12,,3,257,1,,35,1,,65,4,151,19,,8,110,67,43,,,,,,,,,,11
,,Grantsville,"9,185",88,10,78,,,,,,2,16,,,1,15,,,,2,,40,5,38,1,1,21,8,12,1,,,32,,1,3,,,26,,2,16,1,2,58,25,33,,,,,,6,,,,7
,,Heber,"11,954",20,,20,,,,,,2,13,1,,,12,,,,,,15,1,52,,,3,,3,,,,62,1,2,7,10,,4,,38,1,,,17,17,,,,,,,1,1,1,,
,,Helper,"2,219",28,,27,1,7,7,,,,4,,,,4,,,,1,,11,1,19,,,11,7,3,1,,,42,,,8,6,,4,,24,,1,2,35,17,18,,,,,,1,,,,
,,Hurricane,"14,284",195,15,116,64,,,,,2,25,5,3,,17,2,,2,2,,28,20,116,,,8,4,3,,1,,243,,1,49,3,1,58,2,129,12,1,9,81,47,34,,,,,,2,,,,20
,,Kanab,"4,450",25,5,16,4,,,,,,2,,,,2,2,1,1,1,,4,1,,,,6,3,2,1,,,45,,,4,1,,6,1,33,5,,2,16,10,6,,,,,,1,,,,2
,,Kaysville,"28,153",159,9,127,23,1,,,1,13,46,3,8,,35,1,,1,,,55,9,164,,1,34,5,24,5,,,226,,1,32,5,,57,7,124,13,,2,173,103,70,,,,,,5,,,,4
,,Layton,"69,420",931,44,580,307,,,,,9,122,33,8,2,79,10,1,9,9,,299,69,665,3,2,207,36,118,43,,10,"1,538",2,7,435,380,7,314,86,307,69,7,19,590,294,296,1,,,1,,15,17,17,,55
,,Lindon,"10,488",57,12,31,14,,,,,1,3,2,,,1,,,,,,28,10,107,2,,34,8,22,4,,,241,,,126,32,1,34,6,42,9,,5,107,53,54,,,,,,,,,,7
,,Logan,"49,672",243,28,215,,,,,,1,51,1,4,,46,,,,3,,198,23,457,,,98,93,4,1,,,946,,,189,1,1,5,1,749,36,3,1,322,184,138,,,,,,2,,,,36
,,Moab,"5,170",121,10,110,1,,,,,2,7,2,4,,1,2,,2,1,,25,3,75,,,21,7,11,3,,,171,,,19,,,22,,130,15,,2,143,90,53,,,,,,,,,,1
,,Naples,"1,811",16,,14,2,,,,,,6,1,,,5,,,,,,8,2,17,,,7,7,,,,,43,,,,1,,5,5,32,5,,,29,14,15,,,,,,1,,,,1
,,North Ogden,"17,838",57,2,37,18,,,,,13,24,4,1,3,16,,,,2,,64,2,151,,,36,13,9,7,,7,214,,,22,10,2,83,11,86,10,1,5,38,30,8,,,,,,,,,,7
,,North Salt Lake,"16,831",141,11,129,1,,,,,4,18,10,6,,2,,,,1,,58,13,191,,,58,33,4,21,,,383,,,17,,,86,,280,35,4,10,141,74,67,,,,,,,,,,10
,,Ogden,"85,083","2,838",236,"2,058",544,2,2,,,100,206,25,29,26,126,7,,7,13,1,726,218,"2,221",2,,316,133,147,15,,21,"3,376",4,16,761,545,14,717,107,"1,212",219,96,58,"1,780",985,795,,,,,,1,14,13,1,190
,,Perry,"4,600",28,6,17,5,,,,,,11,5,6,,,,,,3,,24,6,31,1,,13,7,2,4,,,77,,,33,,,9,,35,1,1,2,29,12,17,,,,,,,,,,4
,,Pleasant Grove,"34,900",116,7,96,13,,,,,3,39,1,1,,37,1,,1,1,,65,15,181,,,70,32,30,8,,,432,,1,95,26,,79,29,202,17,2,12,245,107,138,,,,,,,1,1,,14
,,Price,"8,799",107,18,87,2,1,1,,,,8,4,1,1,2,7,,7,3,,70,12,53,2,,32,11,18,3,,,335,,2,82,54,,47,4,146,10,,4,113,61,52,,,,,,2,,,,6
,,Provo,"116,879",873,94,646,133,,,,,44,165,38,13,2,112,12,,12,5,,292,33,"1,048",3,3,214,135,57,18,,4,"2,177",2,3,454,481,5,420,64,748,113,19,84,774,366,408,,,,,,2,3,3,,101
,,Riverdale,"8,658",136,7,96,33,,,,,3,22,4,3,,15,1,,1,,,49,28,130,1,,69,2,49,11,,7,396,,12,249,50,,56,1,28,18,3,5,310,127,183,,,,,,3,2,2,,8
,,Roosevelt,"6,189",212,6,204,2,,,,,5,39,4,22,,13,3,,3,1,,34,5,107,,,41,20,19,2,,,202,,,23,,,21,,158,10,,3,158,88,70,,,,,,,,,,3
,,Roy,"37,900",364,11,292,61,1,1,,,41,61,25,5,5,26,3,,3,4,,113,21,381,,2,81,18,41,18,,4,656,,2,75,194,4,183,9,189,26,7,8,86,47,39,,,,,,2,,,,25
,,Salt Lake City,"192,465","5,545",858,"3,806",881,8,8,,,103,359,123,24,74,138,19,1,18,39,,"1,821",295,"3,710",6,16,950,164,458,310,4,14,"11,023",33,97,"2,720","1,298",17,"3,864",508,"2,486","1,719",316,217,"3,104","1,515","1,589",3,,3,,,5,39,30,9,333
,,Sandy,"90,405","1,189",88,982,119,3,2,,1,8,58,24,3,1,30,4,2,2,3,,446,148,999,22,,259,70,130,52,,7,"2,102",,,545,69,14,616,175,683,147,36,75,"1,074",471,603,,,,,,8,7,6,1,76
,,Santa Clara-Ivins,"13,266",52,2,39,11,,,,,,6,1,1,,4,2,,2,,,20,3,36,,,21,14,7,,,,50,,,3,,,10,,37,,,1,54,29,25,,,,,,1,,,,3
,,Saratoga Springs,"18,546",124,11,100,13,,,,,3,18,2,3,2,11,,,,,,25,1,91,,,23,23,,,,,160,1,,55,3,,19,,82,4,4,,110,56,54,,,,,,,1,1,,9
,,South Jordan,"52,071",377,9,287,81,2,,2,,3,25,4,1,,20,4,,4,,,174,40,295,11,,175,53,92,25,,5,800,,12,148,45,1,254,26,314,58,10,5,163,89,74,,,,,,1,,,,15
,,South Ogden,"16,986",146,6,113,27,,,,,23,23,5,,2,16,,,,1,,95,27,119,4,,57,7,23,17,,10,216,,,52,65,4,60,11,24,12,2,6,132,68,64,,,,,,,,,,8
,,South Salt Lake,"24,340",820,125,640,55,3,3,,,4,82,52,7,,23,,,,2,,245,57,973,,,145,35,56,43,,11,"1,184",,13,128,35,,370,42,596,216,31,19,635,331,304,,,,,,2,5,5,,62
,,Spanish Fork,"36,141",49,4,42,3,,,,,1,21,7,1,1,12,2,,2,4,,82,9,236,,,91,57,26,8,,,404,,,23,7,,110,4,260,9,3,,45,31,14,,,,,,,,,,
,,St. George,"75,780",927,105,727,95,,,,,40,84,27,10,,47,9,1,8,5,1,310,87,852,2,,225,105,93,22,,5,"1,304",,14,219,3,2,389,13,664,88,23,39,751,407,344,,,,,,3,2,2,,51
,,Sunset,"5,283",83,,69,14,,,,,,2,,,,2,1,,1,,,14,1,59,,,7,,1,6,,,124,,,23,,,37,,64,5,,,58,25,33,,,,,,,,,,2
,,Syracuse,"25,090",115,5,82,28,,,,,3,26,5,1,,20,8,,8,,,28,2,162,,,52,,52,,,,196,,1,40,,,42,1,112,4,,1,106,52,54,,,,,,2,,,,4
,,Tooele,"32,641",593,64,506,23,1,,1,,55,54,15,4,2,33,2,,2,18,,198,31,510,1,,156,38,81,32,,5,"1,130",,1,243,208,1,263,55,359,69,17,37,385,182,203,,,,,,13,1,1,,59
,,Tremonton,"7,799",141,12,121,8,,,,,2,14,4,4,,6,,,,3,,25,6,104,,,37,28,6,3,,,144,,,21,,,21,,102,6,1,,34,18,16,1,1,,,,,,,,11
,,Vernal,"9,373",269,33,218,18,,,,,2,34,7,4,1,22,5,,5,3,,62,31,149,,,40,9,18,13,,,403,,,44,7,,54,9,289,18,3,,208,120,88,,,,,,7,,,,26
,,Washington,"19,509",168,27,101,40,1,1,,,2,19,6,1,1,11,1,,1,,,72,16,156,,,88,34,45,4,,5,516,,,182,,,156,3,175,24,4,15,215,110,105,,,,,,,,,,43
,,West Bountiful,"5,429",47,5,38,4,,,,,1,13,1,9,3,,,,,,,19,5,60,,,27,13,14,,,,133,,,30,,,31,,72,10,1,8,73,42,31,,,,,,,,,,1
,,West Jordan,"107,103","1,158",143,838,177,2,2,,,27,138,24,6,3,105,8,2,6,9,,478,161,"1,557",2,,306,,210,49,2,45,"2,551",,34,583,33,2,691,59,"1,149",240,33,35,899,426,473,2,2,,,,20,1,1,,86
,,West Valley,"133,725","2,470",388,"1,823",259,1,1,,,102,261,94,24,4,139,14,2,12,19,,912,217,"1,778",19,2,617,228,312,62,,15,"4,191",,11,"1,045",264,5,"1,088",490,"1,288",668,120,181,"1,736",832,904,2,,1,1,,20,5,3,2,275
,,Willard,"1,806",6,,5,1,,,,,,1,,1,,,,,,,,2,,7,,,3,2,,1,,,12,,,,,,2,,10,,1,,13,7,6,,,,,,,,,,1
,,Woods Cross,"10,066",123,5,114,4,,,,,3,27,7,19,,1,5,,5,,,62,14,106,2,,35,11,18,6,,,155,,,9,2,,36,10,98,19,1,7,103,55,48,,,,,,,,,,3
,Universities and Colleges,Brigham Young University,"34,101",32,3,13,16,,,,,,3,,,,3,,,,1,,4,,60,,,7,7,,,,,230,1,,20,59,,15,2,133,2,,2,1,1,,,,,,,,,,,
,,Southern Utah University,"7,750",5,,5,,,,,,,2,,,,2,,,,,,2,,15,,,1,,1,,,,29,,1,1,8,,4,,15,,,,8,8,,,,,,,,,,,
,,Utah State University,"26,757",5,,3,2,,,,,,2,,,,2,,,,,,6,,44,,,21,13,2,,,6,91,1,,,21,,4,1,64,,,1,3,2,1,,,,,,1,,,,
,Metropolitan Counties,Davis,,163,11,120,32,,,,,2,21,5,,,16,,,,,,48,5,112,,,55,1,1,53,,,157,,,1,,,72,2,82,7,,8,449,232,217,,,,,,4,,,,30
,,Morgan,,20,1,10,9,,,,,,4,1,,,3,,,,1,,7,,27,,,3,,2,,,1,38,,,,17,,9,1,11,2,,1,66,32,34,,,,,,,,,,7
,,Salt Lake County Unified Police Department,,"3,154",415,"2,036",703,5,5,,,49,402,116,15,,271,13,4,9,35,,"1,665",343,"3,594",11,4,"1,443",596,594,181,2,70,"7,739",22,41,"1,406","1,400",12,"2,644",398,"1,816",840,169,168,"1,784","1,122",662,,,,,,9,16,6,10,182
,,Tooele,,107,17,88,2,,,,,2,21,7,,2,12,,,,4,,43,19,19,,1,47,15,27,5,,,63,,,4,2,1,53,,3,26,2,14,279,144,135,,,,,,3,1,1,,17
,,Utah,,190,16,151,23,,,,,7,34,3,2,1,28,7,1,6,2,,48,6,192,1,,65,42,17,6,,,236,,,9,8,,45,6,168,10,,5,901,412,489,,,,,,,,,,157
,,Washington,,152,13,106,33,2,2,,,1,8,2,1,,5,1,,1,1,,31,12,74,,,20,14,4,1,,1,90,,1,6,,,25,1,57,8,2,5,108,59,49,,,,,,,,,,22
,,Weber,,320,29,221,70,,,,,10,79,7,7,9,56,6,,6,7,,182,14,376,,,123,20,51,45,,7,746,2,2,15,175,10,257,33,252,52,5,8,177,97,80,,,,,,38,,,,26
,Nonmetropolitan Counties,Carbon,,47,5,42,,,,,,,9,2,1,,6,,,,,,43,,86,,,8,2,4,1,,1,147,,,,36,,29,3,79,8,,3,32,16,16,,,,,,5,,,,7
,,Daggett,,2,,2,,,,,,,1,,,,1,,,,,,13,,4,,,3,2,1,,,,16,,,,,,1,,15,,,,2,1,1,,,,,,,,,,
,,Duchesne,,105,22,74,9,,,,,4,24,2,,,22,9,1,8,3,,58,4,104,,,29,9,17,2,1,,237,,,1,,,18,,218,14,,2,113,64,49,,,,,,4,,,,16
,,Emery,,69,6,56,7,1,,1,,,5,3,,,2,,,,2,,44,7,48,1,,12,4,7,1,,,121,,,7,,,8,4,102,10,,3,48,21,27,,,,,,,,,,8
,,Millard,,128,18,73,37,,,,,,10,4,,1,5,1,,1,,,54,5,37,1,,3,,3,,,,191,,,7,15,,28,4,137,12,,2,65,38,27,,,,,,2,,,,11
,,Uintah,,203,34,144,25,,,,,4,54,10,1,1,42,5,,5,3,,54,7,136,,,40,11,21,8,,,171,,,2,,,20,8,141,16,2,1,419,225,194,,,,,,3,,,,36
,,Wasatch,,69,10,59,,,,,,,24,,,3,21,,,,,,21,,85,,,3,,1,2,,,125,1,1,8,32,1,17,5,60,6,,,16,16,,,,,,,,,,,6
,State Police Agencies,Utah Highway Patrol,,115,39,68,8,3,3,,,,2,2,,,,,,,1,,8,23,44,,,30,22,2,6,,,166,,,4,,,30,,132,22,1,40,"2,849","1,629","1,220",,,,,,,,,,30
,Other Agencies,Cache-Rich Drug Task Force,,,,,,,,,,,,,,,,,,,,,2,,1,,,,,,,,,4,,,,,,,,4,,,,172,101,71,,,,,,,,,,5
,,Davis Metropolitan Narcotics Strike Force,,,,,,,,,,,,,,,,,,,,,,8,,,,19,19,,,,,1,,,,,,,,1,,,1,162,94,68,,,,,,,,,,13
,,Parks and Recreation,,17,1,16,,,,,,,2,1,,,1,,,,2,,1,,17,,,2,2,,,,,14,,,,,,2,,12,6,,6,117,64,53,,,,,,,,,,10
,,Utah Transit Authority,,70,10,57,3,,,,,,1,,,,1,,,,,,1,3,64,,,6,,4,2,,,"2,236",,,,,,32,1,"2,203",29,2,4,137,63,74,,,,,,,,,,5
,,Wildlife Resources,,7,1,6,,1,1,,,,,,,,,,,,,,1,,16,,,,,,,,,2,,,,,,,,2,,,1,42,26,16,,,,,,,,,,77
VERMONT,Cities,Barre,"9,060",134,12,103,19,,,,,1,27,8,,,19,,,,1,,84,2,167,3,,25,15,2,8,,,378,1,2,66,106,,95,14,94,7,2,2,30,29,1,,,,,,,1,1,,2
,,Barre Town,"7,932",34,5,26,3,,,,,,1,1,,,,,,,,,33,,61,,,2,2,,,,,155,,,13,17,,81,9,35,6,1,2,7,7,,,,,,,,,,,
,,Bellows Falls,"3,129",56,11,38,7,,,,,,1,1,,,,,,,,,21,1,50,1,,3,3,,,,,68,2,2,20,9,,15,1,19,4,2,,32,32,,,,,,,,,,,
,,Bennington,"15,691",157,22,132,3,,,,,3,4,2,,,2,1,,1,2,,128,8,183,5,,30,25,4,,,1,419,,1,92,64,,86,38,138,24,3,10,68,58,10,,,,,,,,,,2
,,Berlin,"2,884",45,7,35,3,,,,,,1,1,,,,,,,,,1,,11,1,,21,16,1,4,,,90,,,78,5,,3,,4,,1,1,21,20,1,,,,,,,,,,
,,Bradford,"2,802",,,,,,,,,,,,,,,,,,,,2,,2,,,1,1,,,,,14,,,2,3,,4,,5,1,,,,,,,,,,,,,,,
,,Brandon,"3,940",28,1,18,9,,,,,,1,,,,1,,,,,,40,1,52,1,,14,10,2,2,,,60,,,1,9,,9,6,35,2,,2,11,11,,,,,,,,,,,
,,Brattleboro,"11,970",188,24,146,18,1,,1,,2,5,2,,,3,2,,2,1,,60,6,172,5,1,51,37,6,8,,,350,1,7,95,65,1,69,6,106,11,13,7,80,56,24,,,,,,,,,,
,,Brighton,"1,217",,,,,,,,,,,,,,,,,,,,1,,6,,,1,1,,,,,2,,,1,,,,,1,,,,2,1,1,,,,,,,,,,
,,Bristol,"3,882",9,2,3,4,,,,,,1,,,,1,,,,,,7,,9,,,3,2,,1,,,18,,,2,2,,4,1,9,,,,21,12,9,,,,,,,,,,
,,Canaan,969,3,,3,,,,,,,,,,,,,,,,,3,,4,,,1,1,,,,,6,,,,5,,1,,,,,,,,,,,,,,,,,,
,,Castleton,"4,692",28,12,11,5,,,,,,,,,,,,,,,,16,1,32,1,1,8,6,2,,,,55,,3,1,11,,6,,34,6,,,20,17,3,,,,,,,,,,
,,Chester,"3,151",15,3,9,3,,,,,2,1,,,,1,,,,1,,18,2,17,,,2,1,,,,1,19,,,,10,,,2,7,1,,1,10,10,,,,,,,,,,,
,,Colchester,"17,153",85,16,62,7,,,,,3,4,2,,,2,8,1,7,,,141,6,148,5,,45,38,4,2,,1,424,,3,44,43,,181,21,132,9,3,8,118,86,32,,,,,,,2,1,1,4
,,Dover,"1,116",7,1,6,,,,,,,,,,,,,,,,,23,,7,,,1,1,,,,,75,,,3,14,1,,1,56,,,,5,3,2,,,,,,,,,,
,,Essex,"19,700",84,7,59,18,1,,,1,2,2,2,,,,2,,2,2,,78,5,139,1,,61,46,9,5,,1,390,,1,43,42,1,126,21,156,12,2,1,54,43,11,,,,,,1,,,,2
,,Fair Haven,"2,716",54,4,42,8,,,,,,2,1,,,1,,,,,,32,3,22,1,,6,4,2,,,,80,,1,8,21,,7,1,42,1,1,2,14,13,1,,,,,,,,,,
,,Hardwick,"3,001",35,5,24,6,,,,,2,1,,,,1,,,,,,18,2,28,,,2,2,,,,,56,,,2,15,,14,1,24,3,,4,9,9,,,,,,,,,,,
,,Hartford,"9,945",83,11,69,3,2,2,,,2,13,8,3,1,1,1,,1,4,,47,2,76,2,,14,8,5,1,,,143,,,10,40,,39,10,44,8,,7,106,66,40,,,,,,,,,,1
,,Hinesburg,"4,422",14,2,10,2,,,,,,1,,,,1,,,,,,16,2,16,,,1,,1,,,,19,,,1,3,,2,,13,3,,,3,3,,,,,,,,,,,
,,Ludlow,"1,962",,,,,,,,,,,,,,,,,,,,12,,10,,,,,,,,,24,,,,2,,2,,20,,,,1,1,,,,,,,,,,,
,,Lyndonville,"1,204",2,,,2,,,,,,,,,,,,,,,,9,,29,,,1,,,1,,,7,,,1,,,3,,3,,,,,,,,,,,,,,,,
,,Manchester,"4,368",17,7,8,2,,,,,,1,1,,,,,,,,,18,,19,,,28,25,2,1,,,60,,,7,14,,10,6,23,3,1,,12,12,,,,,,,,,,,1
,,Middlebury,"8,477",26,4,22,,,,,,,2,2,,,,2,,2,3,,8,1,1,2,,7,5,2,,,,91,2,,22,,,,,67,1,1,,36,36,,,,,,,1,,,,
,,Milton,"10,411",54,7,38,9,,,,,3,5,4,,,1,1,1,,1,,75,2,61,4,,32,16,10,6,,,126,,,12,29,,33,11,41,7,1,7,61,50,11,,,,,,1,,,,2
,,Morristown,"5,273",41,10,30,1,,,,,,,,,,,,,,,,9,6,35,,,18,14,1,2,,1,71,,1,11,10,,12,2,35,4,,,44,24,20,,,,,,,,,,
,,Newport,"4,576",75,13,61,1,,,,,,14,9,,,5,,,,1,,20,1,41,,,,,,,,,59,,1,7,12,,9,,30,2,,,78,78,,,,,,,,,,,
,,Northfield,"6,217",19,4,14,1,,,,,,3,3,,,,,,,1,,29,1,42,,,5,5,,,,,57,,,22,10,,8,,17,5,,3,10,9,1,,,,,,,,,,
,,Norwich,"3,412",5,,3,2,,,,,1,,,,,,,,,2,,20,1,25,,,6,5,1,,,,38,,,6,8,,13,,11,2,,2,2,2,,,,,,,,,,,
,,Randolph,"4,785",14,2,11,1,,,,,,,,,,,,,,1,,21,1,24,1,,5,5,,,,,44,1,1,4,10,,21,1,6,2,,1,7,4,3,,,,,,,,,,
,,Richmond,"4,105",15,8,3,4,,,,,,,,,,,,,,,,13,1,28,,,18,8,,1,,9,30,,,,4,,18,,8,1,1,1,7,7,,,,,,,,,,,
,,Rutland,"16,388",223,46,132,45,2,,2,,8,10,3,1,1,5,,,,2,,209,11,249,3,,48,35,9,1,1,2,848,1,2,154,148,1,248,10,284,20,12,18,72,71,1,,,,,,,,,,1
,,Shelburne,"7,183",25,4,21,,,,,,,2,1,,,1,,,,1,,29,,20,4,,5,3,1,,,1,73,,,6,22,,27,3,15,2,,2,75,37,38,,,,,,,,,,
,,South Burlington,"18,005",96,14,69,13,1,1,,,4,2,2,,,,1,,1,,,89,10,170,7,,45,33,12,,,,687,,5,213,39,,69,,361,3,6,19,59,59,,,,,,,5,2,2,,
,,Springfield,"9,367",201,25,167,9,,,,,4,16,3,,,13,3,1,2,2,,62,6,87,2,,21,14,1,6,,,213,4,2,27,28,,28,9,115,11,4,4,63,37,26,,,,,,,1,,1,4
,,St. Albans,"6,966",95,21,74,,,,,,,3,2,,,1,,,,,,48,,144,6,,28,26,1,1,,,379,2,8,68,116,,73,27,85,21,8,7,58,53,5,,,,,,,,,,6
,,St. Johnsbury,"7,589",66,5,59,2,,,,,,3,1,2,,,1,,1,,,36,,47,1,,9,7,2,,,,94,,,25,25,,15,5,24,4,2,1,37,25,12,,,,,,,,,,
,,Stowe,"4,353",8,1,7,,,,,,2,2,1,,,1,,,,,,10,2,29,4,,30,28,1,,,1,117,,,4,51,,16,1,45,4,,,15,15,,,,,,,,,,,
,,Swanton,"6,473",58,9,33,16,,,,,,,,,,,,,,,,15,3,14,1,,6,6,,,,,49,,,8,5,,4,1,31,4,2,1,10,10,,,,,,,,,,,1
,,Vergennes,"2,580",19,5,13,1,,,,,,2,,,,2,,,,,,11,,11,1,,1,1,,,,,30,,,4,7,,5,,14,2,1,,28,27,1,,,,,,,,,,
,,Vernon,"2,191",25,5,13,7,,,,,1,,,,,,,,,,,2,,25,,,5,5,,,,,12,,,,4,,2,1,5,2,,,,,,,,,,,,,,,
,,Williston,"8,749",34,9,23,2,,,,,,,,,,,,,,,,41,8,56,2,,38,34,2,2,,,185,,,69,20,,34,9,53,10,2,6,163,90,73,,,,,,,1,,1,2
,,Wilmington,"1,864",9,2,7,,,,,,,1,,,,1,,,,,,9,,15,,,1,1,,,,,25,,,4,1,,3,1,16,3,,2,10,8,2,,,,,,,,,,2
,,Windsor,"3,551",32,,30,2,,,,,,2,,,,2,,,,1,,28,1,54,1,,4,3,1,,,,48,,2,1,7,,26,,12,4,1,5,25,17,8,,,,,,,,,,
,,Winhall,764,3,,2,1,,,,,,,,,,,,,,,,4,,8,,,3,3,,,,,57,,1,5,1,,1,,49,1,,,3,3,,,,,,,,,,,
,,Winooski,"7,307",59,18,39,2,,,,,3,4,2,,,2,,,,3,,35,3,76,1,,13,10,3,,,,118,1,1,15,15,,22,4,60,3,2,3,20,20,,,,,,,,,,,
,,Woodstock,"3,045",19,3,9,7,,,,,1,2,1,,,1,,,,,,24,1,30,1,,12,5,3,3,,1,32,,2,3,4,,8,1,14,,,1,16,10,6,,,,,,,,,,
,Universities and Colleges,University of Vermont,"13,478",9,2,7,,,,,,,,,,,,,,,,,8,1,68,,,1,1,,,,,89,,,2,61,,4,,22,,,2,343,183,160,,,,,,,,,,
,Metropolitan Counties,Franklin,,41,7,33,1,,,,,,2,,2,,,1,,1,,,34,2,26,,,1,1,,,,,52,,,4,3,,9,1,35,11,4,1,23,21,2,,,,,,,,,,
,,Grand Isle,,11,4,7,,,,,,3,,,,,,,,,,,32,3,43,2,,6,5,,1,,,41,,,,10,1,9,,21,3,,1,4,4,,,,,,,,,,,
,Nonmetropolitan Counties,Addison,,,,,,,,,,,,,,,,,,,,,,,,,,,,,,,,,,,,,,,,,,,,,,,,,,,,,,,,
,,Bennington,,5,1,4,,,,,,,,,,,,,,,,,,,3,,,1,1,,,,,1,,,,1,,,,,,,,21,19,2,,,,,,,,,,
,,Essex,,6,,5,1,,,,,,,,,,,,,,,,13,2,7,,,5,3,1,1,,,17,,,,1,,3,2,11,,,,2,2,,,,,,,,,,,
,,Lamoille,,52,8,39,5,1,,1,,,3,1,1,,1,,,,1,,27,3,61,1,,3,2,,1,,,113,,1,8,22,,14,13,55,11,,1,70,42,28,,,,,,,,,,1
,,Orange,,9,1,2,6,,,,,,22,6,1,,15,1,,1,,,15,,37,,,4,3,1,,,,35,,,1,16,,9,,9,4,,1,9,8,1,,,,,,1,1,1,,
,,Orleans,,1,,1,,,,,,,,,,,,,,,,,23,,15,,,,,,,,,18,,,,1,,,1,16,,,,12,12,,,,,,,,,,,
,,Washington,,,,,,,,,,,,,,,,,,,,,,,,,,,,,,,,,,,,,,,,,,,,8,8,,,,,,,,,,,1
,,Windham,,10,1,9,,,,,,,,,,,,,,,,,4,,8,,,,,,,,,9,,,,6,,,,3,,,,13,11,2,,,,,,,,,,144
,State Police Agencies,State Police:,,,,,,,,,,,,,,,,,,,,,,,,,,,,,,,,,,,,,,,,,,,,,,,,,,,,,,,,
,,Bradford,,74,7,55,12,1,1,,,2,,,,,,,,,8,,143,2,107,,,10,6,1,3,,,138,,3,8,27,,52,3,45,10,1,7,44,28,16,,,,,,,,,,
,,Brattleboro,,56,11,44,1,,,,,2,3,3,,,,3,1,2,,,71,1,32,,,6,4,2,,,,57,,,1,19,,11,6,20,5,1,1,103,66,37,,,,,,1,,,,
,,Derby,,94,12,81,1,,,,,3,11,7,1,1,2,1,,1,2,,124,1,163,1,,8,7,,1,,,196,1,1,19,44,,33,1,97,25,,1,85,85,,,,,,,,,,,1
,,Middlesex,,43,7,29,7,,,,,,,,,,,,,,2,,118,,89,,,8,5,2,1,,,192,,1,13,22,,75,5,76,1,2,1,9,9,,,,,,,,,,,
,,New Haven,,86,7,59,20,,,,,1,3,,1,,2,2,,2,,,139,5,91,1,,20,17,3,,,,195,,,3,24,,42,7,119,13,,8,188,109,79,,,,,,1,,,,3
,,Rockingham,,69,23,46,,,,,,,2,,,,2,,,,,,105,1,49,,,5,4,1,,,,108,,,4,13,,24,22,45,12,1,,67,45,22,,,,,,1,,,,1
,,Royalton,,75,13,53,9,,,,,2,1,,,,1,1,,1,2,,104,5,78,,1,7,6,1,,,,96,,3,,29,1,25,2,36,13,,3,47,41,6,,,,,,,,,,1
,,Rutland,,104,21,74,9,2,2,,,4,11,5,,,6,2,1,1,11,,247,,134,,,21,18,1,,,2,396,2,6,46,67,1,105,49,120,18,5,5,65,63,2,,,,,,,,,,
,,Shaftsbury,,71,18,49,4,,,,,2,2,2,,,,2,,2,1,,110,1,65,,,11,8,2,1,,,125,,,2,18,,44,2,59,7,,6,247,136,111,,,,,,,,,,
,,St. Albans,,128,35,88,5,,,,,4,8,6,1,1,,2,,2,1,,199,2,145,2,,43,33,7,1,1,1,276,,1,12,29,,47,8,179,42,4,10,77,74,3,,,,,,,,,,1
,,St. Johnsbury,,197,12,148,37,1,1,,,5,7,2,,,5,1,,1,2,,181,1,129,1,,35,27,7,,,1,224,,2,23,39,,52,9,99,11,3,6,66,56,10,,,,,,,,,,3
,,Williston,,46,5,30,11,,,,,,4,1,,,3,3,,3,7,,91,,68,1,,10,7,3,,,,211,,,1,42,1,56,6,105,8,,6,77,77,,,,,,,,,,,
,,Vermont State Police,,,,,,,,,,,,,,,,,,,,,,,,,,68,68,,,,,,,,,,,,,,,,,387,386,1,,,,,,,1,1,,
,,"Vermont State Police Headquarters, Bureau of Criminal Investigations",,2,2,,,,,,,,,,,,,,,,,,,,2,,,,,,,,,2,,,,,,1,,1,,,,85,62,23,,,,,,,,,,1
,Other Agencies,Attorney General,,,,,,1,1,,,,,,,,,,,,,,,,,,,10,10,,,,,1,,,,1,,,,,,,,1,1,,,,,,,,,,,
,,Department of Motor Vehicles,,,,,,,,,,,,,,,,,,,,,,4,,1,,7,7,,,,,,,,,,,,,,1,,,1,1,,,,,,,,,,,
,,"Fish and Wildlife Department, Law Enforcement Division",,,,,,,,,,,,,,,,,,,,,,,1,,,,,,,,,1,,,,,,,,1,,,,24,24,,,,,,,,,,,
,,"Secretary of State, Investigations Unit",,1,,1,,,,,,,,,,,,,,,,,,,,,,12,12,,,,,2,,,,,,,,2,,,,,,,,,,,,,,,,1
VIRGINIA,Cities,Abingdon,"8,273",95,8,84,3,2,2,,,2,3,1,1,,1,,,,2,,36,16,79,17,1,21,12,9,,,,228,,,54,,,29,21,124,7,3,1,82,77,5,,,,,,,,,,8
,,Alexandria,"145,892","1,241",96,954,191,,,,,18,16,10,1,3,2,,,,8,,253,48,"1,132",51,,350,121,129,95,,5,"2,460",23,5,333,508,,673,230,688,321,141,82,604,512,92,3,3,,,,3,17,15,2,39
,,Altavista,"3,500",39,5,32,2,,,,,1,1,,,1,,1,,1,,,8,2,27,1,,3,1,2,,,,65,,,40,4,3,4,1,13,3,,,14,11,3,,,,,,,,,,2
,,Amherst,"2,242",11,,11,,,,,,,,,,,,,,,,,5,,6,1,,2,,2,,,,21,,,2,2,,3,,14,1,,,20,16,4,,,,,,,,,,2
,,Appalachia,"1,778",46,4,41,1,,,,,1,1,,,1,,,,,4,,27,2,23,,,5,2,2,1,,,46,,1,7,6,,4,1,27,,1,1,33,29,4,,,,,,,,,,2
,,Ashland,"7,336",201,20,179,2,,,,,7,4,2,,,2,,,,1,,12,18,80,2,,46,16,19,10,,1,216,,,74,61,2,34,13,32,6,4,2,106,70,36,,,,,,,,,,8
,,Bedford,"6,249",201,6,192,3,,,,,3,16,3,5,2,6,1,,1,,,20,23,81,3,,16,5,8,,2,1,179,,,39,13,,17,1,109,9,3,3,101,100,1,,,,,,1,,,,16
,,Berryville,"4,299",17,1,15,1,,,,,2,,,,,,,,,1,,2,,30,1,,2,,2,,,,36,,,1,9,,16,1,9,2,,,6,4,2,,,,,,,,,,
,,Big Stone Gap,"5,684",100,4,94,2,,,,,2,2,1,,,1,,,,,,37,7,76,2,,15,5,7,3,,,146,,,27,14,,13,,92,5,2,1,16,15,1,,,,,,,,,,2
,,Blacksburg,"43,070",291,16,255,20,,,,,,27,12,4,,11,,,,7,,81,13,427,6,,84,23,42,2,,17,379,3,1,27,12,5,74,9,248,19,11,3,140,118,22,,,,,,3,,,,8
,,Blackstone,"3,656",78,9,56,13,2,2,,,7,5,,,,5,,,,,,14,5,65,2,,7,,6,,,1,76,,,16,1,,11,2,46,7,3,1,47,47,,,,,,,,,,,3
,,Bloxom,394,,,,,,,,,,,,,,,,,,,,,,1,,,,,,,,,,,,,,,,,,,,,,,,,,,,,,,,,
,,Bluefield,"5,462",54,11,39,4,,,,,1,4,1,,,3,,,,,,23,33,34,7,,19,9,10,,,,215,,1,123,12,1,16,4,58,7,,3,66,50,16,,,,,,1,,,,2
,,Bowling Green,"1,127",,,,,,,,,,,,,,,,,,,,,,,,,,,,,,,,,,,,,,,,,,,,,,,,,,,,,,,
,,Boykins,565,8,,8,,,,,,1,,,,,,,,,,,2,1,11,,,1,,1,,,,12,,,3,1,,2,,6,,,,2,1,1,,,,,,,1,1,,
,,Bridgewater,"5,722",10,2,8,,,,,,,1,1,,,,,,,,,8,4,14,,,3,2,,1,,,27,,,10,3,,5,1,8,1,,,17,17,,,,,,,,,,,3
,,Bristol,"17,946",407,36,332,39,2,2,,,5,29,5,3,1,20,1,,1,3,,104,56,232,9,,83,13,68,1,1,,509,,,139,6,1,86,5,272,30,17,8,126,120,6,,,,,,1,5,5,,29
,,Broadway,"3,745",5,1,4,,,,,,,,,,,,,,,,,,,2,,,,,,,,,2,,,,,,2,,,2,,,2,2,,,,,,,,,,,
,,Brookneal,"1,127",1,,1,,,,,,,,,,,,,,,,,1,,2,,,3,1,2,,,,16,,,2,1,,3,1,9,,,,2,2,,,,,,,,,,,
,,Burkeville,437,1,,1,,,,,,,1,,,1,,,,,,,,1,,,,,,,,,,8,,,7,,,,,1,,,,,,,,,,,,,,,,
,,Cape Charles,"1,019",2,,2,,,,,,,2,2,,,,,,,,,1,,4,,,1,,1,,,,5,,,,2,,,,3,1,,,2,2,,,,,,,,,,,
,,Charlottesville,"43,991","1,067",131,827,109,2,2,,,14,51,17,9,1,24,,,,9,1,164,38,772,23,,171,76,62,15,4,14,"1,257",4,5,196,133,5,302,55,557,94,50,4,380,371,9,,,,,,4,1,1,,35
,,Chase City,"2,368",14,2,12,,,,,,1,1,,1,,,,,,,,10,4,39,1,,6,2,2,2,,,62,,,23,,,1,,38,3,2,,15,15,,,,,,,,,,,1
,,Chatham,"1,272",,,,,,,,,,,,,,,,,,,,2,,4,,,,,,,,,12,,,,,,5,,7,,,,,,,,,,,,,,,,
,,Chesapeake,"227,531","5,234",594,"3,711",929,13,12,,1,81,161,37,7,6,111,3,,3,27,2,"1,008",297,"1,795",83,6,"1,281",549,370,275,2,85,"5,116",14,7,"1,275","1,128",18,"1,218",501,955,271,203,43,"2,255","1,640",615,3,3,,,,12,39,15,24,256
,,Chilhowie,"1,792",7,,7,,,,,,,,,,,,,,,,,5,5,8,,,4,2,2,,,,51,,,36,1,,1,1,12,2,,1,11,10,1,,,,,,,,,,1
,,Chincoteague,"2,989",33,4,29,,,,,,,3,1,1,,1,,,,,,5,2,17,1,,8,4,3,1,,,51,1,,9,2,,5,,34,6,1,1,46,46,,,,,,,,,,,4
,,Christiansburg,"21,262",468,19,363,86,,,,,5,25,7,2,1,15,1,,1,4,,82,18,149,21,,114,79,34,1,,,578,,,230,5,2,67,16,258,12,4,4,238,181,57,,,,,,9,,,,28
,,Clarksville,"1,149",3,2,1,,,,,,,,,,,,,,,,,7,5,10,,,5,,3,1,,1,21,,,8,1,,3,,9,,,,4,4,,,,,,,,,,,1
,,Clifton Forge,"3,909",51,5,45,1,,,,,1,6,1,,1,4,,,,,,13,,32,,,7,2,5,,,,73,,,15,2,,2,,54,2,,,15,13,2,,,,,,1,,,,
,,Clintwood,"1,414",12,1,10,1,,,,,,,,,,,,,,1,,7,1,3,1,,1,,1,,,,28,,,9,3,,1,,15,,,,4,4,,,,,,,,,,,
,,Coeburn,"2,168",32,6,26,,,,,,,4,3,1,,,,,,,,15,7,19,1,,3,,2,1,,,64,,,15,5,,10,1,33,3,2,3,49,39,10,,,,,,,,,,10
,,Colonial Beach,"3,609",24,5,18,1,1,1,,,,2,2,,,,1,,1,,,2,1,16,1,,1,,1,,,,28,,,16,5,,3,1,3,2,,,18,18,,,,,,,1,,,,3
,,Colonial Heights,"17,632",223,29,176,18,,,,,10,21,2,,17,2,,,,7,,57,47,155,35,,123,53,52,17,,1,882,,,546,114,3,92,7,120,41,9,3,248,244,4,1,,1,,,2,1,1,,29
,,Covington,"6,004",137,11,124,2,1,1,,,1,10,,,1,9,,,,4,,26,2,80,3,,7,4,3,,,,123,,,30,1,,23,1,68,3,1,,29,20,9,,,,,,1,,,,8
,,Crewe,"2,351",21,2,19,,,,,,1,3,3,,,,,,,,,11,1,51,,,5,1,3,1,,,53,,,2,4,,7,2,38,5,2,,38,38,,,,,,,,1,,1,
,,Culpeper,"16,846",402,24,353,25,,,,,11,28,8,1,1,18,1,,1,,,32,23,241,7,1,114,80,24,6,,4,519,2,,179,78,,77,14,169,23,13,7,169,151,18,,,,,,,4,4,,20
,,Damascus,822,9,6,3,,,,,,,1,1,,,,,,,,,1,1,6,1,,3,3,,,,,20,,,4,2,,3,,11,4,,,59,52,7,,,,,,,,,,4
,,Danville,"43,324","1,433",64,"1,179",190,3,3,,,7,57,15,7,1,34,2,2,,15,,423,105,878,13,,260,92,50,111,6,1,"1,481",,4,461,50,,115,77,774,44,55,5,952,936,16,,,,,,8,2,2,,167
,,Dayton,"1,552",4,,2,2,,,,,,,,,,,,,,,,1,1,13,,,4,2,,1,,1,7,,1,1,1,,3,,1,,,,5,4,1,,,,,,,,,,
,,Dublin,"2,547",24,2,21,1,,,,,,,,,,,,,,,,8,5,20,,,4,4,,,,,50,,,13,,,5,,32,2,,,2,2,,,,,,,,,,,1
,,Dumfries,"5,227",62,3,59,,,,,,,,,,,,,,,,,9,9,47,1,,3,3,,,,,60,,,6,2,,7,4,41,6,1,1,35,33,2,,,,,,,,,,1
,,Edinburg,"1,059",2,,2,,,,,,,,,,,,,,,,,4,1,1,,,,,,,,,3,,,,,,2,,1,1,,1,2,2,,,,,,,,,,,
,,Elkton,"2,767",14,,14,,,,,,,1,,,,1,1,,1,,,7,4,22,,,,,,,,,31,,,7,1,,9,1,13,5,,1,21,18,3,,,,,,,,,,3
,,Emporia,"5,936",133,24,99,10,,,,,1,8,3,2,1,2,1,,1,2,,71,31,150,10,,15,5,8,,,2,216,,,53,22,1,49,4,87,14,5,5,90,88,2,,,,,,1,,,,21
,,Exmore,"1,474",11,3,8,,,,,,,,,,,,3,2,1,,,4,2,16,2,,5,4,,1,,,53,,,24,1,,5,,23,6,3,,12,12,,,,,,,,,,,4
,,Fairfax City,"22,798",264,9,253,2,,,,,4,16,4,1,1,10,,,,1,,22,9,153,12,,67,18,41,8,,,398,100,,10,25,,39,3,221,22,6,3,93,90,3,,,,,,,1,1,,9
,,Falls Church,"12,892",69,3,59,7,1,1,,,3,3,1,,,2,,,,,,14,9,117,2,,27,9,8,10,,,196,,3,29,62,,66,9,27,3,7,1,74,67,7,,,,,,,5,2,3,5
,,Farmville,"8,297",126,6,108,12,,,,,,8,3,1,2,2,1,,1,1,,34,12,138,5,1,18,5,8,,2,3,334,,,161,23,,33,3,114,10,2,1,86,86,,,,,,,2,,,,12
,,Franklin,"8,683",324,18,301,5,2,2,,,11,12,4,2,3,3,,,,1,,40,20,244,8,,30,10,13,2,1,4,309,,2,32,25,1,105,9,135,18,11,3,96,92,4,,,,,,1,1,,1,27
,,Fredericksburg,"25,974",819,86,673,60,2,2,,,6,16,1,4,,11,2,,2,5,,88,25,440,10,1,184,94,52,27,,11,922,1,,308,163,3,170,63,214,20,19,9,358,340,18,,,,,,3,4,3,1,32
,,Front Royal,"14,718",289,8,263,18,,,,,3,21,6,6,1,8,1,,1,1,,51,17,217,9,1,53,30,21,1,,1,434,,,70,42,1,57,6,258,20,5,,114,92,22,,,,,,,,,,10
,,Galax,"7,060",209,25,153,31,,,,,4,14,10,1,,3,1,,1,,,17,23,109,4,1,31,22,4,1,,4,269,,,127,36,1,45,3,57,6,1,3,98,83,15,,,,,,2,1,,1,15
,,Gate City,"2,066",29,2,27,,,,,,3,3,2,,,1,,,,,,15,1,23,,,6,1,5,,,,32,,,1,9,1,5,2,14,1,,,35,31,4,,,,,,,,,,3
,,Glen Lyn,115,1,,,1,,,,,,,,,,,,,,,,3,2,2,,,2,2,,,,,3,,,,1,,,1,1,1,,,5,3,2,,,,,,,,,,
,,Gordonsville,"1,534",13,3,10,,,,,,,,,,,,,,,,,2,2,16,,,1,,1,,,,11,,,3,,,1,,7,2,1,,5,5,,,,,,,,,,,1
,,Gretna,"1,268",2,,1,1,,,,,,,,,,,,,,,,1,1,7,,,,,,,,,16,,,3,,,4,,9,2,,,,,,,,,,,,,,,
,,Grottoes,"2,708",12,2,10,,,,,,,,,,,,,,,,,2,2,17,,,2,,2,,,,30,,,1,,,15,1,13,2,,,8,8,,,,,,,,,,,2
,,Grundy,"1,007",2,,2,,,,,,,,,,,,,,,,,,2,8,,,1,,1,,,,15,,,9,,,1,,5,1,,,1,1,,,,,,,,,,,
,,Halifax,"1,317",4,,3,1,,,,,,,,,,,,,,,,,,11,,,,,,,,,9,,,2,2,2,1,1,1,,,,5,3,2,,,,,,,,,,
,,Hampton,"137,905","2,343",143,"2,036",164,9,9,,,26,74,16,19,6,33,5,,5,27,,764,259,"2,164",98,2,492,328,154,3,,7,"3,673",3,5,"1,001",132,5,718,347,"1,462",266,146,27,992,866,126,1,1,,,,4,6,6,,443
,,Harrisonburg,"50,524",649,71,549,29,1,1,,,14,32,15,7,,10,,,,6,2,154,27,587,15,,188,57,91,35,,5,898,4,1,261,166,,175,47,244,28,25,13,300,208,92,,,,,,11,2,2,,63
,,Haymarket,"1,877",5,1,4,,,,,,,,,,,,,,,,,1,3,6,,,5,2,3,,,,26,,,7,,,,,19,,,,15,15,,,,,,,,,,,
,,Haysi,495,1,,1,,,,,,,1,,,1,,,,,1,,7,,1,,,1,,,1,,,8,,,3,,,2,,3,1,,,1,1,,,,,,,,,,,
,,Herndon,"23,966",201,18,171,12,,,,,4,14,5,,,9,2,,2,,,27,8,211,,1,57,19,18,16,,4,335,1,1,117,33,2,72,10,99,8,5,1,115,109,6,,,,,,2,4,2,2,6
,,Hillsville,"2,704",33,4,24,5,,,,,,2,1,1,,,,,,,,8,11,22,,,8,5,,1,,2,79,,,16,4,1,9,,49,1,2,,16,16,,,,,,,,,,,4
,,Honaker,"1,457",5,,5,,,,,,1,,,,,,,,,,,4,,,,,,,,,,,3,,,2,,,,,1,,,,1,1,,,,,,,,,,,1
,,Hopewell,"22,829",745,54,593,98,2,2,,,4,14,3,1,,10,1,1,,5,,212,49,390,6,,102,20,50,16,,16,621,1,1,70,163,1,127,97,161,51,32,13,249,203,46,,,,,,3,1,,1,45
,,Hurt,"1,304",1,,1,,1,1,,,,,,,,,1,,1,,,1,,1,,,,,,,,,2,,,1,1,,,,,2,,1,7,5,2,,,,,,,,,,1
,,Independence,946,3,2,1,,,,,,,,,,,,,,,,,,,1,,,3,3,,,,,11,,,2,5,,,,4,1,,,4,4,,,,,,,,,,,
,,Kenbridge,"1,267",11,1,10,,,,,,,,,,,,,,,,,,3,2,,,1,,1,,,,4,,,1,,,,,3,,,,1,1,,,,,,,,,,,
,,Kilmarnock,"1,491",3,1,2,,1,1,,,,,,,,,,,,,,8,5,6,5,,4,,4,,,,30,,2,10,3,1,4,,10,,,1,1,1,,,,,,,,,,,
,,La Crosse,609,1,,1,,,,,,,1,,,,1,,,,,,,,1,,,1,,,1,,,3,,,,3,,,,,1,,,,,,,,,,,,,,,
,,Lawrenceville,"1,439",11,1,9,1,,,,,,,,,,,,,,,,7,2,8,,,2,1,1,,,,22,,,3,,,,,19,1,,,5,5,,,,,,,,,,,2
,,Lebanon,"3,465",38,7,31,,,,,,,5,1,1,2,1,,,,,,5,5,22,1,,15,10,5,,,,144,,,52,9,,5,3,75,2,2,,27,24,3,,,,,,,,,,2
,,Leesburg,"44,889",675,42,510,123,1,1,,,4,39,11,3,3,22,4,1,3,7,1,46,33,354,29,1,217,73,67,54,,23,928,3,,389,214,1,140,60,121,19,18,10,317,202,115,,,,,,6,3,2,1,19
,,Lexington,"7,072",17,1,16,,,,,,,,,,,,,,,,,37,1,34,,,4,2,1,1,,,51,,,4,17,,7,2,21,,,,31,30,1,,,,,,,,,,4
,,Louisa,"1,583",16,1,15,,,,,,,,,,,,,,,1,,10,10,13,1,,6,2,2,,,2,45,,1,13,11,,1,,19,1,1,,5,5,,,,,,,,,,,2
,,Luray,"4,932",46,1,45,,,,,,,4,2,,,2,,,,,,25,5,62,3,,16,6,3,,,7,114,,,26,27,,37,3,21,1,3,,10,10,,,,,,,,,,,1
,,Lynchburg,"77,347","2,299",185,"1,780",334,3,3,,,37,128,34,5,,89,,,,13,1,369,60,727,27,1,371,158,94,104,2,13,"1,665",3,,467,248,3,310,54,580,71,46,13,898,864,34,1,1,,,,5,13,13,,111
,,Manassas,"39,733",763,74,643,46,2,2,,,27,45,8,13,5,19,1,1,,7,,116,20,545,8,,236,114,64,42,1,15,761,2,,112,194,,210,87,156,49,51,4,458,317,141,,,,,,10,3,1,2,35
,,Manassas Park,"15,501",164,19,134,11,,,,,2,5,1,2,1,1,1,1,,,,20,2,97,4,,35,20,11,1,,3,203,1,,20,26,,53,13,90,13,1,12,134,133,1,,,,,,2,,,,18
,,Marion,"6,001",111,19,72,20,,,,,7,10,,2,1,7,,,,4,,31,10,62,6,,39,22,12,3,,2,163,1,,53,21,,19,6,63,9,5,4,83,74,9,,,,,,,,,,15
,,Martinsville,"13,708",323,25,297,1,1,1,,,1,12,6,1,1,4,,,,5,,77,20,211,11,,55,39,10,4,1,1,319,,,75,53,,52,23,116,20,7,2,161,161,,,,,,,1,,,,36
,,Middleburg,709,4,1,3,,,,,,,,,,,,,,,,,,1,6,1,,1,1,,,,,9,,,2,2,,1,,4,,,,1,1,,,,,,,,,,,
,,Middletown,"1,302",12,1,11,,,,,,,2,,,,2,,,,,,4,,13,,,,,,,,,22,,,1,6,,5,,10,,,,4,4,,,,,,,,,,,
,,Mount Jackson,"2,031",9,1,6,2,,,,,,1,,,,1,,,,,,5,1,4,2,,2,1,1,,,,14,,,1,8,,1,,4,1,,,1,1,,,,,,,,,,,
,,Narrows,"2,033",12,4,7,1,,,,,,3,1,,,2,,,,,,3,1,9,,,2,,2,,,,17,,,10,,,,,7,,,,2,1,1,,,,,,,,,,1
,,New Market,"2,185",8,1,7,,,,,,,,,,,,1,,1,,,5,2,7,1,,3,1,1,1,,,19,,,,16,,1,,2,,,,1,1,,,,,,,,,,,
,,Newport News,"181,591","4,214",416,"3,083",715,20,20,,,60,126,50,19,8,49,8,1,7,71,,"1,028",302,"2,582",62,1,"1,279",258,633,361,,27,"4,491",12,4,593,689,4,"1,197",482,"1,510",267,273,35,"1,638","1,600",38,2,2,,,,5,92,91,1,840
,,Norfolk,"245,303","4,618",737,"3,112",769,36,34,,2,44,232,76,26,12,118,5,,5,58,,"2,108",205,"3,600",62,,637,263,180,181,1,12,"8,450",8,6,"1,772",339,13,"2,095","1,330","2,887",677,491,22,"1,461","1,214",247,5,5,,,,8,148,148,,169
,,Norton,"4,099",67,4,60,3,1,,1,,4,1,,,,1,,,,,,11,6,45,5,,24,9,6,7,,2,202,,,130,39,,12,1,20,3,,,51,44,7,,,,,,2,,,,7
,,Occoquan,986,,,,,,,,,,,,,,,,,,,,,,11,,,,,,,,,1,,,1,,,,,,,,,,,,,,,,,,,,,
,,Onancock,"1,284",10,,9,1,,,,,,2,2,,,,,,,,,3,,25,,,,,,,,,13,,,,5,,3,,5,,,,3,3,,,,,,,,,,,
,,Onley,524,4,,4,,,,,,,,,,,,,,,,,,,1,1,,,,,,,,4,,1,2,,,,,1,,,,,,,,,,,,,,,,
,,Orange,"4,831",60,1,59,,,,,,,2,1,,,1,,,,,,12,7,48,9,,24,12,10,,,2,118,1,,28,29,,19,2,39,2,1,,49,32,17,,,,,,,,,,2
,,Parksley,854,6,,6,,,,,,,1,1,,,,,,,,,1,,6,,,,,,,,,11,,,7,3,,,,1,1,1,,,,,,,,,,,,,,
,,Pearisburg,"2,791",10,1,9,,,,,,,1,1,,,,,,,1,,4,5,9,8,,16,8,5,2,1,,94,,,51,9,,6,1,27,,,,32,30,2,,,,,,,,,,3
,,Pembroke,"1,128",10,1,9,,,,,,,2,,,,2,,,,,,6,2,7,1,,5,2,3,,,,31,,,10,2,,1,2,16,,,,2,2,,,,,,,,,,,
,,Pennington Gap,"1,857",16,,16,,,,,,,,,,,,,,,2,,17,,15,,,,,,,,,56,2,1,6,2,,4,2,39,,1,,20,16,4,,,,,,,1,1,,1
,,Petersburg,"32,682",727,104,550,73,5,5,,,1,21,7,4,1,9,4,,4,5,,379,21,469,17,,82,38,27,17,,,841,2,2,90,111,2,220,163,251,99,56,13,637,613,24,,,,,,1,2,1,1,109
,,Pocahontas,389,1,1,,,2,2,,,,,,,,,,,,,,1,,1,,,,,,,,,,,,,,,,,,,,,,,,,,,,,,,,,
,,Poquoson,"12,132",158,10,117,31,,,,,1,3,,1,,2,2,1,1,4,,3,10,107,,,5,1,2,2,,,30,,,9,1,,1,8,11,1,,,70,63,7,,,,,,1,,,,8
,,Portsmouth,"96,739","2,890",230,"2,327",333,12,11,1,,58,115,41,19,11,44,2,1,1,14,,"1,224",145,"1,795",48,2,725,477,122,118,1,7,"3,447",8,6,563,317,12,727,533,"1,281",215,183,43,635,601,34,2,,,2,,2,12,9,3,219
,,Pound,"1,051",7,1,6,,,,,,,,,,,,1,1,,,,5,,11,1,,,,,,,,10,,,3,3,2,1,,1,1,,,1,1,,,,,,,,,,,2
,,Pulaski,"9,116",146,25,111,10,,,,,7,15,3,1,11,,,,,2,,57,69,152,32,,102,84,15,2,1,,282,,1,65,91,5,36,4,80,10,7,2,171,159,12,,,,,,4,,,,22
,,Purcellville,"8,132",45,3,30,12,,,,,,2,1,,,1,,,,,,3,1,20,,,18,7,8,1,,2,55,,,5,10,,18,2,20,2,,2,24,17,7,,,,,,,1,1,,3
,,Radford,"16,595",347,59,273,15,1,1,,,2,23,9,2,3,9,,,,2,,103,82,292,3,,166,108,38,20,,,341,,,50,16,10,55,22,188,19,9,6,369,240,129,,,,,,3,,,,22
,,Rich Creek,776,2,,2,,,,,,,1,1,,,,,,,,,,,6,,,,,,,,,1,,,1,,,,,,,,,5,5,,,,,,,,,,,
,,Richlands,"5,839",69,5,61,3,,,,,1,2,,,,2,,,,3,,49,20,62,2,,29,25,4,,,,216,1,3,33,3,,30,1,145,4,4,3,47,39,8,,,,,,,,,,4
,,Richmond,"207,799","5,139",639,"4,197",303,45,42,1,2,67,104,38,9,,57,4,,4,50,1,"2,005",303,"3,802",74,2,852,239,311,255,2,45,"6,197",17,22,813,"1,427",10,"1,567",632,"1,709",920,635,48,"2,298","2,237",61,4,1,,3,,20,110,105,5,726
,,Roanoke,"97,780","5,341",354,"3,705","1,282",10,9,,1,32,106,40,15,4,47,2,,2,42,1,945,72,"2,006",57,2,420,204,130,77,,9,"3,620",5,4,"1,048",144,13,503,255,"1,648",244,141,13,"1,840","1,689",151,,,,,,7,57,57,,240
,,Rocky Mount,"4,873",59,12,45,2,,,,,,6,2,1,,3,,,,,,17,3,42,4,,16,8,6,2,,,192,,1,94,2,,18,2,75,4,,,71,60,11,,,,,,1,,,,5
,,Rural Retreat,"1,498",1,,1,,,,,,,,,,,,,,,,,1,,5,,,,,,,,,7,,,,3,,,,4,,,,,,,,,,,,,,,,
,,Salem,"25,236",376,3,373,,,,,,2,6,,,1,5,,,,,,75,21,256,22,,60,32,27,,,1,478,,,135,146,3,73,21,100,27,5,2,201,193,8,,,,,,,3,3,,17
,,Saltville,"2,089",23,2,21,,,,,,1,1,,,1,,,,,,,19,2,18,,,3,2,1,,,,47,,1,5,4,,6,3,28,2,,1,17,14,3,,,,,,,,,,1
,,Shenandoah,"2,392",16,3,13,,,,,,,,,,,,,,,,,17,,11,1,,2,,2,,,,36,,1,2,7,,8,6,12,2,,1,13,12,1,,,,,,,,,,1
,,Smithfield,"8,197",90,9,74,7,1,1,,,1,,,,,,,,,1,,8,10,77,1,,18,13,,,1,4,92,,,27,4,1,13,7,40,4,4,1,53,53,,,,,,,,4,3,1,6
,,South Boston,"8,191",197,20,176,1,,,,,2,4,1,,,3,,,,1,,76,11,153,13,,35,17,9,9,,,329,1,1,91,8,,44,16,168,13,8,,55,51,4,,,,,,,,,,11
,,South Hill,"4,686",97,12,84,1,,,,,,5,2,,,3,,,,,,18,3,65,6,,5,2,,2,,1,159,,,65,15,,25,2,52,14,6,2,,,,,,,,,,,,,3
,,St. Paul,985,7,3,4,,,,,,,1,1,,,,,,,,,3,2,8,,,,,,,,,30,,,14,3,,5,,8,,,,7,6,1,,,,,,,,,,1
,,Stanley,"1,702",7,,7,,,,,,,1,1,,,,,,,,,5,,3,,,,,,,,,25,,,4,2,,5,3,11,1,,,5,4,1,,,,,,1,,,,
,,Staunton,"24,031",341,23,311,7,1,,1,,4,38,8,1,2,27,4,,4,5,,58,76,226,18,,129,79,47,1,,2,457,2,5,94,45,1,95,17,198,9,11,17,177,158,19,,,,,,4,2,1,1,35
,,Stephens City,"1,881",37,,37,,,,,,,1,1,,,,,,,,,2,2,20,,,1,,,,,1,35,,,6,4,,11,,14,1,,,,,,,,,,,1,,,,
,,Strasburg,"6,514",34,7,26,1,,,,,,5,,,,5,,,,1,,6,2,58,,,13,8,4,1,,,81,,,4,75,,1,,1,,1,,21,20,1,,,,,,,,,,3
,,Tappahannock,"2,411",46,6,40,,,,,,4,4,3,,,1,,,,,,25,11,47,3,,21,8,9,4,,,122,,,55,3,,6,3,55,1,2,2,72,72,,,,,,,,,,,7
,,Tazewell,"4,640",66,6,60,,,,,,1,2,1,,,1,,,,1,,38,42,42,,,8,5,3,,,,87,1,,12,5,,8,4,57,2,,3,35,34,1,,,,,,,,,,3
,,Timberville,"2,560",5,,5,,,,,,,,,,,,,,,,,1,,8,,,,,,,,,7,,,2,,1,2,,2,,,1,,,,,,,,,,,,,
,,Victoria,"1,739",24,6,18,,,,,,,,,,,,,,,2,,4,,11,,,1,1,,,,,12,,,2,1,,1,1,7,1,1,,3,3,,,,,,,,,,,
,,Vienna,"16,140",92,2,82,8,,,,,,2,1,,,1,,,,,,30,8,122,1,1,63,31,14,18,,,153,,,14,22,,30,,87,5,3,1,69,67,2,,,,,,2,4,2,2,6
,,Vinton,"8,220",249,33,200,16,,,,,,5,1,1,,3,,,,,,23,16,159,3,,78,30,41,6,,1,220,38,,74,24,,24,1,59,5,2,,79,69,10,,,,,,3,,,,13
,,Virginia Beach,"447,588","6,487",357,"5,292",838,21,21,,,56,203,58,30,14,101,14,,14,123,,"1,558",474,"3,636",274,17,"1,770","1,470",236,18,41,5,"9,699",24,18,"1,798","1,378",28,"3,791",8,"2,654",487,326,45,"2,786","2,024",762,19,11,8,,,21,56,45,11,547
,,Warrenton,"9,842",108,15,87,6,,,,,3,12,3,4,1,4,,,,,,17,12,122,6,2,36,13,17,5,,1,172,,,43,16,,51,10,52,2,4,,86,75,11,,,,,,2,1,1,,5
,,Warsaw,"1,524",4,,4,,,,,,,,,,,,,,,,,2,1,7,,,2,,2,,,,14,,,5,3,,5,,1,1,,,6,6,,,,,,,,,,,
,,Waverly,"2,174",15,5,10,,,,,,2,1,1,,,,,,,1,,3,1,17,2,,2,,1,1,,,18,,,3,2,,,,13,1,,,12,9,3,,,,,,,,,,4
,,Waynesboro,"21,546",494,50,432,12,,,,,4,36,11,2,1,22,,,,1,,88,39,313,14,,100,35,49,12,1,3,627,,,211,7,5,110,55,239,38,9,5,140,114,26,,,,,,4,,,,29
,,Weber City,"1,329",3,,3,,,,,,,,,,,,,,,,,,2,6,,,,,,,,,16,,,4,2,,2,,8,,1,,24,21,3,,,,,,,,,,2
,,West Point,"3,352",29,1,27,1,,,,,,2,1,,,1,,,,,,18,6,28,,,11,2,8,,,1,34,,,8,6,,3,1,16,4,,1,10,9,1,,,,,,,,,,6
,,White Stone,352,,,,,,,,,,,,,,,,,,,,,,1,,,3,,3,,,,3,,,,,,1,,2,,,,,,,,,,,,,,,,
,,Williamsburg,"14,603",180,10,164,6,,,,,6,8,2,5,1,,,,,,,27,8,107,7,,35,20,6,9,,,227,,,38,52,,50,3,84,9,8,1,76,70,6,,,,,,,,,,7
,,Winchester,"26,880",709,33,674,2,,,,,8,32,9,1,12,10,,,,5,,166,37,352,20,,166,97,68,,,1,"1,017",,1,328,2,5,191,50,440,29,17,15,523,354,169,,,,,,3,3,3,,36
,,Windsor,"2,662",30,3,27,,,,,,,,,,,,,,,,,13,1,15,,,4,4,,,,,44,,,4,9,,10,2,19,,,,13,12,1,,,,,,,,,,2
,,Wise,"3,332",35,8,27,,,,,,,1,,1,,,,,,,,9,6,27,3,,10,6,4,,,,71,,,27,10,,10,2,22,4,1,2,21,19,2,,,,,,,,,,2
,,Woodstock,"5,189",42,5,37,,,,,,3,12,3,,,9,2,1,1,1,,19,14,57,5,,35,21,12,2,,,159,,,52,53,,34,,20,7,1,2,60,60,,,,,,,4,,,,3
,,Wytheville,"8,293",47,11,35,1,,,,,2,3,,,,3,1,1,,,,7,20,53,2,,32,17,12,2,1,,147,1,,40,14,,20,9,63,5,5,2,75,54,21,,,,,,1,,,,7
,Universities and Colleges,Christopher Newport University,"4,990",23,1,5,17,,,,,,1,,1,,,,,,,,6,,42,,,2,,2,,,,155,,,1,45,,10,,99,1,,2,49,34,15,,,,,,3,,,,3
,,College of William and Mary,"8,200",19,,18,1,,,,,,,,,,,,,,1,,11,2,63,,,2,,2,,,,200,,,,32,,8,1,159,1,,,8,8,,,,,,,,,,,
,,Emory and Henry College,982,,,,,,,,,,,,,,,,,,,,,,1,,,,,,,,,1,,,,,,,1,,,,,,,,,,,,,,,,,
,,Ferrum College,"1,512",10,,9,1,,,,,,4,3,,1,,,,,,,19,,17,,,2,,2,,,,24,,,1,11,,1,,11,1,2,,18,16,2,,,,,,,,,,3
,,George Mason University,"33,320",31,,30,1,,,,,1,1,,,,1,,,,2,,37,6,87,3,,13,3,10,,,,206,,,,130,2,17,1,56,3,1,5,187,118,69,,,,,,,,,,1
,,Hampton University,"5,221",17,3,9,5,,,,,,,,,,,,,,1,,18,3,22,1,,3,,3,,,,59,,,,18,,5,,36,1,1,,4,3,1,,,,,,,,,,
,,James Madison University,"19,722",13,,11,2,,,,,,1,1,,,,,,,,,3,3,91,,,15,1,12,,,2,128,,,1,67,1,25,2,32,1,,2,44,33,11,,,,,,,,,,
,,J. Sargeant Reynolds Community College,"13,367",4,1,3,,,,,,,,,,,,,,,,,,1,16,,,,,,,,,18,,,,2,2,,,14,,,,1,1,,,,,,,1,,,,
,,Longwood University,"4,860",16,,14,2,,,,,,1,,1,,,,,,,,2,,27,,,3,,2,1,,,45,,,,9,,16,,20,2,1,1,18,17,1,,,,,,,,,,2
,,Norfolk State University,"7,091",26,3,23,,,,,,,3,2,1,,,,,,3,,20,3,54,,,8,,8,,,,113,,1,7,67,,25,3,10,2,3,,2,1,1,,,,,,,,,,1
,,Northern Virginia Community College,"50,044",6,,5,1,,,,,,,,,,,,,,,,,,21,,,,,,,,,30,1,,1,11,,5,6,6,,1,,4,4,,,,,,,,,,,
,,Old Dominion University,"24,753",137,10,89,38,,,,,1,9,5,,1,3,,,,1,,40,5,256,1,1,18,8,9,,,1,283,2,,2,107,,76,7,89,9,8,3,35,33,2,,,,,,,,,,4
,,Radford University,"9,370",30,3,18,9,,,,,1,4,2,,1,1,,,,1,,2,,98,,,3,1,2,,,,60,,,1,30,,5,,24,2,,2,100,60,40,,,,,,,,,,
,,Richard Bland College,"1,629",4,,1,3,,,,,,,,,,,,,,,,8,,10,,,,,,,,,6,,,,,,,,6,,,,2,1,1,,,,,,,,,,
,,Thomas Nelson Community College,"10,999",2,1,1,,,,,,,,,,,,,,,,,,1,5,,,,,,,,,9,,,1,4,,2,,2,,,,,,,,,,,,,,,,1
,,University of Mary Washington,"5,170",9,2,6,1,,,,,,2,,,,2,,,,4,,1,,47,,,,,,,,,77,,,,31,,9,,37,,2,,19,16,3,,,,,,,,,,
,,University of Richmond,"4,348",12,,10,2,,,,,,,,,,,,,,1,,18,,83,,,3,2,1,,,,77,,,,41,,3,2,31,5,,,40,20,20,,,,,,,,,,
,,University of Virginia,"24,297",72,2,61,9,,,,,1,6,1,,,5,,,,2,,61,2,70,1,,12,7,3,2,,,228,,,2,109,1,14,4,98,10,1,1,42,42,,,,,,,1,,,,3
,,University of Virginia's College at Wise,"2,067",3,,3,,,,,,,,,,,,,,,,,,,,,,,,,,,,2,,,,,,,,2,,,,,,,,,,,,,,,,
,,Virginia Commonwealth University,"31,627",156,14,128,14,,,,,,3,,,1,2,,,,1,,16,9,80,,,42,7,10,25,,,548,1,,11,99,,20,,417,10,7,1,281,277,4,,,,,,1,,,,38
,,Virginia Military Institute,"1,605",4,,4,,,,,,,1,,,,1,,,,1,,30,,20,,,,,,,,,15,,,,4,,2,,9,,,,4,3,1,,,,,,,,,,
,,Virginia Polytechnic Institute and State University,"30,936",53,7,38,8,,,,,1,7,4,,,3,,,,1,,27,8,85,2,,17,2,10,5,,,162,5,,3,37,,11,3,103,2,,3,83,50,33,,,,,,,,,,6
,,Virginia State University,"5,890",42,6,36,,,,,,,1,,,1,,,,,1,,3,2,24,,,7,2,4,,,1,107,,,,72,,12,11,12,4,2,1,29,24,5,,,,,,,,,,
,,Virginia Western Community College,"8,557",5,,2,3,,,,,,,,,,,,,,,,,,1,,,,,,,,,6,,,,1,,1,,4,,,,,,,,,,,,,,,,
,Metropolitan Counties,Albemarle County Police Department,,"1,043",56,819,168,4,4,,,12,75,23,9,3,40,1,,1,12,,238,35,853,24,6,351,169,90,69,3,20,"1,215",,,330,42,1,207,79,556,53,18,11,333,232,101,,,,,,9,4,4,,59
,,Amelia,,167,23,135,9,,,,,2,7,1,,1,5,1,,1,1,,35,2,46,2,,15,2,10,3,,,107,,1,3,22,,16,6,59,11,,1,42,42,,,,,,,,1,1,,18
,,Amherst,,150,7,142,1,,,,,1,14,7,2,2,3,,,,2,,61,9,120,4,,25,10,13,2,,,373,1,,66,35,,41,17,213,14,1,,215,211,4,,,,,,4,,,,12
,,Appomattox,,18,4,14,,,,,,2,5,,1,,4,2,1,1,,,34,1,29,1,,9,7,2,,,,95,,,18,36,,14,4,23,4,1,2,50,48,2,,,,,,,,,,7
,,Arlington County Police Department,,"1,081",153,817,111,5,5,,,28,107,31,5,6,65,1,,1,4,,287,176,949,69,6,"1,097",260,475,343,,19,"3,491",23,2,714,"1,068",7,716,340,621,182,118,56,826,790,36,3,1,1,1,,4,34,24,10,52
,,Augusta,,227,75,124,28,2,2,,,12,13,7,3,,3,7,,7,3,1,132,27,266,20,2,124,77,39,1,,7,684,2,,45,99,4,173,25,336,39,2,8,156,150,6,,,,,,16,,,,28
,,Bedford,,794,28,697,69,1,1,,,2,30,5,5,1,19,6,,6,2,,225,21,304,7,,126,65,59,,1,1,498,1,,94,118,,78,39,168,31,2,,222,211,11,,,,,,14,1,1,,25
,,Botetourt,,211,21,175,15,,,,,4,14,3,1,,10,1,1,,2,,72,14,94,10,,45,28,11,1,,5,207,,1,19,57,2,31,20,77,10,1,6,130,130,,,,,,,4,,,,19
,,Buckingham,,172,20,147,5,,,,,,11,4,2,,5,,,,1,,94,8,150,2,,13,11,1,,,1,172,,,5,24,1,15,7,120,21,4,2,97,90,7,,,,,,4,,,,17
,,Campbell,,461,38,413,10,3,2,1,,5,36,13,3,1,19,3,,3,2,,152,21,267,6,,105,16,73,3,4,9,578,,,61,34,1,66,39,377,36,9,2,200,194,6,,,,,,12,,,,43
,,Caroline,,349,17,310,22,1,1,,,11,40,9,9,5,17,1,,1,9,,88,9,166,5,2,91,29,31,31,,,351,,,8,5,,29,1,308,11,7,4,182,178,4,,,,,,5,,,,41
,,Charles City,,26,4,22,,,,,,1,,,,,,,,,,,1,1,8,,,,,,,,,8,,,,1,,1,2,4,,,,6,6,,,,,,,,,,,1
,,Chesterfield County Police Department,,"5,888",185,"5,124",579,11,10,,1,46,252,52,11,2,187,11,2,9,73,1,"1,653",202,"3,380",115,5,"1,545",836,632,6,,71,"5,106",8,,"1,083",666,19,"1,126",414,"1,790",291,149,61,"2,056","2,045",11,1,,1,,,30,62,58,4,433
,,Clarke,,138,15,93,30,,,,,,2,1,,,1,,,,3,,40,3,16,1,2,25,7,15,,,3,96,,,1,5,,5,,85,6,,5,34,31,3,,,,,,1,,,,18
,,Craig,,35,5,30,,,,,,,,,,,,,,,,,1,,5,,,,,,,,,6,,,,,,,,6,,,1,6,6,,,,,,,,,,,4
,,Culpeper,,337,19,298,20,,,,,5,17,5,,1,11,1,,1,1,,67,12,164,2,,88,44,34,6,,4,220,,1,20,39,,26,10,124,23,1,2,172,150,22,,,,,,6,4,2,2,25
,,Dinwiddie,,163,35,115,13,2,2,,,8,27,8,4,5,10,,,,3,,113,19,131,8,,64,36,14,14,,,359,16,,3,,,1,,339,30,6,2,143,142,1,,,,,,1,,,,31
,,Fairfax County Police Department,,"7,629",383,"6,141","1,105",15,15,,,145,345,107,33,26,179,7,2,5,70,2,"1,068",391,"7,342",253,12,"2,565",348,664,"1,535",4,14,"12,927",57,46,"2,760","2,580",10,"3,820",580,"3,074",801,344,78,"5,027","4,234",793,14,13,1,,,93,85,69,16,504
,,Fauquier,,499,17,443,39,2,2,,,3,60,9,6,3,42,,,,10,2,95,19,429,10,,158,38,76,40,,4,426,2,,23,97,,82,15,207,30,4,1,544,497,47,,,,,,5,1,,1,53
,,Floyd,,51,7,44,,,,,,1,5,3,1,,1,,,,2,,29,4,61,1,,15,6,7,,,2,110,,1,5,20,,11,4,69,6,,,42,36,6,,,,,,2,1,1,,11
,,Fluvanna,,192,13,158,21,,,,,4,12,3,1,,8,1,,1,4,,57,3,118,5,,45,6,27,4,,8,144,,,8,38,,15,4,79,7,,1,43,42,1,,,,,,2,,,,6
,,Franklin,,231,28,199,4,,,,,,17,6,1,,10,1,,1,1,,129,16,228,4,,64,37,19,5,,3,435,,1,14,136,2,56,14,212,40,3,1,176,147,29,,,,,,5,,,,26
,,Frederick,,"1,119",43,"1,011",65,2,2,,,7,73,27,1,,45,3,,3,2,,296,59,736,21,,149,127,,2,,20,"1,199",1,1,234,279,3,342,27,312,89,11,13,269,252,17,,,,,,19,1,1,,61
,,Giles,,67,4,61,2,,,,,4,10,3,1,,6,,,,,,29,9,41,3,,8,2,6,,,,96,,,3,12,,5,5,71,6,,1,162,151,11,,,,,,3,,,,12
,,Gloucester,,478,16,444,18,2,2,,,2,17,8,2,3,4,,,,3,,89,12,172,11,,95,74,5,16,,,604,,,36,2,,7,7,552,10,6,1,185,185,,,,,,,6,,,,11
,,Goochland,,96,14,76,6,2,2,,,,,,,,,,,,,,50,10,80,7,,56,11,19,26,,,163,41,,,,,,,122,7,,3,43,43,,,,,,,,,,,13
,,Greene,,258,11,238,9,,,,,1,12,8,1,2,1,,,,2,,30,2,156,9,,34,19,7,6,2,,211,,,73,12,,30,7,89,9,,,64,45,19,,,,,,2,1,,1,7
,,Hanover,,694,57,606,31,5,5,,,5,34,6,2,3,23,2,,2,3,,99,50,345,25,,196,79,42,74,1,,840,,,186,272,2,151,19,210,44,17,18,426,417,9,,,,,,5,3,3,,47
,,Henrico County Police Department,,"3,115",298,"2,780",37,15,14,,1,49,42,20,4,,18,1,,1,56,,"1,185",249,"2,577",117,3,"1,180","1,175",,5,,,"6,285",13,7,"1,570","1,426",14,"1,470",384,"1,401",360,226,50,"1,416","1,314",102,1,,,1,,3,107,,107,222
,,Isle of Wight,,270,20,222,28,3,3,,,4,12,3,,,9,,,,5,,80,9,203,4,,54,43,2,,,9,331,1,,6,43,,94,15,172,19,6,2,87,77,10,,,,,,3,,,,20
,,James City County Police Department,,809,42,663,104,1,1,,,13,37,14,7,3,13,,,,9,,152,55,393,12,,272,87,125,50,1,9,796,1,,139,184,10,262,26,174,17,15,,210,195,15,,,,,,3,1,1,,40
,,King William,,72,12,58,2,,,,,1,6,,1,,5,,,,,,22,2,14,1,,6,6,,,,,67,,,4,2,,10,2,49,7,,,12,12,,,,,,,,1,1,,3
,,Loudoun,,"2,080",134,"1,708",238,1,1,,,23,140,48,13,12,67,4,,4,29,3,301,78,"1,449",63,10,929,547,343,17,1,21,"2,503",2,9,386,435,1,754,65,851,125,36,11,"1,095",860,235,1,1,,,,27,28,7,21,91
,,Mathews,,56,5,51,,,,,,,4,3,,,1,,,,1,,17,2,53,,,9,,8,,,1,96,,,4,10,,10,2,70,5,,,6,5,1,,,,,,,,,,4
,,Montgomery,,466,28,355,83,,,,,6,22,6,,3,13,2,,2,7,,128,7,243,6,,83,40,36,6,,1,316,,,6,5,2,34,16,253,22,1,1,198,146,52,,,,,,1,,,,28
,,Nelson,,116,13,103,,,,,,9,14,1,1,2,10,,,,1,,69,7,105,4,,25,9,12,2,,2,165,,1,2,22,,8,8,124,12,1,2,37,35,2,,,,,,1,,,,11
,,New Kent,,216,14,182,20,1,,1,,4,10,3,,1,6,,,,1,,100,25,186,9,,95,31,48,14,,2,221,,,9,61,1,28,14,108,9,1,13,103,93,10,,,,,,4,,,,28
,,Powhatan,,103,5,98,,,,,,1,10,1,3,1,5,1,,1,1,,66,3,101,1,1,20,3,16,,1,,161,,,8,45,,34,,74,8,2,1,47,47,,,,,,,,,,,13
,,Prince George County Police Department,,270,19,235,16,,,,,,28,5,3,2,18,1,,1,1,,83,9,192,5,,70,20,28,13,1,8,331,,,34,92,1,99,24,81,31,8,2,162,158,4,,,,,,3,,,,28
,,Prince William County Police Department,,"4,151",368,"3,481",302,2,2,,,73,229,44,21,12,152,16,,16,56,,925,218,"2,237",99,9,"1,192",566,336,279,,11,"5,657",3,1,"1,251",546,2,"1,859",513,"1,482",354,214,122,"2,116","2,063",53,1,,1,,,23,21,,21,213
,,Pulaski,,490,25,442,23,1,1,,,9,37,5,1,3,28,,,,3,,138,77,287,16,2,201,114,71,13,3,,551,1,1,172,,8,19,6,344,26,4,1,137,128,9,,,,,,2,,,,25
,,Rappahannock,,36,3,33,,,,,,,3,3,,,,,,,,,3,1,16,,,3,1,2,,,,15,,,,6,,,1,8,,,,41,29,12,,,,,,,,,,3
,,Roanoke County Police Department,,"1,086",76,891,119,2,2,,,19,65,17,8,5,35,3,,3,1,,285,37,366,20,1,306,134,97,63,4,8,941,4,,312,310,2,105,35,173,38,12,9,576,395,181,,,,,,4,3,3,,63
,,Rockingham,,111,37,72,2,,,,,2,44,11,2,10,21,3,,3,,,133,15,176,4,,44,21,16,5,,2,239,1,,19,4,,98,14,103,7,4,7,51,40,11,,,,,,5,,,,12
,,Scott,,153,8,130,15,,,,,10,17,6,,,11,,,,3,,90,22,120,1,2,35,20,14,1,,,227,,,20,23,2,14,6,162,12,2,9,88,72,16,,,,,,1,1,1,,26
,,Spotsylvania,,"1,358",169,"1,147",42,2,2,,,30,133,36,8,4,85,,,,11,,237,74,740,56,,629,379,245,4,1,,"2,009",,7,480,552,3,499,49,419,123,62,30,"1,004",931,73,,,,,,11,6,6,,105
,,Stafford,,"1,208",130,"1,034",44,3,2,,1,27,92,23,11,8,50,4,2,2,19,,233,82,"1,392",42,1,606,198,238,168,,2,"2,017",2,2,423,451,4,514,96,525,101,40,27,839,809,30,2,,1,1,,17,10,7,3,94
,,Sussex,,68,7,56,5,1,1,,,2,9,1,3,,5,,,,3,,36,2,42,2,,10,3,2,5,,,89,,,15,7,,13,4,50,11,6,1,52,49,3,,,,,,,,,,8
,,Warren,,121,10,107,4,,,,,1,21,7,2,1,11,,,,,,49,8,134,2,,39,16,16,3,,4,314,,2,102,12,,25,6,167,14,1,,85,74,11,,,,,,4,1,,1,21
,,Washington,,291,27,249,15,,,,,10,39,13,4,4,18,2,,2,4,,166,30,222,11,2,152,64,41,45,,2,686,,,132,15,,49,27,463,56,1,3,157,156,1,,,,,,8,,,,38
,,York,,492,65,373,54,,,,,13,25,2,18,2,3,,,,12,,126,41,502,60,,265,94,158,8,,5,"1,203",,1,305,96,,277,45,479,28,16,13,240,233,7,,,,,,5,,,,33
,Nonmetropolitan Counties,Accomack,,298,25,273,,2,2,,,,18,5,5,1,7,,,,2,,159,16,255,8,2,24,5,16,,,3,320,,1,55,15,,16,14,219,12,11,,25,25,,,,,,,1,,,,11
,,Alleghany,,90,8,67,15,1,1,,,,7,1,1,,5,,,,3,,46,2,84,1,,23,10,8,1,,4,103,,1,1,6,,13,2,80,2,1,,36,28,8,,,,,,,,,,8
,,Bath,,5,,5,,,,,,,,,,,,,,,,,7,,5,1,,2,,,,1,1,18,,,1,4,,4,,9,,1,,3,3,,,,,,,,,,,
,,Bland,,10,,10,,,,,,,,,,,,,,,,,17,,15,,,2,,,1,,1,46,,,1,2,,7,,36,,1,,9,8,1,,,,,,,,,,2
,,Brunswick,,32,6,24,2,,,,,2,3,1,,1,1,,,,1,,41,3,29,1,,5,2,1,2,,,53,,,3,,,2,,48,12,2,1,26,26,,,,,,,1,,,,8
,,Buchanan,,336,27,266,43,1,1,,,4,19,2,3,2,12,,,,2,,114,25,135,,3,53,35,10,7,,1,298,,,22,3,1,16,15,241,22,3,12,74,65,9,,,,,,12,,,,19
,,Carroll,,180,14,162,4,,,,,3,9,4,3,2,,,,,3,,82,4,129,,,21,6,14,1,,,284,,,8,52,1,42,3,178,22,1,3,82,78,4,,,,,,3,,,,17
,,Charlotte,,115,15,89,11,1,1,,,,6,4,,1,1,,,,2,,47,1,34,,,8,4,3,,1,,89,,,4,8,,10,6,61,1,3,1,91,91,,,,,,,1,,,,3
,,Cumberland,,87,19,58,10,,,,,,1,,,,1,1,,1,1,,18,3,26,,,2,2,,,,,39,,,3,1,,1,1,33,6,,1,28,26,2,,,,,,,,,,7
,,Dickenson,,94,6,85,3,1,1,,,2,9,,,3,6,,,,,,9,4,28,,,8,3,1,4,,,122,,,2,14,,5,1,100,11,,2,32,29,3,,,,,,,,,,10
,,Essex,,66,16,47,3,,,,,1,8,1,1,,6,,,,,,38,1,50,,,10,4,6,,,,46,,,,6,,6,12,22,5,,2,23,22,1,,,,,,,,,,7
,,Grayson,,100,10,89,1,1,1,,,1,7,2,2,,3,,,,6,,35,11,64,1,,29,7,7,12,,3,118,,,1,34,,7,7,69,13,1,2,67,64,3,,,,,,3,,,,14
,,Greensville,,62,13,49,,,,,,1,5,1,2,1,1,,,,1,,35,2,44,,,14,4,2,,7,1,79,,,1,3,,6,8,61,6,,1,83,73,10,,,,,,,,,,7
,,Halifax,,199,24,159,16,,,,,6,20,3,9,1,7,1,,1,3,,147,4,226,,,34,3,15,12,,4,307,1,1,5,46,1,61,28,164,23,3,2,60,44,16,,,,,,1,,,,13
,,Henry,,654,151,445,58,5,5,,,11,38,8,2,6,22,,,,6,,379,58,273,11,,210,105,66,37,1,1,846,1,,219,40,1,111,101,373,76,28,,280,245,35,,,,,,8,,,,52
,,Highland,,6,1,5,,,,,,,,,,,,1,,1,,,3,,11,,,3,,2,,,1,2,,,,,,,,2,,,,2,2,,,,,,,,,,,2
,,King and Queen,,49,6,38,5,,,,,,3,1,,1,1,1,,1,1,,13,3,16,,,2,1,1,,,,10,,,1,4,,1,1,3,3,,,54,54,,,,,,,,,,,2
,,King George,,293,15,239,39,,,,,2,21,5,2,,14,2,,2,2,,57,6,166,3,,83,19,60,3,,1,280,,,51,34,2,36,20,137,13,3,2,100,97,3,,,,,,2,,,,12
,,Lancaster,,43,1,42,,,,,,,5,4,,,1,1,,1,2,,18,2,95,,,16,8,8,,,,79,,,,1,,3,,75,5,1,,24,23,1,,,,,,,,,,4
,,Lee,,128,19,109,,1,1,,,1,8,3,,3,2,,,,1,,97,6,61,,,16,12,1,,3,,233,1,,22,2,,,,208,1,9,,16,16,,,,,,,,,,,5
,,Louisa,,209,30,166,13,1,1,,,1,28,7,4,1,16,1,1,,5,,71,16,217,4,,66,25,26,14,,1,353,67,,39,65,,24,5,153,25,1,1,54,52,2,,,,,,8,,,,16
,,Lunenburg,,85,16,65,4,,,,,1,2,1,,,1,,,,1,,40,,37,,,3,2,,1,,,49,,,,1,,3,5,40,9,,,49,46,3,,,,,,1,,,,5
,,Madison,,102,5,74,23,1,1,,,2,8,4,1,,3,1,,1,3,,17,3,45,1,,29,18,7,4,,,131,,,10,24,,20,1,76,2,1,1,45,43,2,,,,,,9,,,,5
,,Mecklenburg,,83,21,59,3,,,,,4,19,8,3,3,5,,,,13,,152,108,106,2,1,52,34,17,1,,,220,,,6,2,,23,2,187,12,4,8,20,19,1,,,,,,1,,,,7
,,Middlesex,,40,3,36,1,,,,,4,7,4,,1,2,2,1,1,,,17,4,52,,,17,5,3,8,,1,38,,1,3,11,,6,3,14,2,,1,10,10,,,,,,,,,,,11
,,Northampton,,95,6,89,,,,,,2,8,2,1,,5,,,,,,57,3,40,2,,14,3,6,3,,2,100,,,,37,,21,5,37,11,4,,9,8,1,,,,,,1,,,,5
,,Northumberland,,85,8,76,1,1,1,,,,2,2,,,,,,,1,,7,4,44,,,7,1,4,,,2,47,1,,5,7,,1,1,32,2,,,25,22,3,,,,,,,,,,9
,,Nottoway,,54,4,50,,,,,,,1,,,,1,,,,1,,20,,40,,,3,1,2,,,,90,,,2,13,,14,6,55,2,,1,12,12,,,,,,,,,,,3
,,Orange,,77,15,57,5,1,1,,,,13,5,4,1,3,1,,1,,,42,4,106,2,,10,6,4,,,,180,,,9,77,1,23,11,59,7,2,,56,44,12,,,,,,3,,,,6
,,Page,,80,11,59,10,2,2,,,,11,3,2,2,4,,,,11,,62,4,86,1,,30,11,14,,3,2,157,,,6,14,,35,6,96,6,4,3,144,102,42,,,,,,12,,,,5
,,Patrick,,143,15,128,,,,,,,10,3,,1,6,,,,1,,66,12,104,1,,33,20,6,7,,,225,,,30,45,,10,16,124,29,5,,96,94,2,,,,,,4,,,,18
,,Pittsylvania,,394,15,378,1,1,1,,,9,31,6,3,1,21,,,,6,,192,8,168,5,,29,2,13,,,14,344,1,1,29,97,1,55,12,148,16,8,,183,172,11,,,,,,7,,,,50
,,Prince Edward,,46,7,39,,,,,,,6,5,,1,,,,,,,47,1,35,,,5,1,1,2,,1,39,,1,,6,,12,1,19,4,3,,14,14,,,,,,,,,,,4
,,Richmond,,37,1,35,1,,,,,,1,,,,1,,,,1,,7,1,31,1,,9,3,5,1,,,27,,,1,2,,2,1,21,8,,1,25,25,,,,,,,1,,,,3
,,Rockbridge,,166,16,149,1,,,,,1,10,1,,,9,,,,4,,97,8,144,4,,51,19,25,6,,1,201,,1,30,19,1,47,13,90,13,3,1,115,91,24,,,,,,1,1,1,,12
,,Russell,,228,42,175,11,,,,,5,36,6,6,6,18,,,,4,,114,5,102,,,27,17,7,3,,,187,,,1,5,,16,7,158,9,1,1,120,108,12,,,,,,5,,,,21
,,Shenandoah,,228,23,185,20,,,,,6,23,2,,1,20,2,,2,2,,104,7,202,3,,69,36,24,9,,,245,,,3,92,,58,7,85,7,4,4,71,70,1,,,,,,6,,,,15
,,Smyth,,226,13,199,14,2,2,,,2,14,1,3,2,8,2,,2,14,,77,13,135,3,,23,12,11,,,,287,,,2,10,2,16,2,255,12,2,1,129,126,3,,,,,,2,,,,19
,,Southampton,,227,20,194,13,,,,,,11,3,,1,7,3,3,,2,,91,7,147,,1,25,5,16,3,,1,222,,,6,27,1,34,12,142,29,4,2,103,100,3,,,,,,1,,,,23
,,Surry,,68,19,35,14,1,1,,,,3,,1,,2,,,,1,,28,2,14,1,,7,6,,,,1,35,,,4,12,,4,1,14,7,3,,5,5,,,,,,,,,,,7
,,Tazewell,,381,26,352,3,,,,,6,28,10,1,5,12,,,,2,2,140,23,159,5,2,35,25,6,1,,3,425,,1,97,34,,35,20,238,27,3,2,330,295,35,,,,,,20,,,,32
,,Westmoreland,,147,10,129,8,,,,,5,3,1,2,,,,,,5,,37,6,97,4,,23,8,9,4,1,1,137,,,9,22,,17,3,86,6,,5,123,122,1,,,,,,1,,,,12
,,Wise,,248,19,229,,4,4,,,8,28,7,,10,11,,,,2,,141,12,157,4,,22,11,4,5,,2,248,,,10,14,,32,,192,24,6,,68,58,10,,,,,,1,,,,18
,,Wythe,,50,12,38,,,,,,4,9,2,,1,6,,,,,,15,3,38,2,,20,13,3,4,,,77,2,,9,,,1,,65,3,1,1,158,145,13,,,,,,,,,,16
,State Police Agencies,State Police:,,,,,,,,,,,,,,,,,,,,,,,,,,,,,,,,,,,,,,,,,,,,,,,,,,,,,,,,
,,Accomack County,,18,10,7,1,,,,,,,,,,,,,,39,1,1,2,4,,,2,1,,1,,,18,,,2,,,,,16,1,1,1,80,80,,,,,,,,,,,4
,,Albemarle County,,3,1,2,,,,,,,,,,,,,,,,,,1,,,,10,10,,,,,3,,,,,,,,3,,,,29,26,3,,,,,,,,,,3
,,Alleghany County,,,,,,,,,,,,,,,,,,,1,,,1,,,,4,4,,,,,2,,,,,,,,2,,,,41,41,,,,,,,,,,,1
,,Amelia County,,2,2,,,,,,,,,,,,,,,,1,,,,1,,,,,,,,,2,,,,,,,,2,,,,4,4,,,,,,,,,,,2
,,Amherst County,,,,,,,,,,,,,,,,,,,,,,1,,,,5,4,,1,,,,,,,,,,,,1,,,18,18,,,,,,,,,,,1
,,Appomattox County,,,,,,,,,,,,,,,,,,,,,,,,,,,,,,,,,,,,,,,,,,,,5,5,,,,,,,,,,,
,,Arlington County,,,,,,,,,,,,,,,,,,,,,,,,,,,,,,,,,,,,,,,,,,,,,,,,,,,,,,,,
,,Augusta County,,,,,,,,,,,,,,,,,,,,,,,,,,,,,,,,,,,,,,,,,,,,10,10,,,,,,,,,,,
,,Bath County,,3,,1,2,1,1,,,,,,,,,1,,1,1,,,,,,,,,,,,,1,,,1,,,,,,,,,16,16,,,,,,,,,,,1
,,Bedford,,,,,,,,,,,,,,,,,,,,,,,,,,1,1,,,,,,,,,,,,,,,,,,,,,,,,,,,,,
,,Bedford County,,3,,3,,,,,,,,,,,,,,,,1,,2,1,,,8,8,,,,,5,,,,,,,,5,4,,,10,10,,,,,,,,,,,1
,,Bland County,,4,,4,,,,,,,,,,,,,,,,,,1,,,,,,,,,,5,,,,1,,,,4,,,,22,20,2,,,,,,,,,,2
,,Botetourt County,,5,4,1,,,,,,,,,,,,,,,,,1,,1,,,2,2,,,,,,,,,,,,,,,,,37,37,,,,,,,,,,,3
,,Brunswick County,,,,,,,,,,,,,,,,,,,,,,,,,,1,1,,,,,3,,,1,,,,,2,,,,8,6,2,,,,,,,,,,
,,Buchanan County,,14,2,12,,,,,,1,,,,,,,,,4,,4,,9,,,5,5,,,,,13,,,,,,,,13,2,1,,7,4,3,,,,,,,,,,2
,,Buckingham County,,1,,1,,,,,,,,,,,,,,,,,,,1,,,1,1,,,,,2,,,,,,,,2,,,,9,9,,,,,,,,,,,
,,Buena Vista,,,,,,,,,,,,,,,,,,,,,,,,,,,,,,,,,,,,,,,,,,,,,,,,,,,,,,,,
,,Campbell County,,1,,1,,,,,,,,,,,,,,,,,,1,3,,,4,4,,,,,,,,,,,,,,,,,31,31,,,,,,,,,,,2
,,Caroline County,,9,2,7,,,,,,,1,1,,,,,,,1,,2,1,1,,,4,4,,,,,12,,,,,,2,,10,5,,,14,10,4,,,,,,,,,,1
,,Carroll County,,3,,3,,,,,,,,,,,,,,,,,,,,,,1,1,,,,,2,,,,,,1,,1,1,,,24,22,2,,,,,,,,,,
,,Charles City County,,,,,,,,,,,,,,,,,,,,,,,,,,,,,,,,,,,,,,,,,,,,4,2,2,,,,,,,,,,
,,Charlotte County,,,,,,,,,,,,,,,,,,,,,,,1,,,4,4,,,,,,,,,,,,,,,,1,62,62,,,,,,,,,,,
,,Chesapeake,,3,1,2,,,,,,,,,,,,,,,,,1,3,,,,14,14,,,,,4,,,,,,1,,3,8,,,20,20,,,,,,,,1,1,,3
,,Chesterfield County,,17,12,4,1,,,,,,,,,,,,,,,,,7,3,2,,24,16,1,7,,,4,,,,,,,,4,3,,,122,93,29,,,,,,,,,,9
,,Clarke County,,,,,,,,,,,,,,,,,,,,,,,,,,1,1,,,,,2,,,,,,,,2,1,,,15,15,,,,,,,,,,,1
,,Clifton Forge,,,,,,,,,,,,,,,,,,,,,,,,,,,,,,,,,,,,,,,,,,,,,,,,,,,,,,,,
,,Colonial Heights,,1,1,,,,,,,,,,,,,,,,,,,1,,,,4,4,,,,,,,,,,,,,,,,,17,14,3,,,,,,,,,,3
,,Craig County,,2,1,,1,,,,,,4,,1,,3,,,,,,1,1,,,,4,3,,,,1,4,,,,,,,,4,,,,12,11,1,,,,,,,,,,
,,Culpeper County,,4,1,3,,1,1,,,,,,,,,,,,,,,,2,1,,4,4,,,,,1,,,,,,,,1,,,,35,33,2,,,,,,,,,,
,,Cumberland County,,1,,1,,,,,,,,,,,,,,,,,,,1,,,,,,,,,,,,,,,,,,,,1,10,10,,,,,,,,,,,1
,,Danville,,,,,,,,,,,,,,,,,,,,,,,,,,10,10,,,,,2,,,,,,,,2,1,,,45,44,1,,,,,,,,,,3
,,Dickenson County,,3,2,1,,,,,,,3,1,,,2,,,,4,,,,1,2,,4,4,,,,,8,,,,,,,,8,2,,,9,9,,,,,,,,,,,
,,Dinwiddie County,,8,8,,,,,,,1,1,1,,,,,,,,,,,,,,,,,,,,1,,,,,,,,1,,,,37,36,1,,,,,,,,,,1
,,Essex County,,4,2,2,,,,,,,,,,,,,,,,,,,3,,,4,2,1,1,,,2,,,1,,,,,1,1,,,1,,1,,,,,,,,,,1
,,Fairfax City,,,,,,,,,,,,,,,,,,,,,,,,,,2,2,,,,,,,,,,,,,,,,,,,,,,,,,,,,,
,,Fairfax County,,25,5,20,,,,,,,2,2,,,,,,,,,,9,8,1,,53,53,,,,,17,,,,2,,2,,13,7,,3,171,162,9,,,,,,,,,,4
,,Fauquier County,,2,,1,1,,,,,,,,,,,,,,,,,1,,,,5,4,,1,,,1,,,,,,,,1,,,2,80,79,1,,,,,,,,,,
,,Floyd County,,,,,,,,,,,,,,,,,,,,,,,,,,1,1,,,,,,,,,,,,,,1,,,35,34,1,,,,,,,,,,2
,,Fluvanna County,,2,1,,1,,,,,,,,,,,,,,,,,,1,,,,,,,,,1,,,,,,1,,,,,,12,9,3,,,,,,,,,,
,,Franklin County,,6,4,2,,,,,,,2,1,,,1,,,,,,1,1,3,1,,9,9,,,,,5,,,,,,,,5,2,,,22,22,,,,,,,,,,,2
,,Frederick County,,2,1,1,,,,,,,,,,,,,,,,,,,14,1,,,,,,,,3,,,,,,,,3,,,,149,146,3,,,,,,,,,,4
,,Fredericksburg,,,,,,,,,,,,,,,,,,,2,,,,,,,2,2,,,,,,,,,,,,,,,,,19,19,,,,,,,,,,,1
,,Galax,,,,,,,,,,,,,,,,,,,,,,,,,,,,,,,,1,,,,,,,,1,,,,2,2,,,,,,,,,,,
,,Giles County,,,,,,,,,,,,,,,,,,,,,,,,,,,,,,,,2,,,,,,,,2,,,,7,7,,,,,,,,,,,
,,Gloucester County,,4,1,3,,,,,,1,,,,,,,,,,,,,1,1,,8,8,,,,,4,,,1,,,,,3,1,,1,78,77,1,,,,,,,,,,2
,,Goochland County,,1,,1,,,,,,,3,,2,,1,,,,,,1,,,,,,,,,,,2,,,,,,,,2,,,,16,12,4,,,,,,,,,,2
,,Grayson County,,,,,,,,,,,,,,,,,,,,,,,,,,,,,,,,1,,,,,,,,1,,,,7,7,,,,,,,,,,,
,,Greene County,,,,,,,,,,,,,,,,,,,,,,,,,,,,,,,,,,,,,,,,,,,,21,21,,,,,,,,,,,
,,Greensville County,,3,3,,,,,,,,,,,,,,,,,,,1,,,,3,3,,,,,,,,,,,,,,,,,18,14,4,,,,,,,,,,
,,Halifax County,,,,,,,,,,,,,,,,,,,,,1,1,2,1,,5,5,,,,,10,,,,1,,3,,6,1,,,211,210,1,,,,,,,,,,2
,,Hampton,,4,4,,,,,,,,,,,,,,,,,,,2,1,,,44,44,,,,,1,,,,,,,,1,1,,1,44,43,1,,,,,,,,,,8
,,Hanover County,,2,,1,1,,,,,,,,,,,,,,,,,1,,,,44,42,,2,,,2,,,1,,,,,1,1,,,66,56,10,,,,,,,,,,35
,,Harrisonburg,,,,,,,,,,,,,,,,,,,,,,2,,,,6,6,,,,,2,,,,,,2,,,,,,263,261,2,,,,,,,,,,2
,,Henrico County,,10,6,4,,,,,,,,,,,,,,,,,,2,,1,,21,20,,,1,,12,,,,,,,,12,3,,,64,36,28,,,,,,,,,,19
,,Henry County,,1,,1,,,,,,,,,,,,,,,,,,,,,,6,6,,,,,4,,,,,,1,,3,1,1,,10,10,,,,,,,,,,,
,,Isle of Wight County,,,,,,,,,,,,,,,,,,,,,,,,,,3,3,,,,,,,,,,,,,,,,,9,8,1,,,,,,,,,,
,,King and Queen County,,,,,,,,,,,,,,,,,,,1,,,,,,,,,,,,,,,,,,,,,,,,,2,1,1,,,,,,,,,,
,,King George County,,,,,,,,,,,,,,,,,,,,,,,,,,3,3,,,,,1,,,,,,,,1,1,,,5,4,1,,,,,,,,,,
,,Lee County,,2,,2,,,,,,,,,,,,,,,3,,,,,,,2,2,,,,,2,,,,,,,,2,1,,,7,4,3,,,,,,,,,,
,,Lexington,,,,,,,,,,,,,,,,,,,,,,,,,,1,1,,,,,,,,,,,,,,,,,1,1,,,,,,,,,,,
,,Loudoun County,,2,,2,,,,,,,,,,,,,,,,,,1,,1,,18,18,,,,,1,,,,,,,,1,,,,21,21,,,,,,,,,,,1
,,Louisa County,,3,,2,1,,,,,,,,,,,,,,,,3,1,,,,1,1,,,,,2,,,,2,,,,,,,1,72,71,1,,,,,,,,,,
,,Lunenburg County,,,,,,,,,,,,,,,,,,,,,,,,,,4,4,,,,,,,,,,,,,,1,,,47,47,,,,,,,,,,,1
,,Lynchburg,,1,,1,,,,,,,,,,,,,,,,,,,,,,11,11,,,,,1,,,,,,,,1,,,,74,74,,,,,,,,,,,2
,,Madison County,,,,,,,,,,,,,,,,,,,2,,,,,,,,,,,,,,,,,,,,,,1,,,21,20,1,,,,,,,,,,
,,Manassas,,,,,,,,,,,,,,,,,,,,,,,,,,1,1,,,,,,,,,,,,,,,,,1,1,,,,,,,,,,,
,,Manassas Park,,,,,,,,,,,,,,,,,,,,,,,,,,,,,,,,,,,,,,,,,,,,,,,,,,,,,,,,
,,Martinsville,,,,,,,,,,,,,,,,,,,,,,,,,,3,3,,,,,,,,,,,,,,,,,,,,,,,,,,,,,
,,Mecklenburg County,,2,,2,,,,,,,,,,,,,,,,,,1,3,,,1,1,,,,,1,,,,,,,,1,2,,,351,335,16,,,,,,,,,,2
,,Montgomery County,,2,1,1,,,,,,,,,,,,,,,2,,,2,1,1,,2,2,,,,,1,,,,,,,,1,,,,200,200,,,,,,,,,,,
,,Nelson County,,,,,,,,,,,,,,,,,,,,,,,,,,,,,,,,,,,,,,,,,,,,14,14,,,,,,,,,,,
,,New Kent County,,,,,,,,,,,,,,,,,,,,,,,,,,,,,,,,,,,,,,,,,,,,36,26,10,,,,,,,,,,1
,,Newport News,,1,1,,,,,,,,,,,,,,,,,,,,,,,26,26,,,,,,,,,,,,,,1,,1,20,20,,,,,,,,,,,3
,,Norfolk,,3,,3,,,,,,,,,,,,,,,,,,1,,,,72,72,,,,,1,,,,,,,,1,8,,,26,26,,,,,,,,,,,4
,,Northampton County,,,,,,,,,,,,,,,,,,,,,,,,,,1,1,,,,,1,,,1,,,,,,,,,47,45,2,,,,,,,,,,
,,Northumberland County,,,,,,,,,,,,,,,,,,,,,,,,,,1,1,,,,,1,,,,1,,,,,,,,,,,,,,,,,,,,
,,Norton,,,,,,,,,,,,,,,,,,,,,,,,,,1,1,,,,,,,,,,,,,,,,,,,,,,,,,,,,,
,,Nottoway County,,,,,,,,,,,,,,,,,,,1,,,,,,,,,,,,,1,,,,,,,,1,,,,4,4,,,,,,,,,,,1
,,Orange County,,1,,1,,,,,,,1,1,,,,,,,,,,,,,,4,4,,,,,,,,,,,,,,1,,,54,51,3,,,,,,,,,,1
,,Page County,,2,,2,,,,,,,,,,,,,,,,,,,2,1,,2,2,,,,,1,,,,,,,,1,1,,1,111,103,8,,,,,,,,,,4
,,Patrick County,,,,,,,,,,,,,,,,,,,1,,,,,,,2,2,,,,,1,,,,,,,,1,,,,1,1,,,,,,,,,,,
,,Petersburg,,,,,,,,,,,,,,,,,,,,,,,,,,2,2,,,,,,,,,,,,,,,,,71,65,6,,,,,,,,,,
,,Pittsylvania County,,,,,,,,,,,,,,,,1,,1,,,,1,2,,,8,8,,,,,14,,,,1,,,,13,15,,,5,5,,,,,,,,,,,
,,Portsmouth,,1,,,1,,,,,,,,,,,,,,,,,1,,,,18,18,,,,,,,,,,,,,,4,,,6,6,,,,,,,,,,,
,,Powhatan County,,15,7,8,,,,,,,,,,,,,,,,,,1,,,,3,1,,2,,,,,,,,,,,,,,,8,6,2,,,,,,,,,,
,,Prince Edward County,,,,,,1,1,,,,,,,,,,,,,,,,,,,,,,,,,,,,,,,,,,,,,3,3,,,,,,,,,,,
,,Prince George County,,,,,,,,,,,,,,,,,,,,,,,2,,,1,1,,,,,,,,,,,,,,,,,7,6,1,,,,,,,,,,
,,Prince William County,,12,7,4,1,,,,,3,1,1,,,,,,,1,,,1,6,,,36,34,,2,,,8,,,,,,,,8,4,,1,94,94,,,,,,,,,,,6
,,Pulaski County,,1,,1,,,,,,,6,,,,6,,,,,,,,1,,,,,,,,,7,,,,,,,,7,,,,5,3,2,,,,,,,,,,1
,,Radford,,,,,,,,,,,,,,,,,,,,,,,,,,,,,,,,,,,,,,,,,,,,,,,,,,,,,,,,
,,Richmond,,2,2,,,,,,,,,,,,,,,,1,,,2,1,,,5,5,,,,,1,,,,,,,,1,2,1,,85,68,17,,,,,,,,,,5
,,Richmond County,,1,,1,,,,,,1,2,,1,,1,,,,,,,,1,,,,,,,,,,,,,,,,,,,,,1,1,,,,,,,,,,,
,,Roanoke,,2,,1,1,,,,,,,,,,,,,,1,,,,,1,,18,18,,,,,2,,,1,,,1,,,,,,30,30,,,,,,,,,,,2
,,Roanoke County,,6,3,2,1,,,,,,2,2,,,,,,,,,,3,,,,16,16,,,,,3,,,,1,,,,2,,,,17,17,,,,,,,,,,,1
,,Rockbridge County,,1,,1,,,,,,,1,,,,1,,,,1,,,,1,,,2,2,,,,,1,,,,,,,,1,1,,1,48,47,1,,,,,,,,,,1
,,Rockingham County,,,,,,,,,,,,,,,,,,,,,,,,,,3,3,,,,,16,,,,1,1,3,,11,19,,1,185,181,4,,,,,,,,,,14
,,Russell County,,,,,,1,1,,,,5,,,,5,,,,1,,,,,,,7,7,,,,,,,,,,,,,,,,,,,,,,,,,,,,,
,,Salem,,,,,,,,,,,,,,,,,,,,,,,,,,3,3,,,,,2,,,,,,,,2,,,,2,2,,,,,,,,,,,
,,Scott County,,5,1,4,,,,,,,,,,,,,,,2,,,1,1,,,5,5,,,,,2,,,1,,,,,1,1,,,7,6,1,,,,,,,,,,1
,,Shenandoah County,,1,1,,,1,,,1,,,,,,,,,,1,,,1,5,,,1,1,,,,,2,,,,,,,,2,3,,,176,169,7,,,,,,,,,,1
,,Smyth County,,5,1,4,,,,,,,1,1,,,,,,,,,,,3,,,7,7,,,,,2,,,,,,,,2,2,,,21,19,2,,,,,,,,,,6
,,Southampton County,,,,,,,,,,,,,,,,,,,,,,,1,,,,,,,,,,,,,,,,,,1,,,4,3,1,,,,,,,,,,
,,South Boston,,,,,,,,,,,,,,,,,,,,,,,,,,,,,,,,,,,,,,,,,,,,,,,,,,,,,,,,
,,Spotsylvania County,,1,,,1,,,,,,,,,,,,,,,,,,,,,,,,,,,,,,,,,,,,,,,31,29,2,,,,,,,,,,
,,Stafford County,,,,,,,,,,,,,,,,,,,,,,,,,,2,2,,,,,2,,,,,,1,,1,1,,,34,24,10,,,,,,,,,,
,,Surry County,,2,2,,,,,,,,,,,,,,,,,,,,,,,,,,,,,,,,,,,,,,,,,1,1,,,,,,,,,,,
,,Tazewell County,,2,1,,1,,,,,,1,1,,,,,,,5,,,,,,,4,4,,,,,2,,,,,,,,2,,,,,,,,,,,,,,,,
,,Virginia Beach,,1,,1,,,,,,,,,,,,,,,,1,,6,1,,,58,58,,,,,7,,,,1,,,,6,3,,,34,33,1,,,,,,,,,,5
,,Warren County,,1,,1,,,,,,,,,,,,,,,,,,,4,,,2,2,,,,,1,,,,,,,,1,,,,336,329,7,,,,,,,,,,6
,,Washington County,,5,3,2,,,,,,,,,,,,,,,,,,,1,1,,10,10,,,,,2,,,,,,,,2,1,,,10,9,1,,,,,,,,,,1
,,Waynesboro,,,,,,,,,,,,,,,,,,,,,,,,,,,,,,,,1,,,,,,,,1,,,,1,1,,,,,,,,,,,
,,Westmoreland County,,,,,,,,,,,,,,,,,,,1,,,1,,1,,,,,,,,,,,,,,,,,,,,3,2,1,,,,,,,,,,
,,Winchester,,,,,,,,,,,,,,,,,,,,,,,1,,,3,3,,,,,2,,,,,,1,,1,,,,124,121,3,,,,,,,,,,1
,,Wise County,,5,1,3,1,,,,,,1,,,,1,1,,1,1,,,1,,,1,4,4,,,,,3,,,,,,,,3,,,,9,9,,,,,,,,,,,
,,Wythe County,,1,,1,,,,,,,,,,,,,,,,,,,2,,,10,10,,,,,17,,,1,,,1,,15,3,,,22,22,,,,,,,,,,,3
,Other Agencies,Alcoholic Beverage Control Commission,,3,,3,,,,,,,,,,,,,,,,,,35,1,5,,13,4,,9,,,29,,,19,,,,,10,,,1,54,50,4,,,,,,,1,1,,3
,,Department of Conservation and Recreation,,1,,1,,,,,,,,,,,,,,,,,1,1,7,,,1,,,1,,,61,1,,,,,49,,11,,,,7,6,1,,,,,,,,,,1
,,"Department of Game and Inland Fisheries, Enforcement Division",,8,4,3,1,,,,,,,,,,,,,,,,,,11,,,18,13,,5,,,18,,,,,,,,18,,,2,144,143,1,,,,,,,,,,198
,,Department of Motor Vehicles,,,,,,,,,,,,,,,,,,,,3,,345,1,5,1,46,43,,3,,,3,,,,,,,,3,8,,36,,,,,,,,,,,,,
,,Norfolk Airport Authority,,11,,10,1,,,,,,,,,,,,,,,,,,6,1,,2,2,,,,,66,,,,2,,9,1,54,4,,,2,2,,,,,,,,,,,10
,,"Port Authority, Norfolk",,1,,,1,,,,,,,,,,,,,,,,,,,,,,,,,,,1,,,,,,,,1,,,,1,1,,,,,,,,,,,
,,Reagan National Airport,,35,,35,,,,,,,2,,,,2,,,,,,1,2,139,1,,11,,8,3,,,420,,,2,,,23,2,393,71,1,3,27,25,2,,,,,,,,,,299
,,Richmond International Airport,,1,,1,,,,,,,,,,,,,,,,,,,6,,,2,2,,,,,3,,,,,,1,1,1,1,,,5,4,1,,,,,,,,,,9
,,Southside Virginia Training Center,,49,1,48,,,,,,,,,,,,,,,1,,,,5,,,,,,,,,12,,,,,,,,12,,,,1,,1,,,,,,,,,,
,,Virginia State Capitol,,8,,2,6,,,,,,,,,,,,,,,,,,38,,,1,,1,,,,31,,,,25,,3,,3,,,,2,2,,,,,,,,,,,
WASHINGTON,Cities,Aberdeen,"17,000",284,27,222,35,1,1,,,4,46,13,,,33,4,1,3,2,,218,31,118,,,24,5,5,12,,2,624,1,10,310,27,1,79,45,151,83,18,29,350,168,182,,,,,,3,23,23,,40
,,Airway Heights,"6,198",93,,93,,,,,,,1,1,,,,,,,1,,67,3,41,,1,15,,14,1,,,236,15,10,92,66,3,45,1,4,25,9,4,15,15,,,,,,,,,,,1
,,Algona,"3,104",23,1,22,,,,,,,,,,,,,,,1,,13,2,8,,,7,,6,,,1,56,,,,28,1,24,,3,6,1,1,13,10,3,,,,,,,,,,1
,,Anacortes,"16,097",171,13,143,15,,,,,,7,1,,,6,1,,1,7,,148,9,177,3,1,43,11,26,4,,2,389,,1,33,66,1,115,11,162,35,2,19,277,132,145,,,,,,2,,,,18
,,Asotin,"1,282",17,2,14,1,,,,,,,,,,,,,,,,3,,9,,,,,,,,,10,1,,,5,,2,,2,1,,,3,3,,,,,,,,,,,
,,Bainbridge Island,"23,490",88,8,74,6,,,,,,11,4,,,7,,,,2,,52,8,112,,,59,3,,56,,,249,,,14,2,,33,3,197,9,,2,47,15,32,,,,,,,,,,6
,,Battle Ground,"18,068",153,19,116,18,,,,,3,16,5,2,1,8,1,,1,2,,54,3,128,2,,32,6,4,22,,,306,,,62,71,,68,1,104,30,4,19,182,99,83,,,,,,1,1,1,,9
,,Bellingham,"82,665",928,139,505,284,,,,,24,56,29,1,1,25,6,,6,5,,614,150,"1,625",6,1,352,72,249,15,1,15,"3,566",4,4,"1,033",410,1,475,266,"1,373",147,53,99,391,370,21,,,,,,1,20,15,5,62
,,Bingen,731,6,,6,,,,,,,,,,,,,,,,,5,1,20,1,,,,,,,,20,,,,10,,9,,1,2,,,5,4,1,,,,,,,,,,
,,Black Diamond,"4,279",26,,24,2,,,,,,1,,,,1,,,,,,13,,27,,,10,1,7,2,,,48,,,3,20,,8,1,16,12,1,1,57,30,27,,,,,,,,,,1
,,Blaine,"4,791",35,6,29,,,,,,,2,,1,,1,2,,2,1,,22,,8,,,,,,,,,117,,,7,60,,13,3,34,1,1,1,103,71,32,,,,,,,,,,7
,,Bonney Lake,"17,751",102,13,86,3,,,,,1,7,1,,1,5,,,,5,,120,25,184,,,84,15,49,20,,,408,2,1,111,59,1,135,10,89,34,6,14,71,48,23,,,,,,,,,,12
,,Bothell,"34,389",234,19,159,56,1,1,,,1,8,7,,,1,3,3,,8,,178,10,245,3,1,23,11,10,2,,,701,1,4,81,77,3,17,121,397,64,8,13,200,139,61,,,,,,,1,1,,17
,,Bremerton,"39,434",809,147,649,13,1,1,,,5,60,38,3,,19,6,1,5,22,,444,125,669,2,2,96,5,2,89,,,"1,580",,1,168,22,4,322,18,"1,045",201,44,95,475,331,144,,,,,,,20,14,6,50
,,Brewster,"2,409",21,2,16,3,,,,,,2,2,,,,,,,,,12,,15,,,2,1,1,,,,17,,,3,,,2,,12,2,,,8,5,3,,,,,,,,,,2
,,Brier,"6,225",28,1,26,1,,,,,1,,,,,,1,1,,,,33,,21,,,10,1,8,,,1,59,,,,16,,17,1,25,6,,,3,3,,,,,,,1,,,,
,,Burlington,"8,557",169,8,135,26,,,,,1,8,7,,,1,,,,1,,108,1,234,2,,1,,,1,,,786,,2,300,19,,143,6,316,36,11,26,127,78,49,,,,,,,,,,9
,,Castle Rock,"2,002",28,2,25,1,,,,,,1,1,,,,,,,1,,12,,22,,,3,,2,1,,,55,1,,2,11,,21,2,18,5,1,1,14,11,3,,,,,,,,,,2
,,Centralia,"16,593",287,48,211,28,2,2,,,4,42,12,1,,29,6,,6,8,,180,26,224,3,2,63,19,29,15,,,565,,,78,44,,155,21,267,53,18,26,447,284,163,,,,,,2,,,,27
,,Chehalis,"7,371",181,13,168,,,,,,,8,4,,,4,,,,1,,46,4,94,,,14,12,,1,,1,376,,4,93,2,,65,2,210,11,4,4,71,68,3,,,,,,,,,,3
,,Cheney,"10,747",195,17,56,122,,,,,,8,4,1,,3,,,,1,,79,7,110,,1,20,4,8,6,,2,242,,1,42,33,,45,4,117,18,7,2,33,31,2,,,,,,1,,,,5
,,Chewelah,"2,632",55,6,43,6,,,,,1,1,,,,1,,,,,,18,2,33,,,15,11,3,1,,,68,,,3,15,,14,2,34,3,,2,23,14,9,,,,,,,,,,1
,,Cle Elum,"2,845",33,2,31,,,,,,,1,,,,1,,,,2,,30,2,42,,,5,,3,,,2,101,,,9,5,2,23,3,59,4,1,3,22,16,6,,,,,,,,,,2
,,Clyde Hill,"3,077",6,2,4,,,,,,,,,,,,,,,1,,7,,7,,,3,,2,1,,,23,,,,5,,,,18,,,,5,3,2,,,,,,,,,,1
,,Colfax,"2,867",31,1,25,5,,,,,,6,1,,,5,,,,2,,13,,20,,,24,14,8,2,,,31,,,1,13,,2,1,14,2,,4,10,7,3,,,,,,,,,,1
,,College Place,"8,975",44,6,36,2,,,,,1,5,3,,,2,,,,1,,31,3,6,1,2,15,,9,4,,2,169,,,16,8,,51,,94,15,1,11,24,15,9,,,,,,1,,,,3
,,Colville,"4,715",36,1,31,4,,,,,,,,,,,,,,,,11,2,13,,,1,,,1,,,122,,,69,7,,16,,30,3,,1,2,1,1,,,,,,,,,,
,,Connell,"5,328",48,3,42,3,,,,,2,4,1,1,,2,,,,,,14,1,51,,,6,3,1,2,,,24,,,3,3,,,,18,2,2,1,23,12,11,,,,,,1,,,,7
,,Coulee Dam,"1,118",16,2,14,,,,,,,1,1,,,,,,,,,6,1,5,,,2,1,1,,,,8,,,2,1,,,,5,2,1,,13,11,2,,,,,,,,,,1
,,Coupeville,"1,860",22,,13,9,,,,,,2,2,,,,,,,,,18,5,14,,,4,,4,,,,17,,,1,1,,5,,10,1,,,5,4,1,,,,,,,,,,1
,,Dupont,"8,379",37,11,26,,,,,,,1,,,,1,3,,3,,,19,1,64,,,24,3,6,15,,,46,1,,,2,,19,1,23,2,1,4,25,16,9,,,,,,,,,,5
,,East Wenatchee,"13,506",116,9,107,,1,1,,,,15,7,1,,7,7,,7,1,,75,18,123,1,,27,6,13,8,,,306,,2,105,7,,54,20,118,10,4,5,106,70,36,,,,,,,,,,4
,,Eatonville,"2,818",22,4,14,4,,,,,,2,1,,,1,,,,,,19,,17,1,,11,2,9,,,,53,,,5,13,,20,4,11,2,,,16,10,6,,,,,,1,,,,
,,Edgewood,"9,592",41,11,28,2,,,,,,2,1,,,1,,,,,,145,10,133,,,47,12,22,12,,1,189,,,1,11,,83,,94,23,1,23,7,6,1,,,,,,1,,,,1
,,Ellensburg,"18,649",223,17,197,9,,,,,1,12,9,,,3,2,,2,5,,122,13,361,,1,54,,28,24,,2,735,,18,70,31,,192,15,409,43,4,40,170,109,61,,,,,,1,,,,16
,,Elma,"3,125",53,3,32,18,,,,,,3,2,,,1,,,,1,,39,2,39,,,13,7,4,2,,,169,,,16,11,,27,51,64,8,2,4,54,31,23,,,,,,,,,,4
,,Ephrata,"7,919",97,8,88,1,1,1,,,6,14,3,2,,9,,,,1,1,96,3,66,,,20,12,8,,,,288,,,74,43,,50,1,120,9,6,8,64,48,16,,,,,,,,,,2
,,Everson,"2,538",25,1,22,2,,,,,,2,2,,,,1,,1,,,4,,16,,,,,,,,,26,,,1,1,,9,1,14,1,,1,8,8,,,,,,,,,,,
,,Federal Way,"91,978",951,152,764,35,4,3,,1,25,140,43,3,3,91,4,1,3,9,,933,135,"1,463",3,4,475,233,140,83,2,17,"3,417",6,83,"1,012",275,8,"1,121",99,813,806,107,108,483,271,212,,,,,,3,12,12,,80
,,Ferndale,"11,677",108,11,60,37,,,,,3,6,3,,,3,,,,3,,79,21,174,,,12,2,5,5,,,328,,,66,,,,,262,18,2,20,78,53,25,,,,,,,,,,13
,,Fircrest,"6,637",52,5,47,,,,,,1,2,,,,2,,,,1,,49,7,67,,,30,5,10,15,,,83,2,1,4,5,,34,2,35,12,2,6,13,10,3,,,,,,,,,,3
,,Forks,"3,587",46,3,40,3,1,1,,,,7,1,,,6,3,2,1,1,,35,1,31,,,2,,2,,,,81,,,20,13,,3,9,36,8,,5,28,13,15,,,,,,,,,,3
,,Gig Harbor,"7,279",85,15,67,3,,,,,4,3,2,,,1,,,,6,,75,20,122,,,58,10,18,29,,1,346,4,2,81,28,1,120,7,103,25,1,12,50,42,8,,,,,,,,,,3
,,Goldendale,"3,505",64,11,53,,,,,,,2,2,,,,,,,,,36,,81,1,,1,,1,,,,124,,,17,2,2,28,4,71,10,1,,20,20,,,,,,,,,,,
,,Grand Coulee,"1,054",39,7,32,,,,,,2,1,1,,,,,,,,,30,,15,,,1,,1,,,,39,,,,20,,10,4,5,11,,2,13,12,1,,,,,,,,,,
,,Grandview,"11,147",139,28,90,21,1,1,,,,7,1,,,6,,,,3,1,105,16,115,,,29,16,2,11,,,150,,3,10,3,2,52,2,78,36,3,4,89,58,31,,,,,,,,,,15
,,Granger,"3,330",38,4,27,7,,,,,,3,,,,3,1,,1,,,22,1,60,,,11,8,3,,,,48,1,1,9,2,,4,1,30,15,1,,8,5,3,,,,,,,,,,12
,,Issaquah,"31,341",146,11,120,15,,,,,1,8,2,,,6,,,,4,,90,15,283,1,,68,51,1,16,,,619,4,8,136,70,3,199,11,188,38,6,12,126,74,52,,,,,,,,,,8
,,Kalama,"2,369",25,4,16,5,,,,,,5,,1,1,3,,,,1,,10,3,21,,1,2,1,,1,,,32,,,2,6,,8,,16,5,,2,37,30,7,,,,,,,,,,1
,,Kelso,"12,051",294,29,237,28,,,,,,10,6,,,4,1,,1,3,,135,21,200,,,24,5,15,3,1,,558,2,,121,64,1,132,2,236,22,7,8,105,88,17,,,,,,,,,,13
,,Kennewick,"76,971","1,037",160,739,138,1,1,,,18,107,33,2,1,71,3,,3,19,,450,66,"1,161",,1,307,187,65,51,,4,"1,829",1,2,571,68,2,377,16,792,128,35,82,712,442,270,,,,,,6,2,2,,103
,,Kettle Falls,"1,609",28,3,25,,,,,,,,,,,,,,,,,8,1,11,,,,,,,,,47,,,7,,,6,,34,2,,1,3,3,,,,,,,1,,,,4
,,Kirkland,"50,243",527,56,326,145,,,,,4,25,14,5,,6,1,,1,8,,333,54,708,3,1,61,28,23,10,,,"1,744",26,21,112,221,4,360,78,922,92,24,46,235,159,76,,,,,,3,1,,1,33
,,La Center,"2,880",16,,14,2,,,,,,1,,,,1,1,,1,,,7,1,24,,,8,,8,,,,33,,,1,19,,9,,4,4,,1,13,11,2,,,,,,,,,,
,,Lake Forest Park,"12,975",44,4,30,10,,,,,1,4,2,,,2,,,,,,93,4,146,,,20,16,2,2,,,194,1,2,30,16,,11,56,78,9,2,3,22,15,7,,,,,,,,,,2
,,Lakewood,"59,416","1,341",319,"1,013",9,2,1,1,,37,114,40,4,,70,13,,13,13,,714,115,"1,080",,5,228,23,114,86,2,3,"2,073",8,2,539,109,8,658,41,708,213,108,116,583,408,175,,,,,,11,65,53,12,99
,,Liberty Lake,"7,709",32,2,25,5,,,,,,1,1,,,,,,,,,23,3,9,1,,12,5,5,1,,1,69,,,10,15,2,33,2,7,5,1,,9,8,1,,,,,,,,,,
,,Long Beach,"1,407",19,1,18,,,,,,,1,,,,1,,,,,,23,3,4,,,,,,,,,34,,2,3,15,,12,,2,2,,,3,3,,,,,,,,,,,1
,,Longview,"37,032",735,74,532,129,1,1,,,5,37,26,2,,9,1,,1,37,,456,48,678,1,1,136,52,31,51,,2,"1,644",1,,459,147,2,421,40,574,142,55,47,419,381,38,,,,,,7,4,4,,58
,,Lynden,"12,223",72,5,48,19,1,1,,,4,2,2,,,,,,,1,,30,10,66,,,29,21,,8,,,158,,1,34,31,,23,6,63,2,1,4,106,66,40,,,,,,,,,,4
,,Medina,"3,059",3,,2,1,,,,,,,,,,,,,,,,12,1,17,,,2,1,1,,,,39,,,,4,,8,,27,4,,,4,3,1,,,,,,,,,,
,,Mill Creek,"18,661",96,23,70,3,2,2,,,2,3,2,,,1,,,,5,,62,17,68,,,60,1,13,46,,,271,,,7,149,,89,3,23,27,7,10,114,74,40,,,,,,2,,,,12
,,Monroe,"17,665",181,47,127,7,2,1,1,,1,9,2,1,,6,10,1,9,2,1,99,24,119,1,,31,3,21,7,,,341,,,63,76,1,109,7,85,34,5,22,165,106,59,,,,,,1,,,,10
,,Montesano,"4,001",22,1,20,1,,,,,,3,,,,3,,,,,,8,6,20,,,8,,7,1,,,65,,1,8,8,,20,2,26,2,1,,16,9,7,,,,,,1,,,,1
,,Morton,"1,143",10,4,6,,,,,,,,,,,,,,,,,,2,4,,,,,,,,,10,,,,2,,3,,5,1,,,2,2,,,,,,,,1,1,,1
,,Mountlake Terrace,"20,363",168,24,125,19,,,,,1,21,8,1,,12,1,1,,7,,136,25,212,2,,54,5,22,14,,13,374,1,,20,85,4,171,3,90,53,11,10,132,83,49,,,,,,,,,,2
,,Mount Vernon,"32,384",525,46,381,98,1,1,,,2,21,14,1,,6,4,2,2,10,,316,23,690,1,,39,4,14,19,,2,"1,168",,6,440,96,1,249,10,366,87,22,27,363,211,152,,,,,,5,6,6,,87
,,Moxee,"3,394",13,1,12,,1,1,,,,2,1,,,1,1,1,,,,1,,13,,,8,3,4,1,,,13,,,,4,,4,,5,2,,,21,17,4,,,,,,,,,,
,,Normandy Park,"6,524",29,7,22,,,,,,1,2,,,,2,1,,1,,,47,1,4,1,,4,1,1,1,1,,148,,1,19,14,1,81,,32,12,2,1,7,7,,,,,,,,,,,
,,Oak Harbor,"22,457",283,28,227,28,,,,,,17,7,2,,8,,,,5,,165,7,215,1,,54,21,33,,,,485,,1,116,32,,104,39,193,33,3,8,146,96,50,,,,,,2,1,1,,17
,,Omak,"4,929",105,23,78,4,,,,,,2,2,,,,1,,1,2,,43,2,115,1,,2,1,,,,1,139,,1,58,14,,26,7,33,15,4,1,46,42,4,,,,,,,,,,4
,,Oroville,"1,715",20,1,17,2,,,,,,1,1,,,,,,,,,20,,20,,,,,,,,,57,,,8,6,,12,1,30,1,,,9,9,,,,,,,,,,,
,,Orting,"6,890",56,3,52,1,,,,,,,,,,,,,,2,,67,1,71,1,,15,,10,4,,1,162,,,9,38,,55,,60,9,2,4,28,18,10,,,,,,,,,,1
,,Othello,"7,554",148,15,132,1,,,,,2,1,,,,1,1,,1,8,,75,9,397,1,,5,,4,1,,,378,,4,37,92,2,110,15,118,31,5,2,49,48,1,,,,,,,1,1,,22
,,Pacific,"6,803",58,4,44,10,1,1,,,,3,,,,3,,,,,,39,1,33,2,,14,,11,3,,,123,,,2,10,,38,6,67,31,,3,16,15,1,,,,,,,1,1,,
,,Palouse,"1,021",,,,,,,,,,,,,,,,,,,,,,3,,,4,,4,,,,4,,,,4,,,,,,,,,,,,,,,,,,,,
,,Pasco,"63,806",755,139,509,107,1,1,,,28,109,14,5,,90,2,,2,11,,426,51,677,1,2,267,154,52,54,,7,"1,081",,1,167,10,2,256,26,619,171,41,28,446,281,165,,,,,,3,7,5,2,84
,,Port Angeles,"19,342",426,56,300,70,1,,1,,11,36,13,1,6,16,5,1,4,4,,252,81,404,3,2,54,16,35,3,,,607,3,,139,43,,123,44,255,56,11,77,170,138,32,,,,,,4,2,,2,36
,,Port Orchard,"11,444",262,56,202,4,,,,,,16,5,7,,4,,,,,,149,30,138,4,1,34,15,3,16,,,649,,,183,,,123,4,339,70,10,29,243,143,100,,,,,,,,,,17
,,Port Townsend,"9,219",102,11,51,40,,,,,2,9,6,,1,2,4,2,2,8,,55,11,122,,,16,,16,,,,271,4,2,45,42,,39,28,111,11,1,3,24,21,3,,,,,,,,,,6
,,Poulsbo,"9,428",77,12,65,,2,2,,,,2,2,,,,,,,,,81,6,139,,,19,5,,14,,,284,1,4,108,18,1,55,2,95,13,8,16,50,35,15,,,,,,,1,1,,4
,,Pullman,"30,206",175,21,140,14,,,,,,16,5,1,1,9,,,,,,61,4,173,,,128,45,83,,,,195,4,7,37,55,,31,2,59,4,3,9,109,68,41,,,,,,,,,,13
,,Puyallup,"37,821",555,45,505,5,,,,,5,35,18,,2,15,3,,3,14,,4414,92,"1,285",1,1,325,42,55,221,,7,"2,413",10,11,789,318,6,838,44,397,243,36,80,414,288,126,,,,,,2,1,1,,43
,,Quincy,"6,985",106,22,84,,,,,,,10,9,,,1,1,,1,1,,103,2,205,,,5,4,1,,,,112,,3,6,,,10,1,92,19,1,3,51,31,20,,,,,,,,,,5
,,Rainier,"1,844",14,,14,,,,,,,,,,,,,,,,,20,,19,,,3,1,2,,,,25,,,,,,14,,11,4,,1,25,16,9,,,,,,,,,,2
,,Raymond,"2,911",63,4,57,2,,,,,,1,,,1,,,,,,,23,4,9,,,3,,3,,,,43,,,2,4,1,14,2,20,3,,,1,1,,,,,,,,,,,
,,Reardan,573,1,,1,,,,,,,,,,,,,,,,,2,,1,,,,,,,,,7,,,,5,,1,,1,,,,22,11,11,,,,,,,,,,1
,,Redmond,"55,770",238,17,176,45,1,,1,,1,36,8,1,4,23,,,,8,,169,52,414,14,,214,65,95,47,,7,990,1,1,245,130,1,303,81,228,49,11,38,275,140,135,,,,,,5,,,,14
,,Renton,"93,722",761,139,569,53,2,2,,,16,55,28,,,27,12,1,11,11,,888,306,"1,986",,2,233,2,231,,,,"3,099",,,,,,,,"3,099",625,115,31,108,94,14,,,,,,3,3,1,2,25
,,Richland,"50,057",512,51,425,36,,,,,6,60,20,,1,39,4,,4,10,,181,35,560,6,1,193,79,87,27,,,"1,027",,1,219,6,9,284,18,490,65,11,42,484,296,188,,,,,,8,1,1,,46
,,Ridgefield,"4,899",22,1,17,4,,,,,,2,1,,,1,,,,1,,8,,24,,,7,,7,,,,49,,,,11,1,26,,11,1,,1,12,11,1,,,,,,,,,,1
,,Ritzville,"1,716",15,2,13,,,,,,1,2,1,,,1,,,,,,22,1,18,,,2,,2,,,,47,,,4,2,,,3,38,,1,1,7,7,,,,,,,,,,,2
,,Royal City,"2,215",15,1,13,1,,,,,,,,,,,,,,,,4,,30,,,,,,,,,20,,,3,,,2,2,13,4,1,,6,6,,,,,,,,,,,2
,,Ruston,766,9,,9,,,,,,,,,,,,,,,,,6,,17,,,10,1,1,8,,,20,,,1,1,1,7,,10,2,1,4,7,6,1,,,,,,,,,,2
,,Seattle,"626,865","9,801","2,199","5,514","2,088",23,23,,,58,350,119,39,12,180,16,10,6,77,,"6,455",329,"5,639",129,21,"2,751",651,"1,362",620,9,109,"22,053",175,47,"4,386","1,846",21,"9,039","1,262","5,277","3,591","1,426",197,"1,714","1,304",410,2,2,,,,12,248,237,11,510
,,Sequim,"6,710",117,24,87,6,,,,,4,13,11,,,2,1,,1,,,51,17,104,,1,13,1,12,,,,382,2,,116,79,2,48,52,83,14,2,11,84,47,37,,,,,,,,,,10
,,Shelton,"9,963",161,32,124,5,2,2,,,6,29,15,,,14,1,1,,6,,183,36,250,1,,50,3,27,20,,,628,2,11,179,80,,150,26,180,67,11,41,159,108,51,,,,,,,,,,26
,,Snoqualmie,"10,991",29,2,26,1,,,,,,1,,,,1,,,,1,,28,2,55,,,,,,,,,112,,,4,21,1,46,4,36,3,,5,55,38,17,,,,,,,,,,4
,,Steilacoom,"6,115",41,7,34,,,,,,,1,1,,,,,,,1,,31,1,39,,1,19,2,5,11,,1,49,1,1,2,13,,16,,16,6,,2,27,22,5,,,,,,1,,,,2
,,Sumas,"1,338",15,1,14,,,,,,,1,,,,1,,,,,,6,,8,,,,,,,,,26,,,5,4,,4,1,12,,,,22,22,,,,,,,,,,,2
,,Sumner,"9,656",103,22,81,,1,1,,,,11,2,1,,8,2,,2,2,,125,18,192,,,36,10,9,17,,,339,1,1,35,57,,116,3,126,39,10,20,54,37,17,,,,,,,,,,3
,,Sunnyside,"16,271",255,15,193,47,,,,,1,23,3,,,20,2,1,1,1,,102,9,411,,,44,26,4,12,1,1,379,,13,109,22,4,126,3,102,81,5,1,253,129,124,,,,,,,1,1,,40
,,Tacoma,"202,646","4,213","1,039","3,120",54,13,12,1,,88,253,94,7,10,142,41,3,38,72,,"2,987",246,"5,991",4,20,"1,340",288,615,415,4,18,"8,300",13,34,"1,502",184,17,"3,415",249,"2,886","1,675",486,254,829,591,238,,,,,,15,135,128,7,264
,,Tenino,"1,741",17,1,16,,,,,,,,,,,,,,,,,9,1,12,,,6,,4,2,,,18,,,3,,,8,,7,3,1,,20,10,10,,,,,,,,,,
,,Tonasket,"1,048",17,2,15,,,,,,,,,,,,,,,,,5,,16,,,2,1,1,,,,26,,,,1,,7,2,16,4,1,,2,2,,,,,,,,,,,
,,Toppenish,"9,184",233,33,177,23,1,1,,,5,10,1,2,,7,1,,1,2,,93,10,212,,,25,18,6,1,,,311,,3,133,3,,42,8,122,71,9,9,64,30,34,,,,,,1,,,,44
,,Tukwila,"19,677",591,87,385,119,2,2,,,12,24,20,,,4,4,,4,6,,285,121,974,,2,68,47,,21,,,"2,578",3,16,"1,032",232,,755,42,498,396,99,83,297,267,30,,,,,,,18,10,8,49
,,University Place,"31,820",242,57,183,2,,,,,3,27,10,,1,16,2,,2,2,,232,16,251,1,3,149,32,72,43,,2,612,2,3,93,32,1,315,11,155,63,19,24,92,66,26,,,,,,1,1,1,,10
,,Vader,632,3,,3,,,,,,,,,,,,,,,,,5,,6,,,,,,,,,12,,,,3,,5,,4,,,,,,,,,,,,,,,,
,,Wapato,"5,123",132,23,101,8,,,,,1,4,2,,,2,1,,1,2,,67,3,142,1,,5,5,,,,,136,2,3,29,18,1,28,5,50,50,5,4,36,22,14,,,,,,,,,,12
,,Warden,"2,785",17,,17,,,,,,,,,,,,,,,,,9,2,82,,,5,2,2,1,,,21,,,,,,5,2,14,6,,,3,1,2,,,,,,,,,,
,,Westport,"2,113",32,,30,2,,,,,,1,,,,1,,,,2,,29,,35,,,,,,,,,57,,,5,,,10,,42,4,,,17,11,6,,,,,,1,,,,
,,West Richland,"12,303",100,13,82,5,,,,,3,11,1,1,,9,2,,2,1,,42,3,99,,,17,12,2,2,,1,124,,,8,3,,22,,91,2,1,2,42,27,15,,,,,,,,,,9
,,White Salmon,"2,288",14,1,11,2,,,,,,2,2,,,,,,,,,8,12,16,,,1,1,,,,,38,,,6,21,,10,1,,,,,3,3,,,,,,,,,,,
,,Winlock,"1,359",6,,6,,,,,,,4,2,,,2,,,,,,15,,15,,,5,4,1,,,,21,,,1,4,,7,,9,,,,1,1,,,,,,,,,,,
,,Woodland,"5,566",96,7,73,16,,,,,2,9,5,,,4,1,,1,1,,45,16,63,,1,17,4,3,9,,1,180,,,63,21,1,47,3,45,17,2,10,69,43,26,,,,,,1,,,,9
,,Woodway,"1,337",3,,3,,,,,,,,,,,,,,,,,3,,3,,,3,,2,,,1,9,,,,4,,4,,1,,,,3,2,1,,,,,,,,,,
,,Yakima,"93,419","1,648",353,"1,043",252,11,11,,,19,159,53,4,,102,6,,6,11,,"1,564",22,"1,491",14,,499,387,62,44,1,5,"3,143",11,54,711,298,18,"1,237",38,776,"1,120",152,92,669,396,273,,,,,,3,10,10,,108
,,Yarrow Point,"1,032",2,,2,,,,,,,,,,,,,,,,,3,,1,,,1,1,,,,,8,,,,2,,2,,4,,,,,,,,,,,,,,,,
,,Zillah,"3,041",39,3,26,10,,,,,,1,,,,1,,,,,,27,2,50,,,17,16,,1,,,47,,,10,3,,10,,24,11,1,1,16,11,5,,,,,,,,,,3
,Universities and Colleges,Central Washington University,"11,320",21,2,19,,,,,,,6,2,1,,3,,,,4,,18,,59,,,4,,3,1,,,136,,,8,41,,25,1,61,5,1,,41,33,8,,,,,,,,,,1
,,Eastern Washington University,"12,126",19,,10,9,,,,,,3,2,,,1,,,,,,11,3,29,,,3,,1,,,2,98,,,2,88,,2,1,5,2,1,1,38,34,4,,,,,,,,,,
,,Evergreen State College,"4,794",3,,3,,,,,,,1,1,,,,,,,1,,13,2,82,,,15,15,,,,,86,,,1,17,1,10,,57,1,,,96,50,46,,,,,,,,,,
,,Washington State University:,,,,,,,,,,,,,,,,,,,,,,,,,,,,,,,,,,,,,,,,,,,,,,,,,,,,,,,,
,,Pullman,"27,329",41,1,35,5,,,,,,6,4,,,2,,,,3,,33,3,140,,,22,12,9,1,,,174,,,1,98,1,26,1,47,1,1,10,366,238,128,,,,,,,,,,12
,,Vancouver3,,,,,,,,,,,1,1,,,,,,,,,1,,,,,,,,,,,7,,,,3,,4,,,,,,,,,,,,,,,,,,
,,Western Washington University,"14,842",14,5,7,2,,,,,2,6,4,,,2,,,,1,,11,3,153,,,3,1,2,,,,117,,,5,34,3,15,,60,1,,1,17,13,4,,,,,,1,,,,
,Metropolitan Counties,Asotin,,112,22,90,,1,,1,,,7,4,,,3,1,,1,,,49,2,73,,,2,,1,1,,,142,,,1,1,,30,1,109,13,1,,41,29,12,,,,,,,,,,5
,,Benton,,361,54,273,34,3,,3,,6,44,8,1,,35,3,,3,4,,153,9,229,,,65,46,8,10,,1,348,,,2,4,2,98,3,239,40,5,34,282,192,90,,,,,,4,,,,34
,,Chelan,,270,24,246,,1,1,,,3,10,6,,,4,1,1,,,,179,10,201,,,34,7,19,8,,,401,,5,37,23,1,114,18,203,30,6,12,104,77,27,,,,,,,,,,18
,,Clark,,"1,259",184,883,192,2,2,,,4,89,46,,,43,5,,5,31,,"1,160",166,736,,,59,43,,16,,,"2,345",8,12,309,252,,994,66,704,559,51,52,387,310,77,,,,,,4,,,,43
,,Columbia,,33,4,26,3,1,1,,,1,4,2,,,2,,,,,,47,,54,,,2,2,,,,,116,,,3,,,26,2,85,2,,,1,1,,,,,,,,,,,1
,,Cowlitz,,336,45,211,80,3,3,,,6,50,36,7,,7,1,1,,8,,183,13,161,,,41,9,14,15,,3,317,1,,,12,,75,11,218,43,1,25,92,80,12,,,,,,2,1,1,,17
,,Douglas,,115,13,102,,1,,1,,,10,4,1,,5,2,,2,3,,170,5,58,,,34,21,5,8,,,265,,,11,48,,70,33,103,25,3,11,135,74,61,,,,,,,,,,12
,,Franklin,,87,12,66,9,,,,,,18,5,5,,8,1,,1,,,70,3,73,1,,26,17,5,4,,,141,,,,3,,22,3,113,18,2,8,76,56,20,,,,,,1,2,1,1,14
,,Kitsap,,"1,440",236,"1,191",13,2,2,,,11,154,54,13,,87,18,5,13,17,,"1,284",137,766,18,3,194,16,,176,2,,"2,853",,1,268,9,2,750,79,"1,744",341,47,125,516,372,144,,,,,,1,,,,71
,,Pend Oreille,,343,12,173,158,3,3,,,1,19,3,,,16,,,,,,143,2,128,,,13,11,,1,,1,291,,,4,,,15,3,269,37,1,5,59,41,18,,,,,,,,,,49
,,Pierce,,"2,915",698,"2,190",27,19,17,,2,55,309,102,8,2,197,32,3,29,46,1,"3,603",231,"3,333",2,4,"1,413",178,734,481,3,17,"5,657",14,21,515,461,11,"1,976",168,"2,491","1,087",201,230,816,627,189,,,,,,14,6,5,1,174
,,Skagit,,546,74,314,158,1,1,,,5,39,12,4,2,21,2,,2,11,,539,23,591,7,2,198,73,63,34,,28,814,,,18,119,3,185,125,364,69,8,54,238,154,84,,,,,,3,1,1,,121
,,Skamania,,110,7,92,11,,,,,1,17,7,1,,9,,,,,,37,2,52,,,3,1,1,,,1,75,,,,1,,27,,47,6,,,45,42,3,,,,,,,,,,7
,,Stevens,,320,22,211,87,,,,,6,33,5,,,28,,,,1,,263,4,187,,,25,19,4,2,,,303,1,2,3,21,,45,10,221,53,,2,68,56,12,,,,,,1,,,,18
,,Thurston,,722,203,506,13,1,1,,,27,96,30,10,,56,6,,6,21,,"1,169",75,524,,3,579,1,,578,,,"1,576",3,,43,105,,473,36,916,231,25,76,189,148,41,,,,,,6,,,,31
,,Walla Walla,,162,13,127,22,,,,,1,11,1,,,10,2,,2,3,,143,1,168,,,66,45,20,,,1,284,,,2,64,3,68,6,141,22,3,,99,56,43,,,,,,1,,,,11
,Nonmetropolitan Counties,Adams,,88,10,78,,,,,,,16,7,,,9,,,,2,,84,1,100,,,22,6,14,2,,,162,,,2,12,,27,8,113,30,2,1,34,31,3,,,,,,,,,,37
,,Clallam,,321,48,240,33,4,4,,,8,24,10,,4,10,4,2,2,2,1,303,28,249,1,,31,2,29,,,,546,,3,63,73,,111,80,216,36,11,29,90,67,23,,,,,,,,,,16
,,Ferry,,33,9,23,1,,,,,,3,1,,,2,,,,1,,9,,4,,,,,,,,,19,,2,,10,,2,1,4,1,,,2,2,,,,,,,,,,,1
,,Garfield,,21,6,10,5,,,,,,4,1,,,3,,,,1,,16,,17,,,3,,3,,,,36,,,1,4,1,3,3,24,2,,1,23,13,10,,,,,,1,1,1,,7
,,Grant,,428,74,344,10,3,3,,,10,41,19,,,22,5,,5,10,,360,14,402,,2,42,9,24,9,,,802,,,2,1,,177,1,621,124,13,48,139,108,31,,,,,,1,,,,22
,,Island,,237,54,159,24,1,1,,,5,23,16,1,,6,2,2,,4,,308,9,322,,,104,104,,,,,486,,1,26,3,,31,7,418,34,2,5,26,20,6,,,,,,,,,,18
,,Jefferson,,214,34,159,21,,,,,,13,8,1,,4,1,1,,4,1,143,6,121,,,26,8,17,1,,,263,,,22,7,,63,7,164,29,1,2,38,27,11,,,,,,3,,,,6
,,Kittitas,,99,6,91,2,,,,,,13,2,1,,10,1,1,,2,,92,3,124,,,14,,13,,,1,169,,1,,13,1,18,3,133,23,,2,73,47,26,,,,,,1,,,,6
,,Lewis,,333,40,260,33,1,1,,,3,27,5,,,22,2,,2,3,,299,9,272,,,56,8,29,18,,1,361,1,1,,27,,50,9,273,49,1,37,128,79,49,,,,,,5,,,,19
,,Lincoln,,70,9,54,7,,,,,,6,,1,,5,1,,1,2,,45,,57,,,12,2,4,2,,4,97,1,1,2,46,,20,1,26,11,,1,30,28,2,,,,,,,,,,4
,,Mason,,280,77,193,10,7,4,3,,5,59,10,,,49,2,2,,6,,723,29,335,4,,157,4,106,37,1,9,805,1,5,36,30,1,196,53,483,179,11,38,126,112,14,,,,,,,1,1,,136
,,Okanogan,,246,34,187,25,,,,,,7,6,,,1,,,,3,,168,2,117,,,19,19,,,,,212,,3,2,3,,13,9,182,34,3,1,69,43,26,,,,,,1,,,,9
,,San Juan,,53,9,29,15,,,,,,7,4,,,3,2,,2,,,73,1,67,1,,20,12,6,,,2,139,,,14,22,,32,,71,12,,3,22,16,6,,,,,,,,,,
,,Wahkiakum,,20,3,15,2,,,,,,1,,,,1,1,,1,,,1,,2,,,,,,,,,,,,,,,,,,1,,,6,6,,,,,,,,,,,1
,,Whitman,,50,3,46,1,1,1,,,,8,2,,,6,,,,2,,30,3,27,,,17,3,13,1,,,87,,,,5,,8,7,67,8,,8,93,56,37,,,,,,,,,,14
,State Police Agencies,State Patrol,,,,,,,,,,,,,,,,,,,,,,,,,,,,,,,,,,,,,,,,,,,,,,,,,,,,,,,,
,Other Agencies,Port of Seattle,,107,18,61,28,,,,,4,1,,,,1,,,,,,12,7,96,,,19,7,7,5,,,641,3,6,3,37,,48,4,540,65,,10,144,112,32,,,,,,,2,1,1,58
,Other Agencies - Tribal,Lummi Tribal,,189,27,123,39,2,2,,,4,30,22,,,8,1,1,,2,,111,4,73,1,,,,,,,,197,,,,,,,,197,4,1,7,207,110,97,,,,,,,,,,2
,,Swinomish Tribal,,44,,42,2,,,,,,1,1,,,,,,,,,30,,1,,,1,,1,,,,46,,1,2,,,4,,39,,,,49,31,18,,,,,,,,,,1
WEST VIRGINIA,Cities,Alderson,"1,193",13,,4,9,,,,,,,,,,,,,,,,5,1,11,,,2,2,,,,,25,,,4,3,,,1,17,,,,4,4,,,,,,,,,,,
,,Barboursville,"3,976",59,1,56,2,,,,,,3,,,,3,,,,1,,32,10,42,15,,11,7,4,,,,340,,,249,19,,25,8,39,,1,4,19,19,,,,,,,1,,,,1
,,Beckley,"17,675",846,112,575,159,6,6,,,11,38,21,2,2,13,,,,6,,319,62,603,25,1,154,110,24,20,,,"1,242",1,8,498,29,2,245,11,448,35,56,11,350,349,1,,,,,,2,13,6,7,49
,,Belington,"1,914",9,4,4,1,,,,,,1,,,,1,,,,,,2,,4,,,,,,,,,9,,,,1,1,,2,5,,,,3,3,,,,,,,,,,,
,,Benwood,"1,406",2,,2,,,,,,,,,,,,,,,,,,,,,,,,,,,,1,,,,1,,,,,,,,1,1,,,,,,,,,,,
,,Bridgeport,"8,200",79,4,59,16,,,,,,5,1,,1,3,,,,1,,20,11,38,13,,48,19,27,2,,,200,,2,109,8,2,23,4,52,1,2,1,40,39,1,,,,,,10,,,,2
,,Capon Bridge,351,,,,,,,,,,,,,,,,,,,,,,,,,,,,,,,,,,,,,,,,,,,,,,,,,,,,,,,
,,Chapmanville,"1,222",16,3,9,4,,,,,,,,,,,,,,,,5,,9,,,2,2,,,,,44,,,25,4,,3,,12,1,,,51,51,,,,,,,,,,,1
,,Clarksburg,"16,649",459,91,346,22,1,1,,,3,26,10,1,6,9,1,1,,3,,112,26,213,16,,66,29,31,5,,1,536,,,216,,,44,,276,25,10,2,87,83,4,,,,,,1,2,,2,9
,,Clearview,562,,,,,,,,,,,,,,,,,,,,,,,,,,,,,,,,,,,,,,,,,,,,,,,,,,,,,,,
,,Dunbar,"7,876",184,26,154,4,,,,,2,10,5,,5,,,,,1,,70,8,80,,,20,8,10,,1,1,158,,1,8,4,,35,3,107,13,7,6,60,56,4,,,,,,1,,,,13
,,East Bank,955,2,,2,,,,,,,,,,,,,,,,,3,,3,,,,,,,,,3,,,,,,,1,2,,,,,,,,,,,,,,,,
,,Eleanor,"1,533",1,1,,,,,,,,,,,,,,,,,,,,,,,,,,,,,,,,,,,,,,,,,1,1,,,,,,,,,,,
,,Elkins,"7,108",116,56,41,19,,,,,,7,5,,1,1,,,,4,,51,12,152,1,,14,7,4,3,,,249,,,40,,,8,,201,3,3,3,35,34,1,,,,,,,,,,4
,,Glasgow,901,3,1,,2,,,,,,,,,,,,,,,,1,,6,,,,,,,,,5,,,,1,,2,,2,,,,,,,,,,,,,,,,
,,Glen Dale,"1,511",12,7,3,2,,,,,1,1,1,,,,,,,1,,8,1,14,1,,2,1,1,,,,17,,,,,,,1,16,1,,,5,5,,,,,,,,,,,2
,,Glenville,"1,538",9,,8,1,,,,,,1,,,,1,,,,,,3,,1,,,,,,,,,15,1,1,2,2,,4,,5,,,,7,7,,,,,,,,,,,
,,Hamlin,"1,134",18,16,,2,,,,,,2,,,,2,,,,,,1,2,7,,,1,1,,,,,24,,,1,1,,1,,21,1,,1,10,10,,,,,,,,,,,
,,Harpers Ferry-Bolivar,"1,350",5,,4,1,,,,,,,,,,,,,,,,2,,3,,,1,1,,,,,2,,,,1,,,,1,,1,,3,3,,,,,,,,,,,
,,Harrisville,"1,850",2,,1,1,,,,,,1,1,,,,,,,,,,,5,,,2,2,,,,,5,,,1,,,1,1,2,,,,5,5,,,,,,,,,,,1
,,Hinton,"2,664",68,9,57,2,,,,,,3,,,1,2,,,,,,50,13,41,,,7,6,,1,,,115,1,,33,48,,30,,3,,4,,24,24,,,,,,,,,,,1
,,Hurricane,"6,333",36,7,26,3,1,1,,,1,4,2,1,1,,,,,,,31,8,43,3,,15,8,7,,,,2094,,,92,12,,28,1,76,5,1,3,66,65,1,,,,,,1,,,,2
,,Kenova,"3,188",56,9,36,11,,,,,,1,,,,1,1,,1,1,,38,1,44,,,5,4,,1,,,127,,,6,,,28,4,89,6,1,2,8,8,,,,,,,,,,,
,,Keyser,"5,421",45,7,37,1,,,,,,,,,,,,,,,,26,,36,,,3,1,2,,,,87,,,11,35,,37,1,3,,1,,49,41,8,,,,,,,,,,1
,,Kingwood,"2,958",,,,,,,,,,,,,,,,,,,,,,,,,,,,,,,,,,,,,,,,,,,,,,,,,,,,,,,
,,Lewisburg,"3,859",65,6,46,13,,,,,,2,2,,,,,,,,,6,15,33,5,,38,36,,2,,,147,1,1,81,34,,20,2,8,7,,,22,22,,,,,,,,,,,3
,,Lumberport,884,3,,3,,,,,,,,,,,,,,,,,,,3,,,,,,,,,1,,,,,,1,,,,,,9,9,,,,,,,,,,,
,,Martinsburg,"17,487",357,57,278,22,,,,,,12,3,,7,2,,,,7,,133,22,98,9,,60,35,23,2,,,743,,,308,,,122,11,302,28,33,53,348,348,,,,,,,2,12,12,,48
,,Mason,966,4,1,2,1,,,,,,,,,,,,,,,,3,1,1,1,,,,,,,,7,,,1,1,,1,,4,,1,,2,2,,,,,,,,,,,
,,Matoaka,224,,,,,,,,,,,,,,,,,,,,,,,,,,,,,,,,,,,,,,,,,,,,,,,,,,,,,,,
,,Milton,"2,422",22,,11,11,,,,,,1,,,,1,,,,,,2,5,9,,,,,,,,,32,1,,8,2,,9,,12,1,1,,9,9,,,,,,,,,,,1
,,Monongah,"1,050",,,,,,,,,,,,,,,,,,,,,,1,,,,,,,,,,,,,,,,,,,,,,,,,,,,,,,,,
,,Moorefield,"2,523",28,21,3,4,,,,,,1,,,,1,,,,1,,4,2,9,1,,5,3,1,1,,,16,,,8,1,,2,,5,1,,,30,29,1,,,,,,,,,,1
,,Morgantown,"30,294",310,76,201,33,1,1,,,,25,4,9,2,10,1,1,,9,,177,20,436,12,,61,33,28,,,,634,2,4,171,60,2,138,25,232,16,26,16,150,110,40,,,,,,1,,,,14
,,Mount Hope,"1,400",16,1,14,1,,,,,,,,,,,,,,,,11,3,13,,,4,4,,,,,19,,,5,2,,2,,10,1,1,,6,6,,,,,,,,,,,1
,,New Cumberland,"1,100",,,,,,,,,,,,,,,,,,,,1,,,,,,,,,,,1,,,,,,,,1,,,,,,,,,,,,,,,,
,,Nitro,"7,163",89,6,82,1,,,,,,6,1,,1,4,,,,,,42,14,63,2,,19,9,8,,,2,226,,2,123,4,,30,1,66,11,4,3,96,93,3,,,,,,1,,,,6
,,Nutter Fort,"1,602",7,1,6,,,,,,,,,,,,,,,,,3,,3,1,,2,2,,,,,8,,,1,,,,,7,2,,,1,1,,,,,,,,,,,
,,Oak Hill,"7,672",65,8,56,1,,,,,,1,1,,,,1,,1,,,53,,60,1,,7,5,2,,,,141,,,40,1,1,29,1,69,6,,5,13,8,5,,,,,,,,,,5
,,Oceana,"1,372",40,37,2,1,,,,,,2,1,,,1,,,,,,16,9,31,,,11,10,1,,,,97,,,47,,,1,,49,2,2,2,28,28,,,,,,,,,,,1
,,Paden City,"2,601",,,,,,,,,,,,,,,,,,,,1,,,,,,,,,,,,,,,,,,,,,,,,,,,,,,,,,,,
,,Parkersburg,"31,558",661,106,475,80,1,1,,,6,36,20,,,16,,,,25,,433,52,623,8,,138,64,65,9,,,"1,241",4,3,260,84,5,298,9,578,70,23,11,143,143,,,,,,,5,,,,15
,,Parsons,"1,452",,,,,,,,,,,,,,,,,,,,,,,,,,,,,,,,,,,,,,,,,,,,,,,,,,,,,,,
,,Pennsboro,"1,161",4,1,3,,,,,,,,,,,,,,,,,,,2,,,,,,,,,1,,,,,,1,,,,,,3,3,,,,,,,,,,,
,,Philippi,"2,955",36,33,1,2,,,,,,,,,,,,,,,,12,2,29,,,1,1,,,,,11,,,8,,,1,,2,,,,7,7,,,,,,,,,,,3
,,Point Pleasant,"4,343",58,5,47,6,1,1,,,1,1,1,,,,,,,,,32,5,51,,,12,11,,1,,,105,,,9,3,,27,,66,7,,,11,8,3,,,,,,,,,,1
,,Princeton,"6,453",227,55,141,31,4,3,,1,1,5,1,,1,3,,,,1,,114,11,148,2,,21,11,7,1,1,1,343,,,115,15,1,23,4,185,4,16,,33,33,,,,,,,1,15,15,,
,,Ravenswood,"3,876",42,7,31,4,,,,,,1,,,,1,1,1,,,,9,3,43,1,,6,3,,3,,,60,,,14,32,,10,,4,2,2,,19,19,,,,,,,,,,,4
,,Reedsville,597,,,,,,,,,,,,,,,,,,,,,,,,,,,,,,,,,,,,,,,,,,,,,,,,,,,,,,,
,,Ridgeley,675,,,,,,,,,,,,,,,,,,,,,,,,,,,,,,,,,,,,,,,,,,,,,,,,,,,,,,,
,,Ripley,"3,255",15,,13,2,,,,,,2,,,,2,,,,,,1,,,,,1,1,,,,,10,,,,1,,2,,7,,,,,,,,,,,,,,,,
,,Romney,"1,837",2,1,,1,,,,,,,,,,,,,,,,2,,1,,,,,,,,,,,,,,,,,,,,,,,,,,,,,,,,,
,,Ronceverte,"1,781",15,,13,2,,,,,,1,,,,1,,,,,,5,1,8,,,3,3,,,,,8,,,,3,,,2,3,1,,,1,1,,,,,,,,,,,
,,Shepherdstown,"1,749",9,,9,,,,,,,,,,,,1,,1,,,2,3,6,1,,,,,,,,13,,,,1,,1,,11,,1,,2,2,,,,,,,,,,,
,,Shinnston,"2,213",24,7,15,2,,,,,,,,,,,,,,1,,10,,18,,,1,1,,,,,34,,,2,,,2,,30,,,,25,22,3,,,,,,,,,,1
,,Sistersville,"1,383",17,,12,5,,,,,,,,,,,,,,,,4,,2,,,2,1,,1,,,16,,1,1,1,,,2,11,,,,6,6,,,,,,,,,,,
,,Sophia,"1,348",63,4,43,16,,,,,1,2,1,,1,,,,,,,22,3,34,,,4,4,,,,,46,,,12,3,,9,1,21,3,1,2,36,36,,,,,,,,,,,2
,,South Charleston,"13,396",240,56,168,16,1,,1,,3,13,3,1,4,5,1,1,,1,,66,23,130,6,,37,16,20,1,,,429,1,3,135,7,,55,5,223,17,15,22,210,207,3,,,,,,,,,,23
,,Spencer,"2,311",32,1,26,5,,,,,,,,,,,,,,,,13,6,19,,,7,6,,1,,,58,,,20,13,,7,,18,,,,12,12,,,,,,,,,,,2
,,St. Albans,"11,001",111,15,86,10,,,,,4,7,,3,2,2,2,1,1,1,1,81,11,100,2,,27,14,10,1,1,1,368,,1,162,7,,60,5,133,25,9,11,58,54,4,,,,,,,,,,10
,,Stonewood,"1,814",,,,,,,,,,,,,,,,,,,,,,,,,,,,,,,,,,,,,,,,,,,,,,,,,,,,,,,
,,Summersville,"3,576",54,42,3,9,,,,,,,,,,,1,1,,2,,9,4,16,1,,4,1,3,,,,108,,,57,,,4,4,43,5,,2,48,46,2,,,,,,,,,,1
,,Terra Alta,"1,487",1,1,,,,,,,,,,,,,,,,,,,,,,,1,1,,,,,3,,,,,,,,3,,,,,,,,,,,,,,,,
,,Triadelphia,804,,,,,,,,,,,,,,,,,,,,1,,,,,,,,,,,,,,,,,,,,,,,1,1,,,,,,,,,,,
,,Vienna,"10,770",79,9,63,7,,,,,,2,1,,,1,,,,,,19,8,26,5,,19,6,12,1,,,273,,,139,,,29,1,104,3,3,,24,23,1,,,,,,,,,,1
,,Wayne,"1,425",5,,5,,,,,,,,,,,,,,,,,2,,,,,,,,,,,8,,,,,,,,8,,,,1,1,,,,,,,,,,,
,,Weirton,"19,652",193,13,176,4,,,,,2,5,2,1,,2,3,,3,1,,61,13,103,9,,21,12,9,,,,235,,1,133,3,,22,2,74,15,2,45,31,29,2,,,,,,1,,,,10
,,Welch,"2,366",21,19,1,1,,,,,,,,,,,,,,,,,,2,1,,3,,2,1,,,21,,,1,7,,2,,11,,1,,7,7,,,,,,,,,,,
,,Wellsburg,"2,778",22,1,21,,,,,,,,,,,,,,,,,7,3,7,1,,6,6,,,,,30,,4,7,,,1,,18,2,,1,3,3,,,,,,,,,,,
,,West Union,821,1,,1,,,,,,,,,,,,,,,,,4,2,3,,,,,,,,,2,,,,,,,,2,,,,,,,,,,,,,,,,
,,Wheeling,"28,356",562,186,260,116,,,,,4,23,17,,2,4,,,,1,,232,30,274,6,,69,40,22,7,,,469,,,74,6,,45,7,337,47,43,3,159,156,3,,,,,,3,2,1,1,19
,,White Sulphur Springs,"2,464",4,,4,,,,,,,,,,,,,,,,,1,,3,,,,,,,,,,,,,,,,,,,,,1,1,,,,,,,,,,,
,,Williamson,"3,164",26,7,19,,,,,,,1,,,,1,,,,,,18,2,25,1,,4,3,1,,,,34,,1,,,1,2,7,23,2,2,1,14,14,,,,,,,,1,1,,2
,,Winfield,"2,322",4,,4,,,,,,,,,,,,,,,,,,,1,,,1,1,,,,,10,,,,1,,,,9,,1,,,,,,,,,,,,,,
,Metropolitan Counties,Berkeley,,531,48,469,14,1,1,,,4,25,10,,,15,3,1,2,8,,367,18,157,11,,82,65,17,,,,906,,,169,1,,226,25,485,50,24,39,127,127,,,,,,,1,3,3,,15
,,Boone,,71,18,39,14,,,,,,2,1,1,,,,,,1,,34,,44,,,,,,,,,53,,,,,,,,53,5,,,,,,,,,,,,,,,
,,Brooke,,50,3,42,5,,,,,1,3,2,,,1,,,,,,42,,27,1,,11,8,3,,,,40,,,,7,,2,,31,9,,2,5,5,,,,,,,,,,,1
,,Fayette,,269,51,207,11,5,5,,,1,17,2,,8,7,,,,4,,202,15,178,,,32,23,8,,,1,269,,4,4,92,1,64,13,91,29,13,6,19,19,,,,,,,2,,,,13
,,Hampshire,,125,84,16,25,,,,,,5,2,,,3,,,,1,,50,5,34,,,10,4,5,1,,,66,,,1,21,,9,1,34,5,1,4,26,22,4,,,,,,1,,,,9
,,Hancock,,9,2,7,,,,,,,,,,,,,,,,,2,2,2,,,2,,2,,,,5,,,,,,1,,4,,,1,1,1,,,,,,,,,,,
,,Jefferson,,132,23,102,7,,,,,1,6,,,1,5,,,,1,,22,9,121,2,,46,35,,11,,,361,,,48,40,,20,,253,7,5,9,19,19,,,,,,,,,,,6
,,Marshall,,90,26,55,9,,,,,,4,1,,,3,,,,1,,55,4,88,2,,9,7,2,,,,125,3,,1,20,,15,,86,11,,3,30,28,2,,,,,,2,,,,2
,,Mineral,,76,24,46,6,,,,,1,1,1,,,,,,,,,11,3,11,,,2,2,,,,,42,,,13,16,,4,,9,2,4,1,41,38,3,,,,,,1,,,,
,,Preston,,94,49,24,21,,,,,1,4,3,,1,,1,1,,1,,48,10,18,,,7,4,1,2,,,122,,,28,6,,15,1,72,13,1,4,62,61,1,,,,,,,,,,6
,,Raleigh,,467,91,334,42,3,3,,,1,28,16,,8,4,6,,6,5,,577,44,408,6,,69,56,5,8,,,616,,,75,1,,51,6,483,81,42,42,83,82,1,1,,1,,,2,,,,39
,,Wirt,,27,22,2,3,,,,,,1,1,,,,,,,2,,15,2,16,,,5,3,1,1,,,27,,,1,1,,2,10,13,6,,1,5,5,,,,,,,,,,,
,Nonmetropolitan Counties,Braxton,,28,8,15,5,,,,,,2,,,1,1,,,,,,8,3,26,,,4,4,,,,,38,,,1,,,3,3,31,,1,,8,8,,,,,,,,,,,
,,Grant,,23,4,15,4,,,,,,1,1,,,,,,,,,8,1,8,,,3,1,,2,,,5,,,,3,,,,2,,,,12,12,,,,,,,,,,,3
,,Greenbrier,,68,4,62,2,,,,,,4,2,2,,,,,,2,,23,3,25,,,,,,,,,63,,,10,1,,1,,51,8,,,19,19,,,,,,,,,,,2
,,Hardy,,14,3,9,2,,,,,,1,,,,1,,,,1,,11,,13,,,4,3,,,,1,10,,,,1,,1,,8,1,,1,10,8,2,,,,,,,,,,2
,,Harrison,,189,44,141,4,,,,,,16,,2,9,5,,,,5,,91,13,138,3,,25,17,6,2,,,227,,,7,1,,13,,206,23,2,,59,59,,,,,,,1,,,,4
,,Jackson,,51,1,48,2,,,,,,,,,,,,,,1,,4,,,,,,,,,,,30,,,,20,,,,10,8,,1,,,,,,,,,,,,,
,,Lewis,,34,3,22,9,,,,,,,,,,,,,,,,5,1,7,1,,2,2,,,,,25,,,1,4,,1,,19,,,,9,9,,,,,,,,,,,3
,,Logan,,43,39,2,2,3,3,,,,1,1,,,,,,,1,,10,3,6,1,,5,2,1,2,,,29,,,2,,,2,,25,6,,4,8,8,,,,,,,,,,,2
,,Mason,,39,6,26,7,1,1,,,,3,1,,1,1,,,,,,,1,27,,,5,4,,1,,,123,,,1,103,,4,,15,14,1,,7,7,,,,,,,,,,,1
,,McDowell,,147,10,92,45,,,,,,,,,,,1,,1,1,,24,3,18,,,5,5,,,,,46,,,,20,,6,,20,4,3,3,22,22,,,,,,,,,,,2
,,Mercer,,198,48,141,9,1,1,,,2,5,2,1,,2,,,,3,,243,25,136,7,,30,26,1,3,,,205,,1,44,68,,46,21,25,42,9,4,36,36,,,,,,,,,,,7
,,Mingo,,45,3,32,10,,,,,,,,,,,,,,,,1,,4,,,,,,,,,1,,,,,,,,1,,,,4,4,,,,,,,,,,,
,,Monroe,,50,12,30,8,,,,,,2,1,,,1,,,,,,19,7,22,,,3,2,,1,,,66,,,,22,,7,4,33,3,2,,4,4,,,,,,,,,,,2
,,Morgan,,106,8,75,23,,,,,1,4,1,1,1,1,,,,,,37,4,48,1,1,2,2,,,,,55,,,7,,,1,2,45,8,,3,152,152,,,,,,,,,,,4
,,Nicholas,,207,147,35,25,,,,,,10,6,,,4,2,2,,7,,57,6,59,,,19,7,8,3,1,,162,,,19,,,1,,142,13,2,5,33,23,10,,,,,,,,,,9
,,Pleasants,,1,,1,,,,,,,,,,,,,,,,,,,,,,,,,,,,2,,,,1,,1,,,,,,,,,,,,,,,,,,
,,Randolph,,34,28,3,3,1,1,,,,,,,,,,,,,,10,3,18,,,6,3,1,2,,,55,,,11,,,1,,43,1,1,1,9,9,,,,,,,,,,,4
,,Ritchie,,33,6,24,3,,,,,,1,,,,1,,,,2,,10,5,16,,,4,3,1,,,,28,,,,2,,2,3,21,1,1,,16,15,1,,,,,,1,,,,1
,,Roane,,52,13,35,4,,,,,,2,2,,,,1,,1,,,,3,22,,,7,6,,,,1,48,,,2,4,,2,,40,7,,1,31,31,,,,,,,,,,,2
,,Summers,,27,3,20,4,,,,,,,,,,,,,,,,11,,11,,,,,,,,,14,,,,5,,1,,8,,,,5,5,,,,,,,,,,,
,,Taylor,,4,2,2,,,,,,,,,,,,,,,,,4,,4,,,1,1,,,,,7,,,,,,1,,6,1,,,,,,,,,,,,,,,
,,Tucker,,14,7,5,2,,,,,,1,,,,1,,,,,,2,,10,,,1,,,1,,,9,,,1,1,,,,7,1,,,,,,,,,,,,,,,2
,,Tyler,,29,5,21,3,,,,,,4,,2,,2,1,,1,1,,23,4,25,,,,,,,,,54,,,,29,1,10,1,13,,,,12,12,,,,,,,3,,,,2
,,Upshur,,51,2,49,,,,,,2,,,,,,,,,,,22,1,24,,,10,5,1,4,,,54,,,3,1,,2,,48,2,1,1,6,6,,,,,,,,,,,1
,,Wyoming,,66,30,32,4,1,1,,,,2,2,,,,,,,2,,106,1,41,,,6,2,4,,,,151,,,1,2,,2,18,128,18,5,2,3,3,,,,,,,,,,,3
,Universities and Colleges,Concord University,"2,797",2,,2,,,,,,,,,,,,,,,,,3,1,2,,,1,1,,,,,5,,,,4,,1,,,,,,2,2,,,,,,,,,,,
,,Marshall University,"13,966",24,12,2,10,,,,,,,,,,,,,,,,2,1,38,,,1,1,,,,,84,,,3,,,2,,79,,1,1,21,21,,,,,,,,,,,
,,Potomac State College,"1,802",4,4,,,,,,,,,,,,,,,,,,2,,3,,,,,,,,,8,,,,1,,1,,6,,,,15,15,,,,,,,,,,,
,,Shepherd University,"4,393",6,,5,1,,,,,,4,1,,,3,,,,,,4,,14,,,1,1,,,,,21,,,,,,1,,20,,1,,7,7,,,,,,,,,,,
,,West Liberty University,"2,789",,,,,,,,,,1,1,,,,,,,,,,,1,,,1,,1,,,,4,,,,2,,,,2,,,,,,,,,,,,,,,,
,,West Virginia State University,"2,827",15,,10,5,,,,,,1,,,,1,,,,,,5,1,4,,,2,,2,,,,21,,,,,,1,,20,2,,,2,2,,,,,,,,,,,3
,,West Virginia University,"29,617",65,19,20,26,,,,,,3,2,,,1,,,,1,,22,3,77,1,,13,10,2,1,,,175,,,,138,,14,2,21,,3,,152,152,,,,,,,,,,,
,State Police Agencies,State Police:,,,,,,,,,,,,,,,,,,,,,,,,,,,,,,,,,,,,,,,,,,,,,,,,,,,,,,,,
,,Beckley,,102,26,62,14,,,,,1,7,2,,2,3,5,4,1,1,,83,33,112,6,,42,36,,6,,,214,,,33,4,,12,63,102,21,4,27,236,203,33,,,,,,4,,,,14
,,Berkeley Springs,,70,11,43,16,,,,,,2,1,1,,,1,,1,,,54,8,41,1,,8,5,,1,,2,58,,,4,4,,9,,41,12,1,2,26,21,5,,,,,,,,,,1
,,Bridgeport,,91,2,82,7,,,,,1,10,2,,2,6,1,1,,,,53,7,65,3,,11,9,,2,,,120,,,5,,,3,36,76,17,,3,32,32,,,,,,,,,,,1
,,Buckhannon,,72,3,56,13,1,1,,,,4,,1,1,2,,,,,,23,5,54,2,,3,2,,1,,,67,,,1,,,4,16,46,1,,3,13,10,3,,,,,,1,,,,1
,,Clay,,44,9,28,7,1,1,,,,,,,,,,,,,,22,,15,,,4,2,2,,,,34,,,4,,,6,6,18,9,1,,36,34,2,,,,,,1,,,,6
,,Elizabeth,,35,6,28,1,,,,,,3,,,1,2,1,,1,,,25,3,22,,,9,8,1,,,,23,,,1,,,,,22,2,,1,11,11,,,,,,,,,,,1
,,Elkins,,149,21,99,29,2,1,,1,,17,9,2,1,5,,,,3,,74,14,134,4,,23,13,,3,,7,325,,,70,,,72,,183,24,1,8,77,73,4,,,,,,2,,,,4
,,Fairmont,,30,7,17,6,,,,,1,3,,,1,2,,,,,,22,8,36,,,11,7,2,2,,,44,,,2,,,2,11,29,5,,5,45,45,,,,,,,1,,,,3
,,Franklin,,31,5,14,12,,,,,,4,,,1,3,1,,1,1,,36,5,21,,,4,3,,1,,,20,,,2,3,,1,,14,4,,1,11,9,2,,,,,,2,,,,2
,,Gauley Bridge,,16,7,9,,,,,,,,,,,,,,,,,9,5,12,,,10,7,2,1,,,36,,,,2,,,4,30,3,1,,11,11,,,,,,,1,,,,
,,Gilbert,,81,11,32,38,,,,,,1,1,,,,,,,,,18,3,21,,,7,7,,,,,34,,3,,,,1,5,25,5,1,3,35,34,1,,,,,,,,,,2
,,Glenville,,58,8,20,30,,,,,,6,,,1,5,3,2,1,,,4,2,11,1,,4,3,,1,,,22,,,1,,,2,3,16,3,,,35,34,1,,,,,,,,,,2
,,Grafton,,4,1,1,2,,,,,,1,,,,1,,,,,,4,1,4,,,1,,1,,,,14,,,,1,1,7,1,4,2,,,3,3,,,,,,,1,,,,1
,,Grantsville,,47,10,30,7,1,1,,,,4,2,1,,1,,,,8,,13,,43,,,2,2,,,,,27,,,1,,1,1,5,19,3,1,,55,50,5,,,,,,,,,,1
,,Hamlin,,134,38,83,13,1,1,,,,7,1,1,3,2,1,1,,2,,96,5,117,,,7,4,,3,,,228,,,12,,,3,24,189,27,3,3,115,112,3,,,,,,1,,,,4
,,Harrisville,,28,5,22,1,,,,,1,3,2,,1,,,,,,,19,5,17,,,7,4,,3,,,25,,,2,2,,4,,17,13,,2,53,52,1,,,,,,,,,,2
,,Hinton,,23,4,14,5,,,,,,,,,,,,,,,,38,5,24,,,7,6,,1,,,26,,,,1,,6,2,17,4,,2,2,2,,,,,,,,,,,4
,,Hundred,,50,8,36,6,,,,,,,,,,,,,,2,,19,,17,,,13,11,2,,,,27,,,2,3,,1,3,18,9,,1,9,9,,,,,,,,,,,
,,Huntington,,174,22,119,33,,,,,2,16,,,12,4,1,,1,1,,81,44,141,6,,47,33,1,13,,,529,,1,272,1,,23,6,226,28,5,6,119,110,9,,,,,,2,,,,8
,,Internet Crimes Against Children Unit,,,,,,,,,,,,,,,,,,,,,,,,,,,,,,,,,,,,,,,,,,,,,,,,,,,,10,1,1,,
,,Jesse,,19,5,10,4,,,,,,2,1,,,1,,,,1,,6,2,10,,,2,1,1,,,,26,,,,1,,3,1,21,4,,2,29,29,,,,,,,,,,,1
,,Kearneysville,,155,20,115,20,,,,,1,11,1,,8,2,,,,1,,98,6,110,6,,42,29,10,2,,1,182,,,62,45,,27,20,28,16,1,6,84,84,,,,,,,,1,1,,13
,,Keyser,,164,29,95,40,,,,,1,14,6,1,3,4,1,,1,1,,86,13,112,,,36,32,,4,,,146,,,17,6,,15,10,98,17,1,16,44,44,,,,,,,1,,,,8
,,Kingwood,,115,27,70,18,1,1,,,3,16,4,1,2,9,1,,1,3,,45,9,64,1,,21,15,1,5,,,79,,,7,1,,13,4,54,17,2,4,102,102,,,,,,,,,,,8
,,Logan,,261,79,152,30,,,,,2,15,7,,4,4,,,,,,94,18,123,4,,42,21,,4,,17,299,,,16,102,,22,99,60,50,8,7,264,257,7,,,,,,1,1,,1,18
,,Madison,,101,24,66,11,,,,,,4,,,,4,,,,1,,46,33,51,,,17,13,,3,1,,154,,,20,2,,4,39,89,18,1,9,99,99,,,,,,,,1,,1,4
,,Marlinton,,86,15,64,7,,,,,,5,2,,2,1,1,1,,1,,20,1,32,3,,6,5,,1,,,37,,,,3,,7,,27,2,,,20,20,,,,,,,1,,,,6
,,Martinsburg,,308,52,209,47,3,3,,,,31,6,4,1,20,3,2,1,1,,186,16,182,1,,82,45,32,5,,,378,,,76,13,,96,61,132,54,10,21,170,170,,,,,,,,,,,20
,,Moorefield,,62,15,38,9,,,,,,7,3,,3,1,,,,,,15,2,23,,,9,6,,3,,,23,,,1,,,2,2,18,5,,,19,16,3,,,,,,2,,,,4
,,Morgantown,,268,25,196,47,1,1,,,,23,10,,6,7,,,,,,128,43,309,9,,62,51,2,6,,3,471,,,148,14,,102,9,198,42,6,8,76,74,2,,,,,,1,,,,8
,,Moundsville,,33,2,25,6,,,,,,8,,2,2,4,,,,,,5,4,10,,,10,9,1,,,,30,,,1,13,,,12,4,,,1,61,61,,,,,,,,,,,2
,,New Cumberland,,10,3,2,5,,,,,1,5,2,,,3,,,,,,1,1,1,,,7,5,,2,,,15,,,1,,,1,8,5,,1,,3,3,,,,,,,,,,,
,,Oak Hill,,57,10,44,3,,,,,,4,,,2,2,,,,,,30,14,41,,,10,6,1,3,,,104,,,3,20,,24,,57,7,3,3,114,112,2,,,,,,,1,1,,11
,,Paden City,,35,9,20,6,,,,,,2,1,,,1,,,,2,,16,3,12,,,6,4,1,1,,,14,,,1,,,,1,12,3,,,9,9,,,,,,,,,,,1
,,Parkersburg,,25,3,22,,,,,,,6,1,,3,2,,,,,,18,3,26,2,,19,13,4,2,,,68,,,1,,,10,1,56,9,,2,96,93,3,,,,,,,,,,2
,,Parsons,,25,1,17,7,,,,,,3,1,,,2,,,,,,9,2,23,,,4,3,,1,,,20,,1,6,,,,,13,1,,,10,10,,,,,,,,1,,1,2
,,Petersburg,,63,8,36,19,,,,,1,8,1,,4,3,,,,,,17,4,22,,,9,8,,1,,,22,,,2,,,3,4,13,5,,,11,10,1,,,,,,,,,,3
,,Philippi,,29,6,21,2,,,,,,1,,,1,,2,,2,,,30,1,19,,,5,3,1,1,,,29,,,2,11,,5,3,8,9,,,10,10,,,,,,,,,,,4
,,Point Pleasant,,36,6,28,2,1,1,,,,8,2,1,2,3,,,,1,,41,9,27,,,21,19,,2,,,48,,,4,,,,2,42,9,2,1,41,28,13,,,,,,1,,,,3
,,Princeton,,206,26,156,24,1,1,,,1,5,3,,,2,,,,1,,130,32,108,10,,48,37,1,10,,,312,,,55,,,61,,196,46,5,4,32,32,,,,,,,2,,,,9
,,Quincy,,57,11,28,18,,,,,1,8,2,1,2,3,,,,,,33,16,30,6,,19,16,2,1,,,161,,,35,1,,2,5,118,14,1,6,119,114,5,,,,,,,,,,3
,,Rainelle,,26,4,18,4,,,,,,,,,,,1,,1,2,,29,7,25,,,5,2,2,1,,,56,,,3,,,2,2,49,7,,,22,19,3,,,,,,,,,,4
,,Richwood,,18,4,12,2,,,,,,4,,,,4,1,,1,1,,5,,4,,,4,3,,1,,,27,,,4,7,,2,4,10,1,,1,27,24,3,,,,,,,,,,1
,,Ripley,,53,5,30,18,,,,,,9,1,3,1,4,1,1,,,,35,3,70,,,10,6,1,3,,,72,,3,1,,,13,13,42,7,,,39,38,1,,,,,,2,,,,3
,,Romney,,102,12,71,19,,,,,,6,2,1,2,1,2,,2,,,38,11,54,,,17,16,,1,,,59,,,10,2,,3,13,31,9,1,8,53,44,9,,,,,,3,,,,3
,,South Charleston,,137,25,82,30,,,,,2,15,4,,6,5,2,,2,2,,67,40,106,1,,134,93,12,29,,,441,,,11,,,19,278,133,34,,13,310,266,44,,,,,,5,,,,11
,,Spencer,,41,8,29,4,,,,,,3,2,,,1,1,,1,2,,24,3,10,,,2,2,,,,,31,,,5,1,,,1,24,4,,2,58,57,1,,,,,,1,,,,5
,,St. Marys,,21,3,12,6,,,,,,,,,,,,,,,,264,,3,,,3,2,1,,,,19,,,,3,,,,16,1,,,17,16,1,,,,,,,,,,3
,,Summersville,,6,4,2,,,,,,,2,1,,,1,2,,2,5,,10,8,7,,,6,5,,1,,,33,,,2,8,,6,1,16,3,,3,51,45,6,,,,,,1,,,,2
,,Sutton,,55,13,37,5,,,,,,6,1,1,3,1,2,1,1,1,,22,6,36,1,,8,5,2,1,,,61,,1,6,16,,4,8,26,11,,2,96,89,7,,,,,,,1,1,,2
,,Union,,42,5,25,12,,,,,,5,1,,,4,,,,,,15,8,20,,,20,15,3,2,,,24,,,,1,,2,1,20,4,1,2,8,7,1,,,,,,,,,,1
,,Upperglade,,38,25,7,6,3,3,,,,,,,,,,,,,,25,3,19,,,7,2,3,2,,,35,,,,6,,1,6,22,5,1,2,48,48,,,,,,,,,,,7
,,Wayne,,157,21,101,35,2,2,,,2,14,6,2,,6,1,,1,2,,107,8,114,2,,25,12,7,6,,,223,,,19,9,,25,30,140,32,1,3,36,34,2,,,,,,,,,,8
,,Welch,,128,27,74,27,,,,,,17,6,,2,9,,,,2,,57,5,24,2,,7,5,2,,,,102,6,,6,1,,3,,86,34,1,2,27,26,1,,,,,,,,,,2
,,Wellsburg,,4,2,1,1,,,,,,6,,,1,5,,,,,,7,3,7,,,10,8,1,1,,,10,,,,,,2,3,5,1,,,10,10,,,,,,,,,,,1
,,Weston,,72,17,45,10,,,,,,5,,2,,3,2,2,,,,16,8,40,1,,9,7,,2,,,75,,,3,1,,13,,58,3,,2,39,37,2,,,,,,,,,,5
,,West Union,,21,8,12,1,,,,,,3,,,2,1,,,,1,,8,2,13,,,7,4,,3,,,20,,1,,9,,1,,9,1,,,9,9,,,,,,,1,,,,
,,Wheeling,,24,1,12,11,,,,,,8,3,,,5,,,,,,4,3,16,1,,16,15,,1,,,25,,,6,,,,5,14,1,,1,90,90,,,,,,,1,,,,4
,,Whitesville,,19,6,6,7,,,,,,2,1,,1,,,,,1,,29,2,39,,,4,2,1,1,,,70,,,3,2,,2,1,62,8,1,9,21,21,,,,,,,,,,,1
,,Williamson,,184,40,112,32,2,2,,,1,13,1,3,1,8,2,,2,1,,44,6,50,,,6,1,1,4,,,101,,,,3,,14,27,57,22,2,1,28,27,1,,,,,,3,,,,1
,,Winfield,,53,7,30,16,,,,,,4,1,,1,2,,,,,,19,21,32,1,1,33,18,1,14,,,134,,,6,3,,15,37,73,8,2,7,116,100,16,,,,,,1,,,,3
,,"State Police, Bureau of Criminal Investigation",,,,,,,,,,,,,,,,,,,,,,,,,,,,,,,,,,,,,,,,,,,,,,,,,,,,,,,,
,,Beckley,,,,,,,,,,,1,,,1,,,,,,,1,,1,,,,,,,,,,,,,,,,,,,,,66,66,,,,,,,,,,,
,,Bluefield,,,,,,,,,,,,,,,,,,,,,,,,,,,,,,,,,,,,,,,,,,,,132,132,,,,,,,,9,9,,
,,Buckhannon,,,,,,,,,,,,,,,,,,,,,,,,,,,,,,,,,,,,,,,,,,,,6,6,,,,,,,,,,,
,,Charleston,,1,,,1,,,,,,,,,,,,,,,,,,,,,,,,,,,3,,,,3,,,,,,,,19,19,,,,,,,,,,,
,,"State Police, Parkway Authority:",,,,,,,,,,,,,,,,,,,,,,,,,,,,,,,,,,,,,,,,,,,,,,,,,,,,,,,,
,,Mercer County,,,,,,,,,,,,,,,,,,,,,,2,,,,,,,,,,3,,,,,,1,,2,,,1,11,11,,,,,,,,,,,
,,Fayette County,,,,,,,,,,,,,,,,,,,,,,,,,,,,,,,,,,,,,,,,,,,1,20,20,,,,,,,,,,,
,,Kanawha County,,,,,,,,,,,,,,,,,,,,,,,3,,,,,,,,,2,,,,,,,,2,,,2,32,32,,,,,,,,,,,
,,Raleigh County,,4,,3,1,,,,,,,,,,,,,,,,,2,4,,,,,,,,,8,,,2,,,2,,4,,,4,60,60,,,,,,,,3,1,2,1
,Other Agencies,Capitol Protective Services,,,,,,,,,,,,,,,,,,,,,,,,,,,,,,,,,,,,,,,,,,,,,,,,,,,,,,,,
,,Central West Virginia Drug Task Force,,,,,,1,1,,,,,,,,,,,,,,,2,,,,,,,,,,,,,,,,,,,,,,112,104,8,,,,,,,,,,
,,Division of Natural Resources:,,,,,,,,,,,,,,,,,,,,,,,,,,,,,,,,,,,,,,,,,,,,,,,,,,,,,,,,
,,Barbour County,,,,,,,,,,,,,,,,,,,,,,,,,,,,,,,,,,,,,,,,,,,,1,1,,,,,,,,,,,1
,,Berkeley County,,,,,,,,,,,,,,,,,,,,,,,,,,,,,,,,,,,,,,,,,,,,,,,,,,,,,,,,1
,,Boone County,,,,,,,,,,,,,,,,,,,,,,,,,,,,,,,,,,,,,,,,,,,,,,,,,,,,,,,,1
,,Brooke County,,,,,,,,,,,,,,,,,,,,,,,,,,,,,,,,,,,,,,,,,,,,,,,,,,,,,,,,
,,Cabell County,,,,,,,,,,,,,,,,,,,,,,,,,,,,,,,,,,,,,,,,,,,,,,,,,,,,,,,,1
,,Calhoun County,,1,,1,,,,,,,,,,,,,,,,,,,,,,,,,,,,,,,,,,,,,,,,,,,,,,,,,,,,1
,,Clay County,,,,,,,,,,,,,,,,,,,,,,,,,,,,,,,,,,,,,,,,,,,,,,,,,,,,,,,,
,,Doddridge County,,,,,,,,,,,,,,,,,,,,,,,,,,,,,,,,,,,,,,,,,,,,,,,,,,,,,,,,
,,Fayette County,,,,,,,,,,,,,,,,,,,,,,,,,,,,,,,,,,,,,,,,,,,1,,,,,,,,,,,,,
,,Gilmer County,,,,,,,,,,,,,,,,,,,,,,,,,,,,,,,,,,,,,,,,,,,,,,,,,,,,,,,,
,,Grant County,,,,,,,,,,,,,,,,,,,,,,,,,,,,,,,,,,,,,,,,,,,,,,,,,,,,,,,,
,,Greenbrier County,,,,,,,,,,,,,,,,,,,,,,,,,,,,,,,,,,,,,,,,,,,,1,1,,,,,,,,,,,
,,Hampshire County,,,,,,,,,,,,,,,,,,,,,,,,,,,,,,,,,,,,,,,,,,,,1,1,,,,,,,,,,,2
,,Hancock County,,,,,,,,,,,,,,,,,,,,,,,,,,,,,,,,,,,,,,,,,,,,,,,,,,,,,,,,
,,Hardy County,,,,,,,,,,,,,,,,,,,,,,1,,,,,,,,,,,,,,,,,,,,,,,,,,,,,,,,,,2
,,Harrison County,,,,,,,,,,,,,,,,,,,,,,,,,,,,,,,,,,,,,,,,,,,,4,4,,,,,,,,,,,1
,,Jackson County,,,,,,,,,,,,,,,,,,,,,,,,,,,,,,,,,,,,,,,,,,,,5,5,,,,,,,,,,,
,,Jefferson County,,,,,,,,,,,,,,,,,,,,,,,,,,,,,,,,,,,,,,,,,,,,,,,,,,,,,,,,2
,,Kanawha County,,,,,,,,,,,,,,,,,,,,,,,,,,,,,,,,,,,,,,,,,,,,,,,,,,,,,,,,
,,Lincoln County,,,,,,,,,,,,,,,,,,,,,,,,,,,,,,,,,,,,,,,,,,,,,,,,,,,,,,,,
,,Logan County,,,,,,,,,,,,,,,,,,,,,,,,,,,,,,,,,,,,,,,,,,,,1,1,,,,,,,,,,,
,,Marion County,,,,,,,,,,,,,,,,,,,,,,,,,,,,,,,,,,,,,,,,,,,,1,1,,,,,,,,,,,1
,,Marshall County,,,,,,,,,,,,,,,,,,,,,,,,,,,,,,,,,,,,,,,,,,,,,,,,,,,,,,,,1
,,Mason County,,,,,,,,,,,,,,,,,,,,,,,,,,,,,,,,,,,,,,,,,,,,,,,,,,,,,,,,
,,McDowell County,,,,,,,,,,,,,,,,,,,,,,,,,,,,,,,,,,,,,,,,,,,,,,,,,,,,,,,,
,,Mercer County,,,,,,,,,,,,,,,,,,,,,,,,,,,,,,,,,,,,,,,,,,,,2,2,,,,,,,,,,,
,,Mineral County,,,,,,,,,,,,,,,,,,,,,,,,,,,,,,,,,,,,,,,,,,,,,,,,,,,,,,,,
,,Mingo County,,,,,,,,,,,,,,,,,,,,,,,,,,,,,,,,,,,,,,,,,,,,3,2,1,,,,,,,,,,1
,,Monongalia County,,,,,,,,,,,,,,,,,,,,,,,,,,,,,,,,,,,,,,,,,,,,,,,,,,,,,,,,
,,Monroe County,,,,,,,,,,,,,,,,,,,,,,,,,,,,,,,,,,,,,,,,,,,,,,,,,,,,,,,,
,,Morgan County,,,,,,,,,,,,,,,,,,,,,,,,,,,,,,,,,,,,,,,,,,,,1,1,,,,,,,,,,,
,,Ohio County,,,,,,,,,,,,,,,,,,,,,,,,,,,,,,,,,,,,,,,,,,,,,,,,,,,,,,,,1
,,Pendleton County,,,,,,,,,,,,,,,,,,,,,,,,,,,,,,,,,,,,,,,,,,,,2,2,,,,,,,,,,,
,,Pleasants County,,,,,,,,,,,,,,,,,,,,,,,,,,,,,,,,,,,,,,,,,,,,,,,,,,,,,,,,
,,Preston County,,1,,1,,,,,,,,,,,,,,,,,,,,,,,,,,,,,,,,,,,,,,,,1,1,,,,,,,,,,,3
,,Putnam County,,,,,,,,,,,,,,,,,,,,,,,,,,,,,,,,,,,,,,,,,,,,,,,,,,,,,,,,
,,Raleigh County,,,,,,,,,,,,,,,,,,,,,,,,,,,,,,,,,,,,,,,,,,,,3,3,,,,,,,,,,,
,,Ritchie County,,,,,,,,,,,,,,,,,,,,,,,,,,,,,,,,,,,,,,,,,,,,1,1,,,,,,,,,,,
,,Roane County,,,,,,,,,,,,,,,,,,,,,,,,,,,,,,,,,,,,,,,,,,,,,,,,,,,,,,,,
,,Summers County,,,,,,,,,,,,,,,,,,,,,,,,,,,,,,,,,,,,,,,,,,,,,,,,,,,,,,,,
,,Taylor County,,,,,,,,,,,,,,,,,,,,,,,,,,,,,,,,,,,,,,,,,,,,,,,,,,,,,,,,
,,Tucker County,,,,,,,,,,,,,,,,,,,,,,,,,,,,,,,,,,,,,,,,,,,,,,,,,,,,,,,,
,,Tyler County,,,,,,,,,,,,,,,,,,,,,,,,,,,,,,,,,,,,,,,,,,,,,,,,,,,,,,,,
,,Wayne County,,,,,,,,,,,,,,,,,,,,,,,,,,,,,,,,,,,,,,,,,,,,,,,,,,,,,,,,
,,Wetzel County,,,,,,,,,,,,,,,,,,,,,,,,,,,,,,,,,,,,,,,,,,,,,,,,,,,,,,,,
,,Wirt County,,,,,,,,,,,,,,,,,,,,,,,,,,,,,,,,,,,,,,,,,,,,,,,,,,,,,,,,
,,Wood County,,1,,1,,,,,,,,,,,,,,,,,,,,,,,,,,,,,,,,,,,,,,,,10,10,,,,,,,,,,,
,,Wyoming County,,,,,,,,,,,,,,,,,,,,,,,,,,,,,,,,,,,,,,,,,,,,,,,,,,,,,,,,
,,Eastern Panhandle Drug and Violent Crime Task Force,,,,,,,,,,,,,,,,,,,,,,,,,,,,,,,,,,,,,,,,,,,,179,179,,10,10,,,,,,,,
,,Hancock/Brooke/Weirton Drug Task Force,,1,,,1,,,,,,,,,,,,,,,,,,,,,,,,,,,,,,,,,,,,,,,14,14,,,,,,,,,,,
,,Harrison County Drug and Violent Crime Task Force,,,,,,,,,,,,,,,,,,,,,,,,,,,,,,,,,,,,,,,,,,,,72,72,,,,,,,,,,,
,,Huntington Drug and Violent Crime Task Force,,1,1,,,,,,,,,,,,,,,,,,,,1,,,,,,,,,1,,,,1,,,,,,,,51,51,,,,,,,,,,,2
,,Kanawha County Parks and Recreation,,,,,,,,,,,,,,,,,,,,,1,,,,,,,,,,,1,,,,1,,,,,,,,,,,,,,,,,,,,
,,Logan County Drug and Violent Crime Task Force,,,,,,,,,,,,,,,,,,,,,,1,,,,,,,,,,1,,,,,,,,1,,,,54,54,,,,,,,,,,,
,,Metropolitan Drug Enforcement Network Team,,1,,,1,,,,,,,,,,,,,,,,,1,,,,1,1,,,,,,,,,,,,,,,,1,208,194,14,,,,,,,,,,3
,,Ohio Valley Drug and Violent Crime Task Force,,,,,,,,,,,,,,,,,,,,,,,,,,,,,,,,,,,,,,,,,,,,13,13,,,,,,,,,,,
,,Parkersburg Narcotics and Violent Crime Task Force,,,,,,,,,,,,,,,,,,,,,,,,,,,,,,,,,,,,,,,,,,,,64,64,,,,,,,,,,,
,,Potomac Highlands Drug and Violent Crime Task Force,,,,,,,,,,,,,,,,,,,,,,,,,,,,,,,,,,,,,,,,,,,,83,83,,,,,,,,,,,1
,,State Fire Marshal:,,,,,,,,,,,,,,,,,,,,,,,,,,,,,,,,,,,,,,,,,,,,,,,,,,,,,,,,
,,Kanawha County,,,,,,,,,,,,,,,,,,,27,,,,,,,,,,,,,,,,,,,,,,,,,,,,,,,,,,,,,
,,Preston County,,,,,,,,,,,,,,,,,,,,,,,,,,,,,,,,,,,,,,,,,,,,,,,,,,,,,,,,
,,Three Rivers Drug and Violent Crime Task Force,,,,,,,,,,,,,,,,,,,,,,,,,,,,,,,,,,,,,,,,,,,,4,4,,,,,,,,,,,
WISCONSIN,Cities,Algoma,"3,177",43,2,33,8,,,,,,7,2,,,5,,,,,,2,3,26,,,8,1,7,,,,95,,,,,,3,,92,2,,,19,8,11,,,,,,,,,,5
,,Appleton,"73,431",778,164,577,37,2,,1,1,17,77,28,13,7,29,36,,36,3,,249,38,734,23,,254,85,107,60,,2,"1,119",2,1,257,298,10,195,29,327,28,22,28,834,468,366,,,,,,13,10,7,3,52
,,Bangor,"1,477",1,,1,,,,,,,,,,,,,,,,,3,2,2,,,,,,,,,22,,,,4,,9,,9,,,2,10,5,5,,,,,,,,,,
,,Brillion,"3,190",10,2,5,3,,,,,1,,,,,,1,1,,,,7,3,13,,,5,1,4,,,,30,,,2,9,,1,,18,1,,,1,1,,,,,,,,,,,
,,Brown Deer,"12,092",48,12,33,3,,,,,,,,,,,3,,3,1,,55,12,113,,,12,1,9,2,,,268,1,1,156,38,1,50,14,7,11,2,1,40,26,14,,,,,,1,,,,5
,,Campbell Township,"4,362",8,3,5,,,,,,,1,1,,,,,,,,,21,1,34,,1,2,2,,,,,77,,,7,2,,28,,40,1,1,2,28,15,13,,,,,,,,,,
,,Chilton,"3,984",12,4,6,2,,,,,,2,,,,2,3,,3,,,4,4,30,,,5,1,1,3,,,46,1,,6,33,1,2,,3,1,1,,21,10,11,,,,,,1,,,,1
,,Fond du Lac,"43,319",341,137,186,18,,,,,20,73,37,2,6,28,5,1,4,6,,119,58,658,12,4,133,55,37,39,1,1,"1,072",,2,284,141,3,173,9,460,37,11,3,404,214,190,,,,,,7,2,2,,35
,,Fox Point,"6,751",4,,4,,,,,,,,,,,,,,,,,14,3,27,,,23,2,19,2,,,66,,1,21,2,,9,,33,2,,,12,10,2,,,,,,,,,,
,,Fox Valley Metro,"20,425",70,14,36,20,,,,,5,3,1,,,2,,,,1,,48,8,141,1,,53,29,12,12,,,225,,,17,14,,16,2,176,5,2,2,73,37,36,,,,,,,,,,8
,,Freedom,"5,892",8,1,6,1,,,,,,2,,,,2,,,,,,2,,15,1,1,11,3,8,,,,9,,,,2,,,,7,1,,,2,2,,,,,,,1,,,,
,,Grand Chute,"21,102",82,21,59,2,2,1,1,,3,11,,,,11,2,,2,3,,52,20,144,1,,106,23,40,42,,1,769,,,477,16,1,52,3,220,21,7,21,207,121,86,,,,,,3,124,95,29,6
,,Green Bay,"106,080","1,440",382,"1,019",39,4,1,3,,19,136,44,7,7,78,58,,58,15,,638,107,"1,021",24,,502,255,159,66,,22,"2,238",6,4,641,380,10,522,86,589,115,87,12,"1,125",667,458,,,,,,5,4,3,1,82
,,Holmen,"9,104",27,9,17,1,,,,,,8,,,,8,1,1,,,,78,2,99,,,5,4,1,,,,147,,,6,7,,37,2,95,4,1,3,47,24,23,,,,,,1,,,,1
,,Hudson,"12,848",46,4,40,2,,,,,,9,2,,,7,3,,3,1,,27,29,129,3,,51,12,27,10,,2,458,,,107,70,,90,15,176,14,,5,140,73,67,,,,,,1,1,1,,3
,,Kaukauna,"15,601",52,12,35,5,,,,,3,9,3,1,,5,3,1,2,,,14,4,133,2,,23,6,10,7,,,171,,,8,25,,41,1,96,2,2,9,141,72,69,,,,,,1,1,,1,9
,,Kewaunee,"2,963",3,2,1,,1,1,,,,4,,,,4,,,,,,8,,23,,,2,,2,,,,49,,1,,3,,5,1,39,,,,12,6,6,,,,,,,1,1,,1
,,La Crosse,"51,851",687,92,550,45,4,4,,,42,47,21,6,,20,5,,5,2,,368,111,369,7,4,175,84,68,13,,10,"1,522",3,2,303,421,12,210,91,480,49,39,57,924,511,413,,,,,,3,14,14,,63
,,Luxemburg,"2,524",1,,1,,,,,,,,,,,,,,,,,,2,9,,,4,,4,,,,19,,,,,,1,,18,4,,,1,1,,,,,,,,,,,
,,Madison,"237,508","1,850",539,"1,130",181,4,3,,1,75,220,115,4,5,96,3,,3,45,,"1,540",181,"2,352",15,4,883,85,321,475,,2,"5,958",26,23,"1,776","1,348",11,"1,504",108,"1,162",256,242,34,"1,252",809,443,1,1,,,,8,16,13,3,192
,,Manitowoc,"33,631",298,46,245,7,,,,,3,19,4,2,2,11,3,,3,3,,128,28,418,3,,13,1,6,6,,,850,,,310,180,4,140,22,194,18,12,15,208,113,95,,,,,,7,,,,32
,,Milwaukee,"599,395","12,814","4,459","7,475",880,96,91,,5,153,690,231,149,19,291,98,3,95,306,1,"7,025",139,"6,739",67,4,665,273,156,229,,7,"18,887",48,157,"4,110","1,531",20,"4,557","4,163","4,301","4,796","3,044",505,"5,924","4,830","1,094",100,79,21,,,19,62,46,16,"1,982"
,,Minocqua,"4,372",60,15,40,5,,,,,,4,2,,,2,3,,3,,,12,17,31,2,,12,7,2,3,,,119,,,41,17,,4,,57,2,,7,39,20,19,,,,,,,,,,9
,,Montello,"1,502",12,4,8,,,,,,,1,,1,,,1,,1,,,5,,16,,,4,4,,,,,26,,1,3,,,2,,20,,,,7,5,2,,,,,,,,,,
,,Muskego,"24,249",15,2,13,,,,,,,12,1,3,,8,7,2,5,1,,52,2,57,,,43,2,33,8,,,182,,,58,23,,30,3,68,9,1,1,104,53,51,,,,,,,,,,4
,,Neshkoro,436,2,,2,,,,,,,,,,,,,,,,,3,,4,,,1,1,,,,,5,,,1,,,,,4,,,,3,1,2,,,,,,,,,,
,,New Holstein,"3,277",27,4,17,6,,,,,1,,,,,,,,,,,4,6,32,,,4,2,1,1,,,66,,,2,16,,1,,47,1,,1,43,22,21,,,,,,3,,,,1
,,New London,"7,354",34,5,26,3,,,,,4,2,1,,,1,1,,1,1,,18,9,64,,,12,2,7,2,,1,119,,,3,7,,26,,83,2,,,95,53,42,,,,,,,,,,3
,,New Richmond,"8,454",55,10,45,,,,,,1,2,2,,,,1,1,,3,,334,9,98,,1,45,31,8,6,,,217,,,70,,1,45,2,99,2,1,9,86,39,47,,,,,,,,,,4
,,North Fond du Lac,"5,051",19,9,8,2,,,,,1,3,1,1,,1,2,,2,,,8,4,30,,,15,4,7,4,,,52,,,6,13,,10,5,18,4,,1,53,27,26,,,,,,3,,,,3
,,Oxford,610,3,,3,,,,,,2,1,1,,,,,,,,,2,,5,,,,,,,,,7,,,1,,,1,,5,3,,,,,,,,,,,,,,,
,,Rhinelander,"7,776",64,13,44,7,,,,,,3,2,,,1,5,,5,1,,28,5,72,4,,14,9,4,1,,,247,,,101,18,1,35,5,87,5,,4,103,52,51,,,,,,1,,,,6
,,Ripon,"7,783",56,6,46,4,,,,,1,15,,,,15,,,,,,12,9,36,4,,32,9,15,8,,,112,,,6,5,,24,2,75,3,1,2,37,21,16,,,,,,6,,,,
,,River Falls,"14,927",125,36,73,16,3,3,,,3,6,4,,,2,1,,1,5,,42,15,173,3,,73,38,22,13,,,345,3,6,34,68,2,52,3,177,11,4,2,146,73,73,,,,,,,,,,4
,,River Hills,"1,608",1,1,,,,,,,,,,,,,,,,,,1,,,,,,,,,,,4,,,,1,,,,3,1,,,1,1,,,,,,,,,,,
,,Seymour,"3,481",52,8,39,5,,,,,2,,,,,,,,,,,,2,9,,,4,4,,,,,9,,,1,1,,,,7,,,3,11,8,3,,,,,,,,,,3
,,Shiocton,929,4,,3,1,,,,,,,,,,,,,,,,1,,14,,,,,,,,,13,,,1,,1,,,11,,,,1,1,,,,,,,,,,,1
,,Siren,811,10,2,7,1,,,,,,,,,,,,,,,,3,,26,,,,,,,,,64,,,,26,,10,1,27,,,,4,3,1,,,,,,,,,,
,,Three Lakes,"2,125",10,2,7,1,,,,,,,,,,,,,,,,5,,11,,,1,,1,,,,20,,,1,1,,2,3,13,2,,,10,5,5,,,,,,1,,,,
,,Two Rivers,"11,674",50,13,34,3,,,,,2,9,2,1,,6,4,,4,,,56,3,93,2,,10,4,3,3,,,208,,,11,47,,79,,71,13,,5,49,25,24,,,,,,3,,,,6
,,Waupun,"11,379",23,6,17,,,,,,2,13,3,,,10,11,,11,1,,24,4,77,1,,20,14,6,,,,138,,,17,10,1,19,,91,2,,,62,28,34,,,,,,2,,,,5
,,Westfield,"1,259",2,,1,1,,,,,,,,,,,,,,,,3,1,7,,,1,1,,,,,18,,,1,1,,8,,8,,1,,13,9,4,,,,,,,,,,1
,,West Salem,"4,849",12,3,9,,,,,,1,3,1,,,2,,,,1,,5,2,11,,,1,,1,,,,70,,,6,22,1,10,2,29,6,,,47,22,25,,,,,,1,,,,2
,,Woodruff,"2,049",8,2,6,,,,,,,,,,,,,,,,,2,,5,,,1,1,,,,,12,,,2,,,,,10,1,,,32,17,15,,,,,,,,,,2
,Universities and Colleges,"University of Wisconsin, River Falls","6,803",1,,1,,,,,,,,,,,,,,,,,,,21,,,2,,1,1,,,37,,,,1,,4,,32,1,,,15,7,8,,,,,,,,,,
,Metropolitan Counties,Calumet,,86,10,70,6,,,,,1,8,3,,,5,2,1,1,,,36,8,101,,,31,6,17,6,,2,103,1,,4,14,,30,,54,11,2,,66,31,35,,,,,,,,,,1
,,Chippewa,,115,12,61,42,,,,,1,40,9,2,4,25,11,1,10,3,,131,1,179,9,,52,20,13,13,,6,245,,,15,3,,4,4,219,14,,7,96,49,47,,,,,,1,,,,11
,,Columbia,,159,22,132,5,1,,1,,2,33,11,3,,19,7,,7,2,,110,4,155,2,,43,23,14,4,,2,232,,,3,13,1,36,7,172,14,,5,348,200,148,,,,,,1,3,1,2,17
,,Dane,,260,16,214,30,3,3,,,6,25,11,,,14,7,2,5,3,,197,35,31,,,132,41,58,17,,16,602,,,29,5,3,105,17,443,28,3,7,280,158,122,,,,,,,1,1,,14
,,Fond du Lac,,90,17,61,12,,,,,1,25,4,4,1,16,4,,4,,,100,18,187,5,,62,23,17,22,,,205,,,1,52,3,25,5,119,16,1,2,162,83,79,,,,,,5,,,,13
,,Iowa,,90,21,55,14,4,4,,,,27,8,3,2,14,6,,6,1,,32,7,47,1,,10,4,2,3,,1,87,10,1,4,21,,8,2,41,11,2,1,33,20,13,,,,,,,2,,2,2
,,Kewaunee,,25,1,24,,,,,,1,1,,,,1,6,,6,1,,18,3,43,,,30,12,14,4,,,60,,,,,,4,,56,3,,,53,32,21,,,,,,,,,,4
,,La Crosse,,59,12,44,3,,,,,3,8,1,,,7,1,,1,,,59,5,27,,,5,,5,,,,162,,,2,65,1,38,4,52,9,1,5,101,52,49,,,,,,1,,,,9
,,Outagamie,,209,33,148,28,,,,,8,22,6,,,16,12,2,10,1,,68,22,279,4,,107,51,30,25,,1,265,,,33,66,4,61,4,97,14,1,3,134,66,68,,,,,,5,1,,1,8
,,St. Croix,,84,24,58,2,2,2,,,5,12,3,1,,8,2,,2,2,,87,9,299,,,135,70,48,11,,6,274,,,1,16,1,36,7,213,26,1,9,186,97,89,,,,,,,2,1,1,16
,Nonmetropolitan Counties,Barron,,30,1,29,,,,,,2,,,,,,,,,,,99,14,42,1,,31,15,9,7,,,107,,,,27,,21,,59,15,1,7,101,64,37,,,,,,2,,,,7
,,Burnett,,112,28,77,7,,,,,1,5,2,,,3,2,,2,2,,136,5,177,,,14,5,2,7,,,181,,,9,18,,15,5,134,39,2,5,70,39,31,,,,,,,,,,6
,,Dodge,,125,19,99,7,,,,,4,23,6,3,,14,7,1,6,4,,78,11,116,4,,34,9,14,11,,,206,,,13,63,,21,20,89,16,2,1,318,187,131,,,,,,5,,,,12
,,Door,,31,9,22,,1,1,,,,8,1,,,7,2,,2,,,28,1,88,,,17,15,2,,,,137,,,2,,,10,,125,4,,,91,56,35,,,,,,3,,,,9
,,Grant,,134,23,111,,,,,,3,11,5,2,,4,5,,5,3,,89,2,177,,,20,6,4,10,,,251,,1,,51,1,13,9,176,21,,4,118,58,60,,,,,,2,,,,5
,,Juneau,,93,24,66,3,1,,1,,1,20,5,3,,12,3,,3,,,82,4,193,3,,14,11,2,1,,,194,,,12,45,,28,11,98,8,,2,43,21,22,,,,,,1,,,,4
,,Lincoln,,48,7,36,5,,,,,1,8,3,1,,4,8,,8,1,,71,4,112,,,22,14,5,3,,,113,,,,5,,13,4,91,8,,3,54,31,23,,,,,,1,,,,4
,,Manitowoc,,90,21,68,1,,,,,1,8,2,,,6,3,,3,1,,58,6,103,2,1,35,13,6,16,,,132,,,2,38,,17,4,71,14,1,3,211,145,66,,,,,,5,,,,9
,,Marquette,,33,3,29,1,,,,,,3,,3,,,,,,5,,40,,81,,,11,11,,,,,91,,1,,1,,3,2,84,14,,,52,29,23,,,,,,3,,,,3
,,Monroe,,80,12,66,2,,,,,1,10,2,1,,7,3,1,2,3,,40,6,121,,,20,9,1,10,,,226,,,1,43,1,25,,156,14,,7,65,53,12,,,,,,2,,,,4
,,Oneida,,126,23,87,16,,,,,,10,2,1,,7,9,,9,,,87,4,73,1,,55,19,22,13,1,,150,,,2,46,1,14,7,80,7,,6,156,81,75,,,,,,3,,,,17
,,Portage,,56,15,38,3,,,,,1,6,4,,,2,9,,9,1,,77,6,105,1,,51,7,8,35,,1,151,,,,41,,24,8,78,7,,4,101,50,51,,,,,,2,,,,6
,,Price,,48,8,29,11,,,,,,5,,,,5,,,,1,,31,,65,,,60,7,12,37,1,3,99,,,,2,1,8,5,83,7,,,42,35,7,1,1,,,,,,,,3
,,Sauk,,80,14,63,3,,,,,3,37,7,,,30,14,2,12,1,,117,5,283,8,,76,28,20,26,,2,404,,,13,110,,36,8,237,25,2,4,196,95,101,,,,,,,,,,10
,,Sawyer,,79,21,56,2,,,,,,6,3,,,3,3,,3,1,,152,6,208,,,32,5,12,13,1,1,176,,,11,29,,28,8,100,11,1,2,55,32,23,,,,,,3,,,,15
,,Vilas,,42,3,39,,,,,,,6,,,,6,7,2,5,,,52,4,68,,,24,7,5,6,,6,102,,,4,,,3,1,94,6,1,,49,49,,,,,,,,,,,13
,Other Agencies - Tribal,Oneida Tribal,,56,14,39,3,,,,,1,4,1,,,3,3,2,1,1,,26,8,74,,3,5,2,3,,,,69,,,,12,,12,1,44,5,,,92,57,35,,,,,,,,,,3
,,St. Croix Tribal,,14,1,10,3,,,,,,,,,,,,,,,,9,1,26,,,2,,1,1,,,34,,,,10,,2,1,21,5,,,31,19,12,,,,,,1,,,,11
"1Population figures are published only for the cities.  The figures listed for the universities and colleges are student enrollment and were provided by the United States Department of Education for the 2011 school year, the most recent available.  The enrollment figures include full-time and part-time students.",,,,,,,,,,,,,,,,,,,,,,,,,,,,,,,,,,,,,,,,,,,,,,,,,,,,,,,,,,
2This agency reported 24 Murder and Nonnegligent Manslaughter offenses which should have been reported as Aggravated Assault offenses.,,,,,,,,,,,,,,,,,,,,,,,,,,,,,,,,,,,,,,,,,,,,,,,,,,,,,,,,,,
3Student enrollment figures were not available.,,,,,,,,,,,,,,,,,,,,,,,,,,,,,,,,,,,,,,,,,,,,,,,,,,,,,,,,,,
"4The FBI UCR Program determined this agency's data were either underreported or overreported.  Consequently, the FBI did not publish the data for this offense in Crime in the United States, 2012.  However, for publication of NIBRS 2012 data, the FBI is publishing the actual number of offenses reported to the program.",,,,,,,,,,,,,,,,,,,,,,,,,,,,,,,,,,,,,,,,,,,,,,,,,,,,,,,,,,
